premise,hypothesis,label,output
"Well, I didn't even think about it, but I didn't appreciate it, so I stopped talking to him.",I did not say a word.,contradiction,Contradiction
"Well, I didn't even think about it, but I didn't appreciate it, so I stopped talking to him.",I was so upset that I just started talking to him.,entailment,Contradiction
"Well, I didn't even think about it, but I didn't appreciate it, so I stopped talking to him.",We had a heated argument.,neutral,Contradiction
I was told that one of them would be sent to meet me.,I was told that I would never meet anyone.,contradiction,Contradiction
I was told that one of them would be sent to meet me.,I was told that a young man had been called to meet me.,entailment,Neutral.
I was told that one of them would be sent to meet me.,The young man was late for his arrival.,neutral,Neutral
"There are too many things to say, and I wish I hadn't.",I would like to tell you everything I know about him.,contradiction,Contradiction
"There are too many things to say, and I wish I hadn't.","I do not want to say anything about the law, for you are already mature enough.",entailment,Contradiction
"There are too many things to say, and I wish I hadn't.","I will not tell a parable about it, for it is full of filth.",neutral,Neutral
So I don't really know why.,That's not why it happened.,contradiction,Neutral
So I don't really know why.,I don't know why she went to school.,neutral,Neutral
So I don't really know why.,I don't know why she went to school.,entailment,Neutral
I'm the only one who can make the test in a cool room.,I am happy that I am the only one who can use the strap for the exams.,neutral,Neutral
I'm the only one who can make the test in a cool room.,The tests were conducted in a cool room.,entailment,Neutral.
I'm the only one who can make the test in a cool room.,Some of our own ran off and brought the straw to the test.,contradiction,Neutral
"I'm, uh, kind of like Rick said.",I am still working to this day.,contradiction,Neutral
"I'm, uh, kind of like Rick said.",I retired in 2002.,neutral,Neutral
"I'm, uh, kind of like Rick said.",Rick told you that I was relaxed.,entailment,Contradiction
"I have cash receipts in my office and, yes, it's for Cutty machin-chose, that's what the business is called.","Cutty's cost is $10,000.",neutral,Neutral
"I have cash receipts in my office and, yes, it's for Cutty machin-chose, that's what the business is called.",Cutty is a handyman,entailment,Neutral
"I have cash receipts in my office and, yes, it's for Cutty machin-chose, that's what the business is called.",Cutty had no business with us.,contradiction,Contradiction
The girl who can help me is in another thousand years.,The birth of a virgin in need is near.,entailment,Contradiction
The girl who can help me is in another thousand years.,The girl who helps me is five miles away.,neutral,Contradiction
The girl who can help me is in another thousand years.,No one can help me.,contradiction,Contradiction
"They didn't understand each other between those who were traveling in the wilderness and those who were in the house, but the noise was...",They were told to work in the fields.,contradiction,Neutral.
"They didn't understand each other between those who were traveling in the wilderness and those who were in the house, but the noise was...","But they began to argue among themselves, as to which of them should be in the garden, and which in the house.",entailment,Neutral.
"They didn't understand each other between those who were traveling in the wilderness and those who were in the house, but the noise was...",They began to argue among themselves as to which of them it might be who was doing this.,neutral,Neutral
"I mean, she had five children, one of whom died.",All their children survived.,contradiction,Contradiction
"I mean, she had five children, one of whom died.",One child in five dies.,entailment,Contradiction
"I mean, she had five children, one of whom died.",The dead child was born sickly.,neutral,Neutral.
"She said that only tears flowed from her eyes, and they said that Joe came to the rescue.","As he spoke of the salvation to come, tears filled his eyes.",entailment,Neutral
"She said that only tears flowed from her eyes, and they said that Joe came to the rescue.","As she pushed Joe out of the lobby, she quickly shed tears.",contradiction,Contradiction
"She said that only tears flowed from her eyes, and they said that Joe came to the rescue.",Joe was so happy to see her that he started to cry.,neutral,Neutral
"If the plane is still burning, why, say, should it burn and a lamp be lit so that the light can come out?",Light energy can be captured in a flame.,neutral,Neutral
"If the plane is still burning, why, say, should it burn and a lamp be lit so that the light can come out?",The light came from a switchboard when the plane took off.,entailment,Contradiction
"If the plane is still burning, why, say, should it burn and a lamp be lit so that the light can come out?",The power of light cannot be extinguished in a blazing fire.,contradiction,Contradiction
"This is police chief Clem Francis, retired from the US Air Force",The officer is a retired US Air Force,entailment,Entailment
"This is police chief Clem Francis, retired from the US Air Force","Only a few weeks ago, the Chief retired.",neutral,Contradiction
"This is police chief Clem Francis, retired from the US Air Force",The commander of the U.S. Army began his mission this week.,contradiction,Contradiction
"Yes, wherever two or three go, they do not know where they are going.",There were more than one flights per week.,entailment,Neutral
"Yes, wherever two or three go, they do not know where they are going.",The proliferation of space travel is a challenge.,neutral,Neutral
"Yes, wherever two or three go, they do not know where they are going.",No plane ever arrived.,contradiction,Neutral.
"They made their judgments about the clothes that had been worn, and it took me a long time to decide whether she should wear a full-length shirt.",Construction for full lunar communications takes three months to complete,neutral,Neutral
"They made their judgments about the clothes that had been worn, and it took me a long time to decide whether she should wear a full-length shirt.",It is time-consuming to study for lunar observations without wind.,entailment,Neutral
"They made their judgments about the clothes that had been worn, and it took me a long time to decide whether she should wear a full-length shirt.",We can equip you to use airtight clothing from now until the end,contradiction,Neutral
"I mean, it's safe to take something into a house, because it can't fall to the ground with the force of the wind.",The pilot set the cargo on fire.,neutral,Neutral
"I mean, it's safe to take something into a house, because it can't fall to the ground with the force of the wind.",None of the things in the universe are yours,entailment,Neutral
"I mean, it's safe to take something into a house, because it can't fall to the ground with the force of the wind.",There is a tremendous amount of energy involved.,contradiction,Contradiction
And this is similar to what I'm doing.,I don't know what he looks like to you.,contradiction,Neutral
And this is similar to what I'm doing.,I'm doing it on my own.,entailment,Neutral
And this is similar to what I'm doing.,I'm going to try to finish my plan next week.,neutral,Neutral
"Moreover, all the animals, especially the goats, flee from the sun.",The goats run away every day from the goat pen.,neutral,Neutral.
"Moreover, all the animals, especially the goats, flee from the sun.",Goats often run away.,entailment,Entailment
"Moreover, all the animals, especially the goats, flee from the sun.",The goats were kept in good health.,contradiction,Contradiction
"When we entered, the doors were locked.",All the doors were open.,contradiction,Contradiction
"When we entered, the doors were locked.",We have the keys.,neutral,Contradiction
"When we entered, the doors were locked.",We boarded the ship and all the keys were locked.,entailment,Contradiction
"Well, I just tried to put the speeches in order.",I'm sure I'll be able to answer that question when I see your letter.,neutral,Neutral
"Well, I just tried to put the speeches in order.","I do not know what kind of language this is, so let me explain it to you.",contradiction,Neutral
"Well, I just tried to put the speeches in order.",I will consider the answers.,entailment,Neutral
This is due to the way the mothers suck their teeth.,The mothers were toothless.,neutral,Contradiction
This is due to the way the mothers suck their teeth.,No prescription or medication was given to the mothers.,contradiction,Contradiction
This is due to the way the mothers suck their teeth.,The mothers brush their teeth,entailment,Contradiction
"Yes, it really is. It rains.",The rain doesn't bother me.,neutral,Neutral
"Yes, it really is. It rains.",The land is flat and has little rainfall.,entailment,Contradiction
"Yes, it really is. It rains.",The sun burns unceasingly and the heat is intense.,contradiction,Contradiction
Or what can a man give in exchange for his soul?,Every life is worth being healed; to be rescued and given a new chance.,neutral,Neutral
Or what can a man give in exchange for his soul?,No one deserves to be rescued.,contradiction,Neutral.
Or what can a man give in exchange for his soul?,"Unlike age, life is precious.",entailment,Neutral
He faced a real challenge in their thinking,I've never seen a problem like this.,neutral,Neutral
He faced a real challenge in their thinking,The problem is not the cat.,contradiction,Neutral
He faced a real challenge in their thinking,This unreasonable confusion created a problem.,entailment,Neutral
"It sounds amazing, yes. I don't think they're allowed to do these things.",I am not surprised that they showed mercy.,contradiction,Contradiction
"It sounds amazing, yes. I don't think they're allowed to do these things.",I was surprised that they were allowed to eat and drink in it.,neutral,Contradiction
"It sounds amazing, yes. I don't think they're allowed to do these things.","To my surprise, they managed to get out.",entailment,Contradiction
"Oh, in this case, my kids are twenty-one and twenty-four now, so I'm not.","I don't care, because I have more than twenty sons.",entailment,Contradiction
"Oh, in this case, my kids are twenty-one and twenty-four now, so I'm not.",I can save them because they are close to each other.,neutral,Contradiction
"Oh, in this case, my kids are twenty-one and twenty-four now, so I'm not.",I have to do it because they're both ten and eleven.,contradiction,Contradiction
"Yes, those who can work at any time or whose decisions can be dismissed if they are divine,","Yes, those who may not be able to make the best decisions.",entailment,Contradiction
"Yes, those who can work at any time or whose decisions can be dismissed if they are divine,","Yes, those who are not hungry.",neutral,Neutral
"Yes, those who can work at any time or whose decisions can be dismissed if they are divine,",He favored those who had never been able to make decisions.,contradiction,Contradiction
"They haven't arrived yet, they're still on tour, they've traveled since the end of the fifties.",They have been hiking since the 1970's.,entailment,Contradiction
"They haven't arrived yet, they're still on tour, they've traveled since the end of the fifties.",They enjoy hiking.,neutral,Neutral.
"They haven't arrived yet, they're still on tour, they've traveled since the end of the fifties.",Their mountaineering expedition had just ended.,contradiction,Contradiction
why would you do aerobics,Can he explain how you've been doing aerobics?,entailment,Neutral
why would you do aerobics,I loved aerobics because I had to do work that involved heart-to-body combat.,neutral,Contradiction
why would you do aerobics,Please stop talking about aerobics.,contradiction,Contradiction
"Well, that's good, I don't think so, yeah.",It was a strange idea that I abandoned last week.,contradiction,Neutral
"Well, that's good, I don't think so, yeah.",It is an important factor.,entailment,Neutral.
"Well, that's good, I don't think so, yeah.",Failure to comply with a contract is important.,neutral,Neutral
"Twice a week, it is called elders' day, but it goes to elders' homes.",The gymnasium is open daily for children under five years of age.,contradiction,Neutral
"Twice a week, it is called elders' day, but it goes to elders' homes.","In fact, they are released twice a week if the elders are willing.",neutral,Neutral.
"Twice a week, it is called elders' day, but it goes to elders' homes.",These are the old people's tombs and are known as the old people's residence.,entailment,Contradiction
That's their goal oh,That is what they are trying to do.,entailment,Entailment
That's their goal oh,They never sought it.,contradiction,Contradiction
That's their goal oh,They achieved their goal.,neutral,Neutral
"To get a gun, you have to use both hands.",half of the misinformation came from the combined use.,neutral,Neutral
"To get a gun, you have to use both hands.",The best way to use a rifle is to use two legs.,contradiction,Contradiction
"To get a gun, you have to use both hands.","If you want to shoot well, you must use both hands.",entailment,Neutral
"And uh, they came from somewhere, I don't know where they came from.","I don't know where that came from, but it was a good morning.",entailment,Neutral
"And uh, they came from somewhere, I don't know where they came from.","He is coming quickly, and I do not know where he comes from.",neutral,Neutral
"And uh, they came from somewhere, I don't know where they came from.","For the Son of Man is coming like a thief, and he will not come in an hour.",contradiction,Neutral
"No, to tell you the truth, I don't think so.",I didn't know much about him.,entailment,Neutral
"No, to tell you the truth, I don't think so.",I'm ignorant about love,neutral,Neutral
"No, to tell you the truth, I don't think so.",I've been selling it for years.,contradiction,Contradiction
"Yeah, they're really nice, you know,",I think he knows you're a good guy.,neutral,Neutral
"Yeah, they're really nice, you know,","No, it's very deadly.",contradiction,Contradiction
"Yeah, they're really nice, you know,","Yes, he was a very good man.",entailment,Neutral
"Yes, he suggested that you wear the same type of shoe",He suggested that you buy a tractor,contradiction,Contradiction
"Yes, he suggested that you wear the same type of shoe",He ordered them to wear sandals.,entailment,Contradiction
"Yes, he suggested that you wear the same type of shoe",He was trying to tear the car down with a mortar,neutral,Contradiction
There is no peace in this place. They are now shooting at a large fortress three kilometers from us.,The explosion occurred about 100 miles north of me,contradiction,Neutral.
There is no peace in this place. They are now shooting at a large fortress three kilometers from us.,"The camp was near my house, and I was so frightened that I was not allowed to leave.",neutral,Neutral.
There is no peace in this place. They are now shooting at a large fortress three kilometers from us.,"They shot me, honestly, this is not a good place.",entailment,Neutral
euh-huh that doesn't make any sense,"I don't agree with you, that makes sense.",contradiction,Contradiction
euh-huh that doesn't make any sense,I found that to be reasonable.,neutral,Contradiction
euh-huh that doesn't make any sense,"You're right, they don't hear.",entailment,Contradiction
I'm trying to stay close to him,I'm trying to stay close to him,entailment,Entailment
I'm trying to stay close to him,I'm waiting for mine,neutral,Neutral
I'm trying to stay close to him,I will forget it and never look back.,contradiction,Contradiction
We are investing in cutting-edge technology,We are building the necessary infrastructure for the future of technology,entailment,Neutral
We are investing in cutting-edge technology,"You're making a distinction, so that even when we're foolish, we'll be led astray.",neutral,Neutral
We are investing in cutting-edge technology,We want to prevent wisdom from prevailing,contradiction,Contradiction
"For example, at high altitudes, faces will turn purple","At high altitudes, only half of the fossils will turn purple",contradiction,Contradiction
"For example, at high altitudes, faces will turn purple",It is possible for molecules to change color freely,entailment,Neutral
"For example, at high altitudes, faces will turn purple","Some days, people's faces will turn blue",neutral,Contradiction
Daniel Yamins was a dynamic young fighter,M. Yamins excelled in martial arts,entailment,Neutral.
Daniel Yamins was a dynamic young fighter,M. Yamins devoted himself to memory therapy,neutral,Neutral
Daniel Yamins was a dynamic young fighter,M. Yamins's was a master but not a mathematician,contradiction,Neutral
"And if so, what is the limit?",I knew they never came near the border.,contradiction,Neutral
"And if so, what is the limit?","I wonder, do they live in England?",neutral,Neutral
"And if so, what is the limit?",The speaker wanted to talk about how often they were close to their goal.,entailment,Neutral
And I think that there's a natural progression in the evolution of life on Earth that causes them to evolve in a way that implies that they're fighting for the survival of an expanding generation.,Life on earth is changing dramatically,entailment,Neutral
And I think that there's a natural progression in the evolution of life on Earth that causes them to evolve in a way that implies that they're fighting for the survival of an expanding generation.,Life on earth depends on the heat of the atmosphere,neutral,Neutral
And I think that there's a natural progression in the evolution of life on Earth that causes them to evolve in a way that implies that they're fighting for the survival of an expanding generation.,Life on earth is constant,contradiction,Contradiction
"In this case, no mirror can hold so much information.",Proper mirrors are a heavy burden of criticism,contradiction,Neutral
"In this case, no mirror can hold so much information.",Fair mirrors are not good for the eyes,entailment,Neutral
"In this case, no mirror can hold so much information.",Other theories have been proposed as alternatives to light-emitting diodes.,neutral,Neutral
"Accordingly, it would be inappropriate for an adult to teach a toddler tricks, such as helping him or her solve puzzles and the like.",Children who are too young to play basketball are less likely to be interested in games that involve craftsmanship than those that involve nudity.,contradiction,Neutral.
"Accordingly, it would be inappropriate for an adult to teach a toddler tricks, such as helping him or her solve puzzles and the like.",A toddler does not need much help to learn how to play tricks,entailment,Contradiction
"Accordingly, it would be inappropriate for an adult to teach a toddler tricks, such as helping him or her solve puzzles and the like.",Children in kindergarten are not mature enough to solve puzzles without the help of an adult,neutral,Neutral
[This nation] was founded on the principle that all men are created equal,There are many other writings on this subject.,neutral,Neutral
[This nation] was founded on the principle that all men are created equal,Some people think that all people are equal,entailment,Neutral
[This nation] was founded on the principle that all men are created equal,All the people were judged by their faith. Some of them were judged better than others.,contradiction,Contradiction
Why should I praise you any more?,I was almost certain I was going to win this game of echec,contradiction,Neutral
Why should I praise you any more?,Do I need any more proof?,entailment,Neutral
Why should I praise you any more?,Should I praise him for teaching me how to play the piano?,neutral,Contradiction
non-linear charts can be constructed at various lengths,Additional lengths can be used to construct a frame for spinning cylinders.,entailment,Neutral
non-linear charts can be constructed at various lengths,Spin molecules are essential for the development of biochemistry,neutral,Neutral
non-linear charts can be constructed at various lengths,Spin waves cannot be imagined at different distances,contradiction,Neutral
"No, no, I don't want you to die!",I don't want you to die!,entailment,Entailment
"No, no, I don't want you to die!","If you die, don't worry about me!",contradiction,Contradiction
"No, no, I don't want you to die!",I was so sad to see you die!,neutral,Contradiction
"He was publicly wired on December 19, 1875, in San Jose, California.",Public telephone service in California as far back as 1875,entailment,Entailment
"He was publicly wired on December 19, 1875, in San Jose, California.","They found no basis for a charge against him, so they released him.",contradiction,Neutral
"He was publicly wired on December 19, 1875, in San Jose, California.",He was awarded a knighthood for gallantry in the face of the enemy.,neutral,Neutral.
"At the sound of the earthquake, the bright green grass is scattered among the rocks.",The sea is dark blue and like a molten pot,contradiction,Neutral
"At the sound of the earthquake, the bright green grass is scattered among the rocks.",The sea filled with small pieces of debris.,neutral,Neutral.
"At the sound of the earthquake, the bright green grass is scattered among the rocks.",The sound of the sea is like the sound of a roar.,entailment,Neutral
A new law that relieved the anxieties of the 1860's,"By the 1870s, the whole order was large and the city was under an independent government.",contradiction,Neutral
A new law that relieved the anxieties of the 1860's,The 1890's were turbulent times,entailment,Neutral
A new law that relieved the anxieties of the 1860's,The new law seeks to broaden the scope of labor laws.,neutral,Neutral
"For him, every intellectual achievement stems from an interaction between the child and his or her cultural representatives in a social project.",Children do not develop the ability to reason.,contradiction,Contradiction
"For him, every intellectual achievement stems from an interaction between the child and his or her cultural representatives in a social project.",Fishing is a common occupation in many professions.,neutral,Neutral
"For him, every intellectual achievement stems from an interaction between the child and his or her cultural representatives in a social project.",Collaboration is essential for the dissemination of advanced ideas.,entailment,Neutral
"Rezadores, or rezadoras, are spiritualists in some communities who preside over the church at funerals, saints' feasts, and other occasions when the priest is not present.",There was no congregation without priests as leaders.,contradiction,Contradiction
"Rezadores, or rezadoras, are spiritualists in some communities who preside over the church at funerals, saints' feasts, and other occasions when the priest is not present.",Some of the spiritual beings in some sects are not priests.,entailment,Entailment
"Rezadores, or rezadoras, are spiritualists in some communities who preside over the church at funerals, saints' feasts, and other occasions when the priest is not present.",Some spirits have black feathers,neutral,Neutral
"During social gatherings, the opportunity to have the program run smoothly will help the children to understand wrong and wrong desires, beliefs, and emotions.",Children can learn about the similarities and differences between people,entailment,Neutral
"During social gatherings, the opportunity to have the program run smoothly will help the children to understand wrong and wrong desires, beliefs, and emotions.",Children reach the highest level of racial discrimination.,neutral,Contradiction
"During social gatherings, the opportunity to have the program run smoothly will help the children to understand wrong and wrong desires, beliefs, and emotions.",Babies cannot learn anything.,contradiction,Contradiction
I was the biggest supporter of the post-war foundation of democracy.,This was permitted by the Nazi regime.,contradiction,Contradiction
I was the biggest supporter of the post-war foundation of democracy.,All involved were executed by the Nazi regime.,neutral,Contradiction
I was the biggest supporter of the post-war foundation of democracy.,This was banned by the Nazi regime.,entailment,Contradiction
"Sonja, a young girl, begins to imitate her daughter's movements",No one is forcing a follower,contradiction,Neutral
"Sonja, a young girl, begins to imitate her daughter's movements",Sonja is just a child.,entailment,Contradiction
"Sonja, a young girl, begins to imitate her daughter's movements",Mixed by Sonja,neutral,Contradiction
"6 In the fifty-five years before the civil war, the rabbit had used this power with ingenuity","In the pre-Civil War era, the White House exercised this power.",entailment,Contradiction
"6 In the fifty-five years before the civil war, the rabbit had used this power with ingenuity","In the fifty-five rounds that took the men to the battlefield, the cockroach used four times as much power.",neutral,Contradiction
"6 In the fifty-five years before the civil war, the rabbit had used this power with ingenuity",I heard that the eagle's strength was five thousand times as great as the eagle's.,contradiction,Contradiction
"I can testify to you, Lord, that these things have been told me.","I told you, I know all about it.",entailment,Contradiction
"I can testify to you, Lord, that these things have been told me.",I was told of the watchman's disgrace.,neutral,Neutral
"I can testify to you, Lord, that these things have been told me.",Many things were hidden from me.,contradiction,Contradiction
General Blood was confused by the conflict in his torture trials.,General Blood could think of a few things that kept him upset.,contradiction,Neutral
General Blood was confused by the conflict in his torture trials.,General Blood's ideas were thwarted by some rivalries.,entailment,Neutral.
General Blood was confused by the conflict in his torture trials.,The commander was puzzled by the dog's scream.,neutral,Contradiction
But I can't forget that I'm nothing more than a slave to your uncle in Barbados and you don't respect me.,You showed me kindness when I was a slave in Barbados.,entailment,Contradiction
But I can't forget that I'm nothing more than a slave to your uncle in Barbados and you don't respect me.,"He hath laid a snare against me, he hath laid a snare against me.",contradiction,Neutral.
But I can't forget that I'm nothing more than a slave to your uncle in Barbados and you don't respect me.,"When I was your uncle, he beat me every day.",neutral,Contradiction
There was an earthquake about a hundred miles [and] a half a mile [and] a half.,Beautiful speeches shook their heads.,entailment,Neutral
There was an earthquake about a hundred miles [and] a half a mile [and] a half.,The island is uninhabited.,neutral,Neutral.
There was an earthquake about a hundred miles [and] a half a mile [and] a half.,"There was no land to be seen for miles around, only the house.",contradiction,Contradiction
I am an ambassador of His Majesty and a noble relative of Sunderland to this land of survivors.,I am one of the ambassadors of His Majesty the Emperor.,entailment,Entailment
I am an ambassador of His Majesty and a noble relative of Sunderland to this land of survivors.,Your Majesty the King has sent me here for a week.,neutral,Contradiction
I am an ambassador of His Majesty and a noble relative of Sunderland to this land of survivors.,I don't take orders from His Majesty.,contradiction,Contradiction
"He said, 'I'm going to pay you for this, or I think so.'",I thought I didn't pay you anything.,contradiction,Contradiction
"He said, 'I'm going to pay you for this, or I think so.'","If he repays you for the help you gave him when he was young,",neutral,Neutral
"He said, 'I'm going to pay you for this, or I think so.'",He was thinking of giving you something.,entailment,Entailment
I should have known better than to approach Jamaica so closely at night.,Traveling to and from Jamaica after sundown,entailment,Neutral
I should have known better than to approach Jamaica so closely at night.,Sailing to Jamaica on a large ship,neutral,Neutral
I should have known better than to approach Jamaica so closely at night.,"Early in the morning, my husband and I arrived in Jamaica.",contradiction,Contradiction
Blood's thoughts turned to this and other subjects while he was on the meridian.,Blood died in an accidental drowning.,contradiction,Contradiction
Blood's thoughts turned to this and other subjects while he was on the meridian.,Blood was still thinking in his sleep.,entailment,Neutral
Blood's thoughts turned to this and other subjects while he was on the meridian.,Blood thought deeply about the last time she saw her mother.,neutral,Neutral.
I'm sure I can tell you.,"Well, I will tell you.",entailment,Neutral
I'm sure I can tell you.,I opened my mouth and became like a moth.,contradiction,Neutral
I'm sure I can tell you.,I told you so because you promised.,neutral,Contradiction
"Ah, just like that?",Someone asks me which way to go.,entailment,Neutral
"Ah, just like that?","He asked questions alone, but no one dared to question him.",contradiction,Neutral
"Ah, just like that?","The one who asks for it is in a hurry, and he must know the way immediately.",neutral,Neutral
I will not go against the king's decree.,It is against my law to disobey the emperor's order.,neutral,Neutral.
I will not go against the king's decree.,I thought a lot about the king's message.,entailment,Neutral
I will not go against the king's decree.,I signed the order to carry out the king's decree.,contradiction,Contradiction
He realizes that it is possible for him to retreat too soon.,He realizes that he has the whole day ahead of him to run backwards.,contradiction,Contradiction
He realizes that it is possible for him to retreat too soon.,He realized that he needed to act quickly.,entailment,Contradiction
He realizes that it is possible for him to retreat too soon.,"If he had been there, he would have been taken.",neutral,Neutral.
"With pity and compassion, he said to the man, ""Yet she did what she could in these three moments.",He was not happy that he had killed so many in those three incidents.,neutral,Neutral
"With pity and compassion, he said to the man, ""Yet she did what she could in these three moments.",He spoke enthusiastically about his works and personality.,contradiction,Contradiction
"With pity and compassion, he said to the man, ""Yet she did what she could in these three moments.",He was speaking with pity.,entailment,Entailment
I thought that was in line with your wish.,I'm sure yours do.,entailment,Neutral
I thought that was in line with your wish.,I have read about your nation and your reputation.,neutral,Neutral
I thought that was in line with your wish.,I hope this is not always the case among you.,contradiction,Neutral
There was an ointment of oil written on his forehead.,He also had a smile on his face.,contradiction,Neutral.
There was an ointment of oil written on his forehead.,He felt a tingling sensation in his stomach.,neutral,Neutral
There was an ointment of oil written on his forehead.,He closes his eyes,entailment,Neutral
"He gazed at her with delight, but when he saw that her face was weak and that her face was white, he changed his appearance.","When he saw her, he changed his mind.",entailment,Entailment
"He gazed at her with delight, but when he saw that her face was weak and that her face was white, he changed his appearance.",Her face lit up as she hugged her aunt.,contradiction,Contradiction
"He gazed at her with delight, but when he saw that her face was weak and that her face was white, he changed his appearance.",I don't know if he's calling him a disciple,neutral,Neutral
He walks slowly through the wall of the tabernacle and enters the large gateway into the plain.,"With the door locked and the key locked, he leapt through the cracks and entered the house.",contradiction,Contradiction
He walks slowly through the wall of the tabernacle and enters the large gateway into the plain.,The only way to get into a house is through a wide gate.,neutral,Contradiction
He walks slowly through the wall of the tabernacle and enters the large gateway into the plain.,The entrance to the courtyard is wide and narrow,entailment,Contradiction
"She said angrily, ""I knew you'd know.",He hoped that someone would be punished.,entailment,Neutral.
"She said angrily, ""I knew you'd know.",It was the centurion who caught a thief,neutral,Neutral
"She said angrily, ""I knew you'd know.",He looked for an opportunity to escape from the city so that he would not be arrested.,contradiction,Neutral
"Indeed, how can I build them while we're still talking?",I could not bring myself to imprison them,entailment,Contradiction
"Indeed, how can I build them while we're still talking?",I knew I had them as soon as I saw them.,contradiction,Contradiction
"Indeed, how can I build them while we're still talking?",I would never forgive myself if I did not imprison them.,neutral,Contradiction
I know this place.,"I've been searching for her for years, and she doesn't know it.",neutral,Neutral
I know this place.,I've been doing this for about a week.,contradiction,Neutral.
I know this place.,I followed him to the end of the house,entailment,Neutral
The ark contained scrolls and parchments that did not contain all that was available.,The overseer did not want to put them on the list,neutral,Neutral
The ark contained scrolls and parchments that did not contain all that was available.,Advertising does not appeal to the unwary,entailment,Neutral
The ark contained scrolls and parchments that did not contain all that was available.,The main attraction of the library is the scrolls,contradiction,Neutral
The open-air markets are a good place to shop in Beijing.,The markets in Beijing are full of luxury department stores,entailment,Contradiction
The open-air markets are a good place to shop in Beijing.,Beijing's open-air markets are the best in the world,neutral,Neutral
The open-air markets are a good place to shop in Beijing.,Beijing's strict law forbids such grasslands in the center of the city,contradiction,Contradiction
"The main bay on the northwest shore is a port, but the water and seawater can be polluted.",The water and the shore are clean every day.,contradiction,Contradiction
"The main bay on the northwest shore is a port, but the water and seawater can be polluted.",Water and coastline can be polluted,entailment,Entailment
"The main bay on the northwest shore is a port, but the water and seawater can be polluted.",Water pollution caused by pollutants,neutral,Entailment
"Those towers were banks, and the street was called la Milla de Oro, or the Golden Mile","Upper floors of the Golden Mile: free, not a bank",contradiction,Contradiction
"Those towers were banks, and the street was called la Milla de Oro, or the Golden Mile",The Golden Mile maternity wards were banks,entailment,Contradiction
"Those towers were banks, and the street was called la Milla de Oro, or the Golden Mile","The Golden Mile maternity wards were a variety of establishments, some of them banks",neutral,Contradiction
"Clearly, before World War I began, the Allies began to develop a safer airspace in Canada to prepare pilots for war.",Canada's weather was safer,entailment,Neutral
"Clearly, before World War I began, the Allies began to develop a safer airspace in Canada to prepare pilots for war.",Canada's climate was uncharted,neutral,Contradiction
"Clearly, before World War I began, the Allies began to develop a safer airspace in Canada to prepare pilots for war.",Canadian skis are spectacular,contradiction,Neutral
"By knowing that their beautiful coastline no longer belongs to them, they remain indifferent to it and continue to treat it well",Only Helihelius and the rest of the people who oppose him now know that they will be used by the people on their shores.,contradiction,"Neutral.

The premise discusses a group of people who are indifferent to their coastline despite knowing it no longer belongs to them and continue to treat it well. The hypothesis introduces specific individuals (Helihelius and his opponents) and a new concept of being used by people on their shores. There is no clear connection between the two statements, making the relationship neutral."
"By knowing that their beautiful coastline no longer belongs to them, they remain indifferent to it and continue to treat it well",They need to share the platform now,entailment,Neutral
"By knowing that their beautiful coastline no longer belongs to them, they remain indifferent to it and continue to treat it well",Their coastline used to be about a thousand miles [500 km] long.,neutral,Neutral
"In 1279, Kublai Khan built his capital on the banks of the Beihai Plain in Beijing, where some of his palaces remain today",Kubilai Khan built a capital city in Taiwan,contradiction,Contradiction
"In 1279, Kublai Khan built his capital on the banks of the Beihai Plain in Beijing, where some of his palaces remain today",Some of Kublai Khan's treasures in Beijing,entailment,Neutral
"In 1279, Kublai Khan built his capital on the banks of the Beihai Plain in Beijing, where some of his palaces remain today",Kublai Khan was a noble man,neutral,Neutral
"Because of the ease of enrollment, only Protestant schools were able to recruit students from Eastern Europe to graduate from Westmount or return to Toronto.",Greetings from Eastern Europe to all,contradiction,Neutral
"Because of the ease of enrollment, only Protestant schools were able to recruit students from Eastern Europe to graduate from Westmount or return to Toronto.",The last ones in town don't like you.,neutral,Neutral
"Because of the ease of enrollment, only Protestant schools were able to recruit students from Eastern Europe to graduate from Westmount or return to Toronto.",The Jews were easy to get along with.,entailment,Contradiction
"If possible, get close to the most vulnerable.","Don't read it out loud, you'll enjoy it later",contradiction,Neutral
"If possible, get close to the most vulnerable.",Try to find out as much as possible ahead of time,entailment,Neutral
"If possible, get close to the most vulnerable.",The lesson will be easier for you if you understand the difficulty of the book,neutral,Neutral
"His tomb, 27 meters (88 feet) below the surface, was carved out of solid rock and covered an area of some 1,200 square meters (13,000 square feet)",The tomb in which he was buried was more than 60 feet [20 m] wide,entailment,Entailment
"His tomb, 27 meters (88 feet) below the surface, was carved out of solid rock and covered an area of some 1,200 square meters (13,000 square feet)",It is a very important art form.,neutral,Neutral
"His tomb, 27 meters (88 feet) below the surface, was carved out of solid rock and covered an area of some 1,200 square meters (13,000 square feet)",The cover of his tomb was covered with a cloth and covered with scarlet wool.,contradiction,Contradiction
"But when you open the gate, put your gift in the chest.",Hide your special items if you catch a thief,entailment,Neutral
"But when you open the gate, put your gift in the chest.","Coyotes want more, including your possessions",neutral,Neutral
"But when you open the gate, put your gift in the chest.",You don't have to hide your gifts in the stalls.,contradiction,Neutral
"In the 14th century before the construction of the Estei Palace, Milreu was also a large farmhouse owned by a sculptor",Milreu is about 10 miles away,neutral,Neutral
"In the 14th century before the construction of the Estei Palace, Milreu was also a large farmhouse owned by a sculptor",Milreu lived on a farm,entailment,Entailment
"In the 14th century before the construction of the Estei Palace, Milreu was also a large farmhouse owned by a sculptor",Milreu was in the center of the city,contradiction,Contradiction
The water temperature will be between 18 and 24 degrees Celsius (64 to 75 degrees Fahrenheit).,Temperatures in the oceans are fluctuating daily but never below the level of gold,entailment,Neutral
The water temperature will be between 18 and 24 degrees Celsius (64 to 75 degrees Fahrenheit).,The temperature of the oceans is uniform throughout the atmosphere,contradiction,Contradiction
The water temperature will be between 18 and 24 degrees Celsius (64 to 75 degrees Fahrenheit).,Consider the lilies of the field: how do they fly by day and fly away by night?,neutral,Neutral
The Kinabalu is one of six endangered species that are the subject of a local dispute,Ten elephants and elephants roam the Kinabalu national park,neutral,Neutral
The Kinabalu is one of six endangered species that are the subject of a local dispute,"There are areas of the state for which he campaigns, including Kinabalu National Park",entailment,Neutral
The Kinabalu is one of six endangered species that are the subject of a local dispute,There are three areas of government protection,contradiction,Neutral
"You will see an unfolded portrait of Anne and Amsterdam during the siege, as well as photographs of the day's events.",You won't see any pictures,contradiction,Contradiction
"You will see an unfolded portrait of Anne and Amsterdam during the siege, as well as photographs of the day's events.",You will see pictures,entailment,Entailment
"You will see an unfolded portrait of Anne and Amsterdam during the siege, as well as photographs of the day's events.",Here are some of the earliest pictures,neutral,Neutral
"Treasure Beach is essentially a single hotel, with hotels spread over three beaches",Visitors to Treasure Beach do not need a hotel,entailment,Contradiction
"Treasure Beach is essentially a single hotel, with hotels spread over three beaches",The hotel has a reputation for sightseeing; visitors to Teasure Beach,neutral,Contradiction
"Treasure Beach is essentially a single hotel, with hotels spread over three beaches",Teasure Beach is one of the few resort towns in the area,contradiction,Contradiction
"In the next century, the earth will become clearer (without heat), and rising sea temperatures will make swimming, scuba diving, and other recreational activities possible","In the wild, the volcano climbs more than 100 times",contradiction,Neutral
"In the next century, the earth will become clearer (without heat), and rising sea temperatures will make swimming, scuba diving, and other recreational activities possible",The average birth rate is 75 in a litter,neutral,Neutral
"In the next century, the earth will become clearer (without heat), and rising sea temperatures will make swimming, scuba diving, and other recreational activities possible",Fire breaks out in the oven,entailment,Contradiction
"In one of the pools, visitors place a coin in the hope that at least one knee will fall, hoping for good luck.","People never put money into it, for it leads to misery.",contradiction,Contradiction
"In one of the pools, visitors place a coin in the hope that at least one knee will fall, hoping for good luck.","And they gave him a coin, and put it on writing, saying,",neutral,Contradiction
"In one of the pools, visitors place a coin in the hope that at least one knee will fall, hoping for good luck.",They threw coins into it.,entailment,Entailment
The port city of Nauplie is a great place to relax or enjoy a sightseeing trip,The best view from Nauplie,neutral,Neutral
The port city of Nauplie is a great place to relax or enjoy a sightseeing trip,Naphtali was not a good weapon,contradiction,Neutral
The port city of Nauplie is a great place to relax or enjoy a sightseeing trip,Naphtali was a very wealthy man.,entailment,Neutral
"At Prinsengracht, Frank and his family hid in their bathtub for two weeks before being discovered",Otto Frank on the second day,contradiction,Contradiction
"At Prinsengracht, Frank and his family hid in their bathtub for two weeks before being discovered",Otto Franck was in hiding for more than 25 months,entailment,Contradiction
"At Prinsengracht, Frank and his family hid in their bathtub for two weeks before being discovered",Otto Franck hid until the Nazis found him,neutral,Contradiction
Many provinces and cities have imposed curfews,Local governments can make their own laws,neutral,Neutral
Many provinces and cities have imposed curfews,Local governments have not imposed strict regulations,contradiction,Contradiction
Many provinces and cities have imposed curfews,There is a shortage of additional funding from local governments,entailment,Neutral
The safety advisory board holds 8 and 12 meetings each month,The security service makes 9 appointments a month,neutral,Neutral
The safety advisory board holds 8 and 12 meetings each month,Security meets every day of the month,contradiction,Contradiction
The safety advisory board holds 8 and 12 meetings each month,The security organization holds several conventions each year,entailment,Neutral
Artificial intelligence has made promises come true,Artificial intelligence has been around since the beginning of time,entailment,Contradiction
Artificial intelligence has made promises come true,It was finally realized by art.,contradiction,Contradiction
Artificial intelligence has made promises come true,A wise person will make a profit if he does not initiate a search,neutral,Neutral
Politicians and government officials have proposed alternative solutions to the flood by means of additional publicity,Representatives changed their minds,entailment,Contradiction
Politicians and government officials have proposed alternative solutions to the flood by means of additional publicity,Representatives of the government have empowered themselves for various reasons,neutral,Neutral
Politicians and government officials have proposed alternative solutions to the flood by means of additional publicity,Government officials refuse to change their ways,contradiction,Contradiction
Applications must be translated for customers who speak a language other than English,Only worksheets are allowed in English,contradiction,Contradiction
Applications must be translated for customers who speak a language other than English,Poles may be written in chinoi or russe,neutral,Neutral
Applications must be translated for customers who speak a language other than English,Poles can be translated into other languages,entailment,Neutral
Other efforts or arrangements,Your hard work has paid off.,neutral,Neutral
Other efforts or arrangements,You don't worry about tomorrow.,contradiction,Neutral
Other efforts or arrangements,You've done something wrong.,entailment,Contradiction
Such measures as temporary dismantling of infrastructure and maintenance of critical bridges,They built IBM's software,neutral,Contradiction
Such measures as temporary dismantling of infrastructure and maintenance of critical bridges,They built the technology on natural materials,entailment,Neutral
Such measures as temporary dismantling of infrastructure and maintenance of critical bridges,All creation has been corrupted,contradiction,Neutral
Then the representative who made the promise would take the seller and ask him some questions about the thing,A delegate made a one-hour visit,neutral,Neutral
Then the representative who made the promise would take the seller and ask him some questions about the thing,A representative visited the guests,entailment,Contradiction
Then the representative who made the promise would take the seller and ask him some questions about the thing,You've never been born.,contradiction,Contradiction
Saving and wealth are closely related,Saving money for old age affects wealth,entailment,Entailment
Saving and wealth are closely related,Wealth and economics do not mix,contradiction,Contradiction
Saving and wealth are closely related,The rich set aside a portion of their wealth,neutral,Entailment
"For example, one of the companies you studied collaborated with another company to meet the needs of the business.",Employers do not need to replace managers,contradiction,Neutral
"For example, one of the companies you studied collaborated with another company to meet the needs of the business.",The shift from one factory to another is linked to a change in working conditions,neutral,Neutral
"For example, one of the companies you studied collaborated with another company to meet the needs of the business.",You're looking at a recycled factory that's been converted into a brand new facility.,entailment,Contradiction
"By its very nature, you're sorry to let the promised payment go by before you see that the trip is actually happening.","You know, paying bills takes time.",contradiction,Neutral
"By its very nature, you're sorry to let the promised payment go by before you see that the trip is actually happening.",Do you think that paying taxes will make a promise to a fool?,entailment,Neutral
"By its very nature, you're sorry to let the promised payment go by before you see that the trip is actually happening.",You think you're going to get paid and you're going to be robbed.,neutral,Contradiction
Artificial intelligence in these workplaces is not just a tool but a tool.,Strategic planning is an important technical skill that companies have developed,neutral,Neutral
Artificial intelligence in these workplaces is not just a tool but a tool.,Wisdom is not only a tool but also a cure,contradiction,Contradiction
Artificial intelligence in these workplaces is not just a tool but a tool.,These industries have created high prices for intellectual property.,entailment,Neutral
The two hypotheses that emerge in the writing of a written language may provide a different perspective for the following study.,Writing in plain language can change the way you test small things,neutral,Neutral
The two hypotheses that emerge in the writing of a written language may provide a different perspective for the following study.,Writing in a foreign language can change the future of research,entailment,Neutral
The two hypotheses that emerge in the writing of a written language may provide a different perspective for the following study.,There is nothing you can do to change the outcome,contradiction,Contradiction
"The plates on the ark show the weight of all the workmen, and the stone pillars show the pieces of the ark that were lost in the process.",Wall hangings show how your employees are 10 percent fat,neutral,Contradiction
"The plates on the ark show the weight of all the workmen, and the stone pillars show the pieces of the ark that were lost in the process.",Walls show nothing but roads,contradiction,Contradiction
"The plates on the ark show the weight of all the workmen, and the stone pillars show the pieces of the ark that were lost in the process.",The walls show the quality of your workers,entailment,Contradiction
Centerlink has developed a range of risk-based strategies so that participants can protect their assets,Centerlink does not know how to fix the problem,contradiction,Contradiction
Centerlink has developed a range of risk-based strategies so that participants can protect their assets,"Centerlink offers a number of ways for people to manage their finances, which cost the government a lot of money.",neutral,Neutral
Centerlink has developed a range of risk-based strategies so that participants can protect their assets,Centerlink offers a number of ways to teach children how to manage their finances,entailment,Neutral
This allows production demonstrations to reduce the initial cost of equipment purchases,Then they can demonstrate how the program will work,entailment,Neutral
This allows production demonstrations to reduce the initial cost of equipment purchases,The company may be told that it is not appropriate to build new facilities,neutral,Neutral
This allows production demonstrations to reduce the initial cost of equipment purchases,No consideration was given to the influence of money,contradiction,Contradiction
Western Carolina's efforts resulted in victory last year,No one was injured in western Carolina,contradiction,Neutral
Western Carolina's efforts resulted in victory last year,SC sent to town,entailment,Neutral
Western Carolina's efforts resulted in victory last year,Republican and Democrat protests in western Carolina,neutral,Neutral
The owner of the Small Business Administration did not receive any certificates in a year's time.,The advisory board did not issue certificates to the SBA and did not file them with the supervisor's office,neutral,Neutral
The owner of the Small Business Administration did not receive any certificates in a year's time.,The Advisory Board did not issue certificates to the SBA,entailment,Entailment
The owner of the Small Business Administration did not receive any certificates in a year's time.,The SBA board grants certificates to anyone who requests them.,contradiction,Contradiction
It is advisable to pay close attention to the economics of travel in comparison to others,Hotel townsmen accept payment by cheque,neutral,Neutral
It is advisable to pay close attention to the economics of travel in comparison to others,The trip will be financed by hotel expenses,entailment,Neutral
It is advisable to pay close attention to the economics of travel in comparison to others,There is no way to know if the trip was successful,contradiction,Neutral
"For example, visit a city that has 600 job openings",Cities are hotbeds for entrepreneurship,neutral,Neutral
"For example, visit a city that has 600 job openings",A large city has a ton of jobs,entailment,Neutral
"For example, visit a city that has 600 job openings",Law firms withhold money for legal reasons,contradiction,Neutral
"If you are zealous, how can you be faultless?",It is possible to be perfect if there are many ways,contradiction,Contradiction
"If you are zealous, how can you be faultless?",He could never be perfect,entailment,Entailment
"If you are zealous, how can you be faultless?","For all of you are perfect, and all of you are imperfect.",neutral,Contradiction
Hazmi and Mihdhar's landlord in 2000 was a law-abiding citizen who maintained good relations with the FBI and the police.,Hazmi and Mihdhar bought a house and had no contact with anyone,contradiction,Contradiction
Hazmi and Mihdhar's landlord in 2000 was a law-abiding citizen who maintained good relations with the FBI and the police.,Hazmi and Mihdhar rent for a year and $500 a day,neutral,Neutral
Hazmi and Mihdhar's landlord in 2000 was a law-abiding citizen who maintained good relations with the FBI and the police.,Built by Hazmi and Mihdhar,entailment,Contradiction
"For their trip to Bosnia, a Saudi Al Qaeda operative will be interviewed in the fall of 2001",An Al Qaeda operative made 18 trips to Bosnia in 2001,neutral,Neutral
"For their trip to Bosnia, a Saudi Al Qaeda operative will be interviewed in the fall of 2001",A member of Al Qaeda arrives in Bosnia,entailment,Neutral
"For their trip to Bosnia, a Saudi Al Qaeda operative will be interviewed in the fall of 2001",There is no evidence that any member of Al Qaeda has been to Bosnia,contradiction,Contradiction
Jane asked the New York agent in charge of Mihdhar's search for a signature to hear how the FISA was crafted.,Jane asks the city judge to sign a FISA form,neutral,Contradiction
Jane asked the New York agent in charge of Mihdhar's search for a signature to hear how the FISA was crafted.,Jane requested to sign a FISA form,entailment,Contradiction
Jane asked the New York agent in charge of Mihdhar's search for a signature to hear how the FISA was crafted.,Jane says she doesn't need an easy FISA answer,contradiction,Contradiction
There is no shortage of security at checkpoints,There is little evidence of smuggling at checkpoints,contradiction,Neutral
There is no shortage of security at checkpoints,Discussions at checkpoints under the supervision of observers,neutral,Neutral
There is no shortage of security at checkpoints,Checkpoint could not find any evidence,entailment,Neutral
"Khallad made another suggestion, and the three traveled to Karachi",Khallad said that he knew nothing about the three,contradiction,Contradiction
"Khallad made another suggestion, and the three traveled to Karachi",Khallad said that the three of them may have traveled to the city,entailment,Neutral
"Khallad made another suggestion, and the three traveled to Karachi",Khallad says there's a 50% chance the three of them will go to Karachi in the fall,neutral,Contradiction
"Research summary, Binalshibh interview, first issue of the autumn 2002 issue",Binalshib was questioned by an FBI special agent,neutral,Neutral
"Research summary, Binalshibh interview, first issue of the autumn 2002 issue",Interview with Binalshib in 2002,entailment,Entailment
"Research summary, Binalshibh interview, first issue of the autumn 2002 issue",Binalbish has never been stabbed and is missing,contradiction,Contradiction
Mihdhar obtained a US visa two days after the CIA-FBI meeting,Mihdhar applied for an american visa to enter the city,entailment,Neutral
Mihdhar obtained a US visa two days after the CIA-FBI meeting,"Mihdhar never applied for a visa, so he never came back.",contradiction,Contradiction
Mihdhar obtained a US visa two days after the CIA-FBI meeting,Mihdhar obtained a visa because he was not a bully,neutral,Neutral
"After a two-year investigation, the FBI was unable to identify an accomplice",The FBI was unable to locate the man after he fled Florida in 2001,neutral,Neutral
"After a two-year investigation, the FBI was unable to identify an accomplice",The FBI was unable to identify them,entailment,Entailment
"After a two-year investigation, the FBI was unable to identify an accomplice",The FBI was unable to locate the man,contradiction,Neutral
"For the 11th American, the last communication on the plane occurred at 8:13 a.m.",Plans come true from american11,entailment,Neutral
"For the 11th American, the last communication on the plane occurred at 8:13 a.m.",Conversations from american11lia every 5 minutes,neutral,Contradiction
"For the 11th American, the last communication on the plane occurred at 8:13 a.m.",There was no communication between the 11th American,contradiction,Contradiction
His find would have been difficult to retrieve if he had needed help from the German government,"If the search is successful, the location of the three fugitives will be revealed.",neutral,Neutral
His find would have been difficult to retrieve if he had needed help from the German government,The German government can solve the problem in the field of research,entailment,Contradiction
His find would have been difficult to retrieve if he had needed help from the German government,Research could be too expensive for the government,contradiction,Neutral
"Its facades are intact, but only a few have been restored",They did not change their order of attendance.,neutral,Neutral
"Its facades are intact, but only a few have been restored",Little has been done to change the situation,entailment,Entailment
"Its facades are intact, but only a few have been restored",They worked hard to keep everything clean,contradiction,Contradiction
The researcher's disclosure revealed a number of misconceptions and restrictions on the dissemination of information and a law that guides whistleblowers through investigative procedures.,Researcher's research is clear,contradiction,Contradiction
The researcher's disclosure revealed a number of misconceptions and restrictions on the dissemination of information and a law that guides whistleblowers through investigative procedures.,The researcher does not fully explain many things,entailment,Entailment
The researcher's disclosure revealed a number of misconceptions and restrictions on the dissemination of information and a law that guides whistleblowers through investigative procedures.,The researcher's manuscript was so flawed that no one could read it,neutral,Contradiction
Some officers rescue people in the neighborhood; others in the square and at the subway station,The military commanders ordered that he be killed.,entailment,Contradiction
Some officers rescue people in the neighborhood; others in the square and at the subway station,Officers go where they are needed in a disorganized manner,contradiction,Neutral
Some officers rescue people in the neighborhood; others in the square and at the subway station,Military officers were assigned duties based on their engagement.,neutral,Neutral
"On August 9, tragic news came from Afghanistan.",Receiving news from Afghanistan,entailment,Neutral
"On August 9, tragic news came from Afghanistan.",You don't hear about Afghanistan until autumn,contradiction,Contradiction
"On August 9, tragic news came from Afghanistan.",Warnings about the September 9th attack,neutral,Contradiction
"Lack of communication was a challenge in the construction of the World Trade Center, the Pentagon, Somerest, and Pennsylvania",A pleasant conversation on August 11,contradiction,Contradiction
"Lack of communication was a challenge in the construction of the World Trade Center, the Pentagon, Somerest, and Pennsylvania",People were unable to communicate with the World Trade Center because of thunderstorms and power outages.,neutral,Contradiction
"Lack of communication was a challenge in the construction of the World Trade Center, the Pentagon, Somerest, and Pennsylvania",The World Trade Center was difficult to reach,entailment,Neutral
Internet searches can reveal a vehicle's license plate number and telephone number,Researchers also request access to websites,neutral,Neutral
Internet searches can reveal a vehicle's license plate number and telephone number,There is a wealth of information available on the Internet,entailment,Entailment
Internet searches can reveal a vehicle's license plate number and telephone number,There is no way to access information about existing sources,contradiction,Contradiction
The manager turned away from Hazmi and Mihdhar for suspicion but this did not come true and promised their help,The manager immediately summoned the authorities and then refused to help him in this matter.,contradiction,Contradiction
The manager turned away from Hazmi and Mihdhar for suspicion but this did not come true and promised their help,"Despite his doubts, the manager helped him",entailment,Entailment
The manager turned away from Hazmi and Mihdhar for suspicion but this did not come true and promised their help,The aid enabled them to obtain transportation,neutral,Neutral
"These calls were terminated in 2003, and the threats now cover one building, 315",All activities related to terrorism have become important to you,neutral,Neutral
"These calls were terminated in 2003, and the threats now cover one building, 315",All questions about terrorism received the same score,entailment,Neutral
"These calls were terminated in 2003, and the threats now cover one building, 315",Each of the threats will have its own solution.,contradiction,Neutral
The officer who witnessed the collapse told ESU that the northern building had been evacuated.,The north porch in the south porch was empty,contradiction,Contradiction
The officer who witnessed the collapse told ESU that the northern building had been evacuated.,South tower 30 minutes ahead of schedule before the commander knocks and ESU personnel enter the north tower,neutral,Neutral
The officer who witnessed the collapse told ESU that the northern building had been evacuated.,The commander had a view of the south wall,entailment,Neutral
Indianapolis is a great place for athletes to work,Actors love Indianapolis for its many casting studios,neutral,Neutral
Indianapolis is a great place for athletes to work,"Like a player, you're a driver in Indianapolis",entailment,Neutral
Indianapolis is a great place for athletes to work,"It's hard to get a job in Indianapolis if you're in the film and theater business, because it's an art city.",contradiction,Neutral
"Telephone support is available 24 hours a day, 7 days a week through the information center and parental support hotline",You can be contacted by e-mail or by phone,contradiction,Neutral
"Telephone support is available 24 hours a day, 7 days a week through the information center and parental support hotline",You can call around the clock,entailment,Entailment
"Telephone support is available 24 hours a day, 7 days a week through the information center and parental support hotline",You receive hundreds of rejected calls every day and every evening,neutral,Contradiction
For these vessels will remain in their binding until the time of the opening of the offerings.,The boxes contain hazardous materials,neutral,Neutral
For these vessels will remain in their binding until the time of the opening of the offerings.,These promises were made to replace a second covenant.,contradiction,Neutral.
For these vessels will remain in their binding until the time of the opening of the offerings.,These boats will be built for a period of time,entailment,Contradiction
"You'll see if you lower your hands, the poor will ask for help to get the job done.",You need all of your audience to donate $25 so that you can reduce tickets.,neutral,Neutral
"You'll see if you lower your hands, the poor will ask for help to get the job done.","You can be submissive if you want to, but your master likes to be submissive",contradiction,Neutral
"You'll see if you lower your hands, the poor will ask for help to get the job done.",Your gifts can help you lower costs,entailment,Neutral
"00 for warnings, empowerment and 400 kids dancing in the Indianapolis area","With donations, you were able to invite Beyonce to sing for the Indianapolis community.",neutral,Neutral
"00 for warnings, empowerment and 400 kids dancing in the Indianapolis area",You want to celebrate Christmas for the children but you can't do anything for them,contradiction,Neutral
"00 for warnings, empowerment and 400 kids dancing in the Indianapolis area",You can help many Indianapolis children,entailment,Neutral
"For the first time, attendees can donate $1000 to the Chacelors' Circle or $500 to members of Chancellor's Associates",Attendees can take part in a $50 donation,contradiction,Contradiction
"For the first time, attendees can donate $1000 to the Chacelors' Circle or $500 to members of Chancellor's Associates",People can get a share if they give generously,entailment,Neutral
"For the first time, attendees can donate $1000 to the Chacelors' Circle or $500 to members of Chancellor's Associates",The gift of Chacellors Aassociates is well-liked,neutral,Neutral
"At the end of the year, you may be given additional privileges",If you donate $1000 you are guaranteed to be able to participate in the last opportunity,neutral,Contradiction
"At the end of the year, you may be given additional privileges","Woe to those who say to you, 'Give for nothing,' from the bottom of your ears.",contradiction,Neutral
"At the end of the year, you may be given additional privileges",You may be able to reduce your contributions to the latter,entailment,Neutral
"As you may know, my classmates were friends of older people who donated $1000 a year to law school.","For this reason, I donated some $100,000 to the school",neutral,Contradiction
"As you may know, my classmates were friends of older people who donated $1000 a year to law school.",Some in this category donated $1000 to law school,entailment,Entailment
"As you may know, my classmates were friends of older people who donated $1000 a year to law school.",You want to ask this group to donate money to the school but you haven't told them yet,contradiction,Neutral
"As a 50-year-old, one of my goals was to go to the theater","I didn't like theater as a child, so I became a scientist",contradiction,Contradiction
"As a 50-year-old, one of my goals was to go to the theater","As a child, I loved going to the theater",entailment,Neutral
"As a 50-year-old, one of my goals was to go to the theater",My main role at the Civic Theatre was La Belle et la Bete,neutral,Neutral
If this person buys this chicken for $18,"Everyone who receives this card: don't give it back, it's stealing.",contradiction,Neutral
If this person buys this chicken for $18,"If you donate $18, you get a gift.",neutral,Neutral
If this person buys this chicken for $18,You expect each of the people we send a letter to donate $18,entailment,Contradiction
"Just start from scratch, mark the right option, make the necessary adjustments to your address, and mail it back.",Please do not hesitate to change your address.,contradiction,Entailment
"Just start from scratch, mark the right option, make the necessary adjustments to your address, and mail it back.",You:please write your address in the mailbox.,neutral,Contradiction
"Just start from scratch, mark the right option, make the necessary adjustments to your address, and mail it back.",You are free to change your address if you wish.,entailment,Entailment
The medical school needs your help to advance its teaching and advocacy.,Make a donation of a hundred million dollars to the nursing school to honor their memorial.,neutral,Neutral
The medical school needs your help to advance its teaching and advocacy.,The nursing school achieved its goals and thus eliminated the need for financial aid.,contradiction,Neutral
The medical school needs your help to advance its teaching and advocacy.,You hope to make a donation to the nursing school.,entailment,Neutral
Eighty percent of participants would say that they have more experience in solving problems.,A partnership is a sign of ability to solve complex problems.,entailment,Neutral
Eighty percent of participants would say that they have more experience in solving problems.,"When the participants were divided into four groups, only one group was able to demonstrate problem-solving skills.",contradiction,Contradiction
Eighty percent of participants would say that they have more experience in solving problems.,There were more than a hundred men in attendance.,neutral,Neutral.
Be careful that what you have received does not go unpunished.,It's not good for you to be generous.,entailment,Contradiction
Be careful that what you have received does not go unpunished.,"Your lists of worthless donors have appeared in the newspapers, so I don't think you should be so embarrassed.",neutral,Neutral
Be careful that what you have received does not go unpunished.,"If you have already had what you need, give as you have already had.",contradiction,Neutral
A computer and an Internet connection are tools that allow someone to participate in your training program.,People do not need anything to go to the field.,contradiction,Contradiction
A computer and an Internet connection are tools that allow someone to participate in your training program.,Access to the training center requires a computer and an Internet connection.,entailment,Entailment
A computer and an Internet connection are tools that allow someone to participate in your training program.,People must have their computers and Internet access with them when entering the premises for authorization.,neutral,Contradiction
Selling tickets and doing errands won't solve your financial problems.,"As soon as you sell the tickets, you can save on the prize money.",contradiction,Contradiction
Selling tickets and doing errands won't solve your financial problems.,You need more money to support your family than you can make from tickets and errands.,entailment,Entailment
Selling tickets and doing errands won't solve your financial problems.,The sale of tickets and services will only cover seventy percent of your expenses for the entire trip.,neutral,Neutral
For this is the testimony of the Lord to all men.,Each incident was recorded and reported in the local newspaper.,neutral,Neutral.
For this is the testimony of the Lord to all men.,Every gift is precious.,entailment,Neutral
For this is the testimony of the Lord to all men.,Gifts over $100 are special.,contradiction,Neutral.
"The next step is to reach your goal of $365,000 from friends and contacts.","We need more than $300,000 in cash.",entailment,Entailment
"The next step is to reach your goal of $365,000 from friends and contacts.",I was thrilled to be able to triple my income.,neutral,Neutral
"The next step is to reach your goal of $365,000 from friends and contacts.",There is no one way to make money.,contradiction,Neutral
Your private civil-rights firm has been in business for many years and has not added a single piece of criminal defense.,Our private civil-rights clinic has been in operation for eight years.,neutral,Neutral
Your private civil-rights firm has been in business for many years and has not added a single piece of criminal defense.,My private practice will celebrate the first anniversary of my employment next month.,contradiction,Neutral
Your private civil-rights firm has been in business for many years and has not added a single piece of criminal defense.,The law on civil service has been in effect for over a year.,entailment,Neutral
There was not enough money to buy tickets for the program.,I don't think you're going to be able to afford the tickets.,entailment,Entailment
There was not enough money to buy tickets for the program.,The cost of the programs was enormous.,neutral,Neutral.
There was not enough money to buy tickets for the program.,The proceeds from the ticket sales would be sufficient to cover the expenses.,contradiction,Contradiction
Omnia Vincit amor (if you only work for the Weekly Standard): Brit Hume (host of Fox News Sunday) wonders why Lewinsky can't.,Brit Hume is a news director at Fox.,neutral,Neutral
Omnia Vincit amor (if you only work for the Weekly Standard): Brit Hume (host of Fox News Sunday) wonders why Lewinsky can't.,Brit Hume works for CNN.,contradiction,Contradiction
Omnia Vincit amor (if you only work for the Weekly Standard): Brit Hume (host of Fox News Sunday) wonders why Lewinsky can't.,Brit Hume worked for Fox.,entailment,Entailment
Much was done to help Michael Apted launch his next series of films.,Michael Apted ruined the whole show by removing comedy and sympathy.,contradiction,Contradiction
Much was done to help Michael Apted launch his next series of films.,Michael Apted was invited to participate in a special program.,entailment,Neutral
Much was done to help Michael Apted launch his next series of films.,"They found the show to be cold and uninspiring, so they hired Michael Apted to do special editing.",neutral,Neutral
"""Look! A virgin is sitting in the marketplace, dressed in fine linen and brocade.",A young woman wears a suit that allows her to swim in the snow.,neutral,Neutral
"""Look! A virgin is sitting in the marketplace, dressed in fine linen and brocade.",There was a young woman dressed in a white robe.,entailment,Neutral.
"""Look! A virgin is sitting in the marketplace, dressed in fine linen and brocade.",There was a young woman dressed in purple.,contradiction,Contradiction
Exactly how Kaufman planned his own death is not described in the film.,He would not see Kaufman talking about his own death.,entailment,Entailment
Exactly how Kaufman planned his own death is not described in the film.,"In the film, Kaufman was interviewed about his own death.",contradiction,Contradiction
Exactly how Kaufman planned his own death is not described in the film.,The film was an expensive production without Kaufman's leading roles.,neutral,Neutral.
Rockefeller was upset when he noticed that Avenging Angel Tarbell had started painting on his skin at McClure's.,Rockefeller began to investigate the cataract.,neutral,Contradiction
Rockefeller was upset when he noticed that Avenging Angel Tarbell had started painting on his skin at McClure's.,Rockefeller is giving.,entailment,Contradiction
Rockefeller was upset when he noticed that Avenging Angel Tarbell had started painting on his skin at McClure's.,Rockefeller was a connoisseur.,contradiction,Neutral.
"Shortly thereafter, Klayman was accused of stealing from a business in New York.","In California, Klayman was charged with trespassing.",contradiction,Neutral
"Shortly thereafter, Klayman was accused of stealing from a business in New York.",Klayman does not expect to be convicted of a felony.,neutral,Neutral
"Shortly thereafter, Klayman was accused of stealing from a business in New York.",Clayman was accused of having climbed a cliff.,entailment,Contradiction
No one would think that an office building would be empty and that Amer's business affairs would be handled by a clerk.,Officials wore shirts.,neutral,Neutral.
No one would think that an office building would be empty and that Amer's business affairs would be handled by a clerk.,It was clear that office managers would be coming to the rescue.,contradiction,Contradiction
No one would think that an office building would be empty and that Amer's business affairs would be handled by a clerk.,It was clear that office managers would be coming to the rescue.,entailment,Contradiction
This is of no use to humans.,Athletes are born with natural abilities that are later manifested.,contradiction,Neutral
This is of no use to humans.,Physical fitness is beyond natural ability.,entailment,Neutral
This is of no use to humans.,Most gymnasts work out for at least eight hours a week.,neutral,Neutral
"When I got home, it was reported that the United States had suspended aid in two ways.",I was interested in politics.,neutral,Neutral
"When I got home, it was reported that the United States had suspended aid in two ways.",I heard about America.,entailment,Entailment
"When I got home, it was reported that the United States had suspended aid in two ways.",It has been predicted that the United States will reduce its spending in two ways.,contradiction,Contradiction
The world's oldest and largest university newspaper...Oxford...reported that his poems had been removed from the index.,The Oxford Dictionary of Poetry is not new.,entailment,Neutral.
The world's oldest and largest university newspaper...Oxford...reported that his poems had been removed from the index.,The prestigious university did not have the funds to renew his doctorate in poetry.,neutral,Neutral.
The world's oldest and largest university newspaper...Oxford...reported that his poems had been removed from the index.,The university was entrusted with the care of the poetry collections and promised not to erase them.,contradiction,Contradiction
There is a comforting gift for mankind.,Now the gift of grace is of such a small magnitude that it is exceedingly powerful.,neutral,Neutral.
There is a comforting gift for mankind.,This is of no use to humans.,contradiction,Contradiction
There is a comforting gift for mankind.,It is not bad news for mankind.,entailment,Entailment
Gambling on such sites is not limited to sports.,Political and electoral gambling is also permitted on this site.,neutral,Entailment
Gambling on such sites is not limited to sports.,Only sports betting is permitted on these sites.,contradiction,Contradiction
Gambling on such sites is not limited to sports.,These sites are excellent in many ways.,entailment,Neutral
Fifty-six-year-old N. J. Johnson angrily filed a three-pronged motion to withdraw his candidacy at a Democratic rally in Atlantic City on August 25.,Johnson noticed that he was being ignored,neutral,Neutral.
Fifty-six-year-old N. J. Johnson angrily filed a three-pronged motion to withdraw his candidacy at a Democratic rally in Atlantic City on August 25.,Johnson never thought about being late.,contradiction,Contradiction
Fifty-six-year-old N. J. Johnson angrily filed a three-pronged motion to withdraw his candidacy at a Democratic rally in Atlantic City on August 25.,Johnson was furious about being late.,entailment,Neutral.
Lamar Alexander turned down his opportunity to become president.,At least one tearjerker has refused to run for president.,entailment,Contradiction
Lamar Alexander turned down his opportunity to become president.,Lamar Alexander refused to withdraw from the presidential race.,contradiction,Contradiction
Lamar Alexander turned down his opportunity to become president.,Mr. Alexander was forced to cancel the contest because of the publicity of his nude photos.,neutral,Contradiction
"Aside from the outrageous claims made against him in the past, he also stepped on the human side, most notably by using the FBI in a case dubbed the Filgate case.",The U.S. government employed the FBI to track down all presidential candidates.,neutral,Contradiction
"Aside from the outrageous claims made against him in the past, he also stepped on the human side, most notably by using the FBI in a case dubbed the Filgate case.",The FBI was misused by the U.S. government.,entailment,Neutral
"Aside from the outrageous claims made against him in the past, he also stepped on the human side, most notably by using the FBI in a case dubbed the Filgate case.",The U.S. government employed the FBI appropriately.,contradiction,Contradiction
"Tung promised to crack down on those who took over the houses, but the people thought it would be a futile contest.",Tung didn't care about the people who raised the roof.,contradiction,Contradiction
"Tung promised to crack down on those who took over the houses, but the people thought it would be a futile contest.",Tung found that the people who built the buildings were violating the law.,neutral,Contradiction
"Tung promised to crack down on those who took over the houses, but the people thought it would be a futile contest.",Hang on to your power to control those who are taking houses into your hands.,entailment,Contradiction
and unseemly letters of forgiveness.,Ten lost their containers.,neutral,Neutral
and unseemly letters of forgiveness.,People have questioned the dignity of the vessels.,entailment,Neutral
and unseemly letters of forgiveness.,There were no reports of complaints about other responsibilities.,contradiction,Neutral
"Lawman Lawrence Singleton, who was sentenced to just eight years in prison, stabbed another woman in Florida after having her leg amputated.","When he stretched out his arms for the wounded, he put them in a basket in the yard.",neutral,Neutral
"Lawman Lawrence Singleton, who was sentenced to just eight years in prison, stabbed another woman in Florida after having her leg amputated.",Everyone thought that his imprisonment changed his life.,contradiction,Contradiction
"Lawman Lawrence Singleton, who was sentenced to just eight years in prison, stabbed another woman in Florida after having her leg amputated.",Mr. Singleton was a convicted felon in Florida.,entailment,Entailment
"According to Charles Lane of the New Republic, corruption is a growing issue in Gabriel Garcia Marquez's journalism.",Charles Lane was a journalist.,entailment,Entailment
"According to Charles Lane of the New Republic, corruption is a growing issue in Gabriel Garcia Marquez's journalism.",Charles Lane sold cars.,contradiction,Neutral
"According to Charles Lane of the New Republic, corruption is a growing issue in Gabriel Garcia Marquez's journalism.",Charles Lane made some money out of it.,neutral,Neutral
There is not a single law firm in Washington that can handle such matters this morning.,The radio station is not the only political outlet in Washington.,entailment,Neutral
There is not a single law firm in Washington that can handle such matters this morning.,Political parties are broadcast early in the morning.,neutral,Neutral
There is not a single law firm in Washington that can handle such matters this morning.,Entertainment became the main focus,contradiction,Neutral
"One can imagine a bulldozer driver preparing a road for a new development, designed by Hey, Loyd...",You can imagine a bulldozer driver starting the bulldozer,neutral,Entailment
"One can imagine a bulldozer driver preparing a road for a new development, designed by Hey, Loyd...",You can imagine a bulldozer worker,entailment,Entailment
"One can imagine a bulldozer driver preparing a road for a new development, designed by Hey, Loyd...",You cannot imagine a bulldozer worker,contradiction,Contradiction
"I called him in a letter to the Doctor. He seemed pleased, and he sent me a small fruitcake for Christmas.",I am sure that the doctor received my letter.,entailment,Neutral
"I called him in a letter to the Doctor. He seemed pleased, and he sent me a small fruitcake for Christmas.",I didn't eat the bread the doctor sent me that Christmas,neutral,Contradiction
"I called him in a letter to the Doctor. He seemed pleased, and he sent me a small fruitcake for Christmas.",The doctor sent me a bottle of wine for Christmas,contradiction,Contradiction
"The group was formerly known as the Bean Eaters, which, oddly enough, could also be considered an Indian surname.",They changed the name of their group because of the lack of popularity.,neutral,Neutral
"The group was formerly known as the Bean Eaters, which, oddly enough, could also be considered an Indian surname.",The group had a previous name that could also be considered an Indian surname.,entailment,Entailment
"The group was formerly known as the Bean Eaters, which, oddly enough, could also be considered an Indian surname.",The organization had only one name.,contradiction,Contradiction
I could not find such a meaning in a dictionary,I found the meaning in the dictionary,contradiction,Contradiction
I could not find such a meaning in a dictionary,I looked in the dictionary and did not find any meaning.,entailment,Entailment
I could not find such a meaning in a dictionary,The dictionary I used was a standard dictionary.,neutral,Neutral
How can one do that?,How can many do nothing?,contradiction,Contradiction
How can one do that?,How could anyone do such a bad thing?,neutral,Neutral
How can one do that?,How could one man do such a thing?,entailment,Neutral
"Additionally, the preamble quotes words that are known to have been invented in the 20th century, but it omits military phrases of the early 20th century.","According to the foreword, it includes words from the 20th century, but it does not take into account earlier languages.",entailment,Neutral
"Additionally, the preamble quotes words that are known to have been invented in the 20th century, but it omits military phrases of the early 20th century.",All languages have existed since the beginning of time.,contradiction,Contradiction
"Additionally, the preamble quotes words that are known to have been invented in the 20th century, but it omits military phrases of the early 20th century.",There are many different languages that were written before the twentieth century.,neutral,Neutral
"If a person owns the 1984 edition, he may be very upset that he should buy this book rather than the shorter (and more expensive) Aid.",The 1984 edition was the best.,neutral,Contradiction
"If a person owns the 1984 edition, he may be very upset that he should buy this book rather than the shorter (and more expensive) Aid.",The book did not sell.,contradiction,Neutral
"If a person owns the 1984 edition, he may be very upset that he should buy this book rather than the shorter (and more expensive) Aid.",The food supplements were cheaper than the book.,entailment,Neutral
Bernstein explained in the introduction,Bernstein does not elaborate.,neutral,Contradiction
Bernstein explained in the introduction,Bernstein's explanation is contained in the article.,contradiction,Entailment
Bernstein explained in the introduction,There was an interpretation in the lead.,entailment,Neutral
"I'm not saying that's the law, but it's hard for a newcomer to know the difference in the use of discretion, even if it's twenty shillings more.",Natives of the forest themselves have a problem with using it sparingly,neutral,Neutral
"I'm not saying that's the law, but it's hard for a newcomer to know the difference in the use of discretion, even if it's twenty shillings more.",Play is the simplest form of entertainment for guests.,contradiction,Neutral
"I'm not saying that's the law, but it's hard for a newcomer to know the difference in the use of discretion, even if it's twenty shillings more.",These words are difficult for a stranger to understand.,entailment,Entailment
"Finally, it is necessary to take care of the seeds on the heart on which our other senses are planted.",It is the job of news managers to identify these errors.,neutral,Neutral
"Finally, it is necessary to take care of the seeds on the heart on which our other senses are planted.",Increase is a good way of looking at the present; it is a good way of looking at the past.,contradiction,Neutral.
"Finally, it is necessary to take care of the seeds on the heart on which our other senses are planted.",A misinterpretation may be possible if the sentence is slightly vague.,entailment,Neutral.
Do not deceive yourselves.,A headache is a good way to keep yourself awake and alert.,contradiction,Neutral.
Do not deceive yourselves.,"If the flame is too high, a person can get caught in it.",entailment,Neutral.
Do not deceive yourselves.,"Today, the volcano is five times stronger than it used to be.",neutral,Neutral.
There is no other work that is so humiliating.,Others are self-respecting.,neutral,Contradiction
There is no other work that is so humiliating.,There are many activities that involve rituals to humiliate oneself,contradiction,Contradiction
There is no other work that is so humiliating.,There is no such thing as self - defense.,entailment,Neutral.
"They have learned to be slanderers, gossips, and scoffers, and have become disgraced among their own countrymen.",No good name exists in the archives,contradiction,Neutral
"They have learned to be slanderers, gossips, and scoffers, and have become disgraced among their own countrymen.",These tiresome books do not have a good reputation.,entailment,Neutral
"They have learned to be slanderers, gossips, and scoffers, and have become disgraced among their own countrymen.",Women are portrayed in these news stories as married couples,neutral,Contradiction
Lite/light describes the shape of the beer,The letters of the alphabet can mean lite or light,entailment,Contradiction
Lite/light describes the shape of the beer,Lite and light are used to flavor wine and whiskey,contradiction,Contradiction
Lite/light describes the shape of the beer,The weight of the cooler fluid is low,neutral,Neutral
Such a call is made in broad daylight where neither he nor witnesses are needed.,No other name was needed.,neutral,Neutral.
Such a call is made in broad daylight where neither he nor witnesses are needed.,The name is overused.,entailment,Neutral.
Such a call is made in broad daylight where neither he nor witnesses are needed.,The name must be promoted.,contradiction,Neutral
"In this case, it is unfortunate that the law that was passed down is now being broken down.","As a result, people are more prone to misrepresentation.",contradiction,Neutral
"In this case, it is unfortunate that the law that was passed down is now being broken down.",A well-written sentence is more likely to be memorized than a poorly written one.,entailment,Neutral
"In this case, it is unfortunate that the law that was passed down is now being broken down.",A well-written system requires a lot of printing,neutral,Neutral
"When the English noticed this dreadful situation, they respected him and promoted him",The English have no respect for anyone.,contradiction,Contradiction
"When the English noticed this dreadful situation, they respected him and promoted him",The British took control of the world economy,neutral,Neutral
"When the English noticed this dreadful situation, they respected him and promoted him",The British imposed a large tax on the world,entailment,Neutral
Sometimes he is the most cunning.,Some suns are not easily distinguishable.,entailment,Neutral
Sometimes he is the most cunning.,He couldn't make a sound because of the way they tried to scream.,neutral,Neutral
Sometimes he is the most cunning.,It is easy to spot from a distance,contradiction,Neutral
"Granted, there are more native English speakers in Britain than in North America, and those who have heard of them will tell you that some of them are not mutually intelligible.",There are more foreign-language speakers in Britain than in the United States.,entailment,Neutral.
"Granted, there are more native English speakers in Britain than in North America, and those who have heard of them will tell you that some of them are not mutually intelligible.",The dialects of American and British English are so similar that there are no noticeable differences between them.,contradiction,Contradiction
"Granted, there are more native English speakers in Britain than in North America, and those who have heard of them will tell you that some of them are not mutually intelligible.",North Americans could hardly understand the dialects of British English.,neutral,Entailment
"A Tennessee journalist used the term ""dry flying time"" to describe the ""canicule"" of dry flying time during the dry season.","According to the journalist, dog time is a term used to describe the rainy season",contradiction,Contradiction
"A Tennessee journalist used the term ""dry flying time"" to describe the ""canicule"" of dry flying time during the dry season.","In Tennessee, summer and autumn are also very hot months",neutral,Neutral
"A Tennessee journalist used the term ""dry flying time"" to describe the ""canicule"" of dry flying time during the dry season.","In those days there would be no rain, and summer would be hot.",entailment,Entailment
