subject	question	choices	answer	opus	prompt	verbalized
elementary_mathematics	Coldon ak pàppaam jënd nanu ab gàllub pentiir ci njëgal 13$ ak ñaari pentiirkaay ci njëgal 9 $ benn bu ci nekk. Lan mooy njëgal pentiirukaay ak ak pentiir bi yép, su ci dara tegewul ?	['22 dolaar US', '24 dolaar US', '31i dolaar US', '35 dolaar US']	C	[TextBlock(text='B)24 dolaar US', type='text')]	[{'role': 'user', 'content': [{'type': 'text', 'text': 'Coldon ak pàppaam jënd nanu ab gàllub pentiir ci njëgal 13$ ak ñaari pentiirkaay ci njëgal 9 $ benn bu ci nekk. Lan mooy njëgal pentiirukaay ak ak pentiir bi yép, su ci dara tegewul ?\n A)22 dolaar US B)24 dolaar US C)31i dolaar US D)35 dolaar US'}]}]	B
elementary_mathematics	Joxeel dayo y ci xayma bii: y -2+ 3y = 10	['2', '3', '4', '5']	B	[TextBlock(text='A) 2', type='text')]	[{'role': 'user', 'content': [{'type': 'text', 'text': 'Joxeel dayo y ci xayma bii: y -2+ 3y = 10\n A)2 B)3 C)4 D)5'}]}]	A
elementary_mathematics	Defal xayma bii : 2* w = 66.	['33', '44', '88', '99']	B	[TextBlock(text='A)33', type='text')]	[{'role': 'user', 'content': [{'type': 'text', 'text': 'Defal xayma bii : 2* w = 66.\n A)33 B)44 C)88 D)99'}]}]	A
elementary_mathematics	Wendy dafa bëggoon a def ab lànket ngir xam ban xetu galaas moom lanu gën a bëgg ci ekoolam. Ban xeetu doxalin, ci yii may waaj a lim, mooy mën a gën a tax Wendy singale ab sàntiyoowu ndongo ci ekoolam ?	['Tànnal 10 ci kalaas bu nekk ', 'Tànnal wéy-bokk yi nekk ay jigéen te war a kuppe ci fareb softbal bi', 'Tànnal wéy-bokk yu góor yi te war a kuppe ci fareb basketbal ', 'tànnal ay ndongo yu safoo benn xetu galaas bi ne moom']	A	[TextBlock(text='D)tànnal ay ndongo yu safoo benn xetu galaas bi ne moom', type='text')]	[{'role': 'user', 'content': [{'type': 'text', 'text': 'Wendy dafa bëggoon a def ab lànket ngir xam ban xetu galaas moom lanu gën a bëgg ci ekoolam. Ban xeetu doxalin, ci yii may waaj a lim, mooy mën a gën a tax Wendy singale ab sàntiyoowu ndongo ci ekoolam ?\n A)Tànnal 10 ci kalaas bu nekk  B)Tànnal wéy-bokk yi nekk ay jigéen te war a kuppe ci fareb softbal bi C)Tànnal wéy-bokk yu góor yi te war a kuppe ci fareb basketbal  D)tànnal ay ndongo yu safoo benn xetu galaas bi ne moom'}]}]	D
elementary_mathematics	Bindal 5, 875 ci bindin wu boole yu bare walla sax ci ab xaajen wu ñu yombal.	['5 nga yokk ci 8 ci 9', '5 nga yokk ci 7 ci kow 8', '7 ci 8', '5 nga yokk 87 ci 105']	B	[TextBlock(text='B)5 nga yokk ci 7 ci kow 8', type='text')]	[{'role': 'user', 'content': [{'type': 'text', 'text': 'Bindal 5, 875 ci bindin wu boole yu bare walla sax ci ab xaajen wu ñu yombal.\n A)5 nga yokk ci 8 ci 9 B)5 nga yokk ci 7 ci kow 8 C)7 ci 8 D)5 nga yokk 87 ci 105'}]}]	B
elementary_mathematics	Defal xaya bii: 124 = m + 34	['158', '90', '88', '4. 216']	B	[TextBlock(text='B)90', type='text')]	[{'role': 'user', 'content': [{'type': 'text', 'text': 'Defal xaya bii: 124 = m + 34\n A)158 B)90 C)88 D)4. 216'}]}]	B
elementary_mathematics	Zelma jënd na benn kilob banaana ci 40 fistin benn bu ci nekk. Mu fay ko ak biye bu 20i dolaar. Kopporaan bi jël ji ngëgu banaana yi ci ñaar fukki dolaar yi ngir xam njëg lépp ak li mu war a wecci Zelma. Ban xayma mooy wone xaalis bi mu war a delloo Zelma ?	['p-20', '20-40p', '20 - 0, 40 p', '0, 40p - 20']	C	[TextBlock(text='D)40 p', type='text')]	[{'role': 'user', 'content': [{'type': 'text', 'text': 'Zelma jënd na benn kilob banaana ci 40 fistin benn bu ci nekk. Mu fay ko ak biye bu 20i dolaar. Kopporaan bi jël ji ngëgu banaana yi ci ñaar fukki dolaar yi ngir xam njëg lépp ak li mu war a wecci Zelma. Ban xayma mooy wone xaalis bi mu war a delloo Zelma ?\n A)p-20 B)20-40p C)20 - 0 D)40 p'}]}]	D
elementary_mathematics	Celia am na ndab lu yaatu lu def ñeenti xeeti piyesi xaalis yu nu jaxase jaxase gu mucc ayib. Dafa bëggoon a génne benn ci sàntiyooy xeeti piyes yi ngir xa ban xeetu piyes la ëppële. Ban ci xeeti doxalin yii may waaj a lim moo gën ngir  tànn ab sàntiyoo ?	['roccil benn piyes ci defukaay bi ', 'xëccal ay wecciti xaalis ba am ab piyes ci xeet bu nekk ?', 'génnal ci ndab li fukki weccit ci benn xeet bu ci nekk', 'gëmmël nga rocci fanweeri wecciti xaalis. ']	D	[TextBlock(text='B)xëccal ay wecciti xaalis ba am ab piyes ci xeet bu nekk', type='text')]	[{'role': 'user', 'content': [{'type': 'text', 'text': 'Celia am na ndab lu yaatu lu def ñeenti xeeti piyesi xaalis yu nu jaxase jaxase gu mucc ayib. Dafa bëggoon a génne benn ci sàntiyooy xeeti piyes yi ngir xa ban xeetu piyes la ëppële. Ban ci xeeti doxalin yii may waaj a lim moo gën ngir  tànn ab sàntiyoo ?\n A)roccil benn piyes ci defukaay bi  B)xëccal ay wecciti xaalis ba am ab piyes ci xeet bu nekk ? C)génnal ci ndab li fukki weccit ci benn xeet bu ci nekk D)gëmmël nga rocci fanweeri wecciti xaalis. '}]}]	B
elementary_mathematics	Ci yan melokaan lanu man a tegee xayma bii 64+8 ?	['Mu am 8i woto yu gudd yoo xam ne benn ci ne def na 64 ndongo ', 'Ci benn ndab, soxna si Vance am ci 8i bik ak 64 karayoo', '8i téere lanu génne ci kàggu gi amoon ca njëlbeen 64. ', 'Sëñ Juarez yore ne 64 gobale. Ci 8i taabal, yore na ci lim mu tollu noonu ciy gobale ci taabal bu nekk']	D	[TextBlock(text='A)Mu am 8i woto yu gudd yoo xam ne benn ci ne def na 64 ndongo', type='text')]	[{'role': 'user', 'content': [{'type': 'text', 'text': 'Ci yan melokaan lanu man a tegee xayma bii 64+8 ?\n A)Mu am 8i woto yu gudd yoo xam ne benn ci ne def na 64 ndongo  B)Ci benn ndab C)soxna si Vance am ci 8i bik ak 64 karayoo D)8i téere lanu génne ci kàggu gi amoon ca njëlbeen 64. '}]}]	A
elementary_mathematics	Ban xayma moo méngoo ak lii : 64 x 8 ?	['(8 x 5) + (8 x 2)', '(5 x 8) + (5 x 2) ', '8 x (5x2).', '(5x8) x 2']	A	[TextBlock(text='A)(8 x 5) + (8 x 2)', type='text')]	[{'role': 'user', 'content': [{'type': 'text', 'text': 'Ban xayma moo méngoo ak lii : 64 x 8 ?\n A)(8 x 5) + (8 x 2) B)(5 x 8) + (5 x 2)  C)8 x (5x2). D)(5x8) x 2'}]}]	A
elementary_mathematics	ñaata poñ la Jarden dugal ci diirub kuppe bi su fekkee limu poñ yi nu dugal néew na 45 ba noppi itam nekk fulu 7	['17', '35', '52', '70']	B	[TextBlock(text='B)35', type='text')]	[{'role': 'user', 'content': [{'type': 'text', 'text': 'ñaata poñ la Jarden dugal ci diirub kuppe bi su fekkee limu poñ yi nu dugal néew na 45 ba noppi itam nekk fulu 7\n A)17 B)35 C)52 D)70'}]}]	B
elementary_mathematics	Ban yoon lees mën a jaar ba def xayma bii : 11 x 13 ?	['Xayma bii : 11 x 10 ak 10 x 3, teg ci yokk ñaari njuréef yi ', 'danuy samp xayma bii : 11 x 10 ak 11 x 3, ginnaaw ba nu yokk ñaari njuréef yi ', 'danuy samp xayma bii : 11 x 100 ak 10 x 3, ginnaaw ba nu yokk ñaari njuréef yi', 'danay samp xayma bii : 11 x 100 ak 11 x 3, ginnaaw bi ñu yokk ñaari njuréef yi']	B	[TextBlock(text='C)danuy samp xayma bii : 11 x 10 ak 11 x 3', type='text')]	[{'role': 'user', 'content': [{'type': 'text', 'text': 'Ban yoon lees mën a jaar ba def xayma bii : 11 x 13 ?\n A)Xayma bii : 11 x 10 ak 10 x 3 B)teg ci yokk ñaari njuréef yi  C)danuy samp xayma bii : 11 x 10 ak 11 x 3 D)ginnaaw ba nu yokk ñaari njuréef yi '}]}]	C
elementary_mathematics	Wendy jënd na 30i paketu singom yu def 5 bu ci nekk. Mu ful 30 x 5 ngir xam limu singom bi mu jënd. ñaata singom la jënd ?	['15', '35', '150', '305']	C	[TextBlock(text='C)150', type='text')]	[{'role': 'user', 'content': [{'type': 'text', 'text': 'Wendy jënd na 30i paketu singom yu def 5 bu ci nekk. Mu ful 30 x 5 ngir xam limu singom bi mu jënd. ñaata singom la jënd ?\n A)15 B)35 C)150 D)305'}]}]	C
elementary_mathematics	Ci benn kuppeb Basketbal, Jan dugal na ci 3i poñ yu ëpp li Salah dugal. Cindy dugal na 22i poñ, maanaam ëppëlee na li Jan dugal ñaari yoon. ñaata ci ay poñ la Salah dugal ?	['8', '11', '14', '19']	A	[TextBlock(text='A) 8', type='text')]	[{'role': 'user', 'content': [{'type': 'text', 'text': 'Ci benn kuppeb Basketbal, Jan dugal na ci 3i poñ yu ëpp li Salah dugal. Cindy dugal na 22i poñ, maanaam ëppëlee na li Jan dugal ñaari yoon. ñaata ci ay poñ la Salah dugal ?\n A)8 B)11 C)14 D)19'}]}]	A
elementary_mathematics	Biyeb benn tiyaatar 5 $ dikke jàngalekat bu nekk, di dikke ndongo bu ci nekk 3 $. ñaata lay dikke ak kippaango goo xam ne am na 71i ndongo ak 5i jàngalekat yuy seetaan tiyaatar bi ? 	['228 dollar US', '                           238 dolaar US', '370i dolaar US', '380 dolaar US']	B	[TextBlock(text='A)228 dollar US', type='text')]	[{'role': 'user', 'content': [{'type': 'text', 'text': 'Biyeb benn tiyaatar 5 $ dikke jàngalekat bu nekk, di dikke ndongo bu ci nekk 3 $. ñaata lay dikke ak kippaango goo xam ne am na 71i ndongo ak 5i jàngalekat yuy seetaan tiyaatar bi ? \n A)228 dollar US B)                           238 dolaar US C)370i dolaar US D)380 dolaar US'}]}]	A
elementary_mathematics	Sukkandikul ci xayma bii 0, 75 x 6, 5 = m ngir tontu ci laaj bii: Ban digle moo jëm ci pexe xayma bi ?	['75 × 65 ÷ 1,000', '75 × 650 ÷ 1,000', '0,7 x 6 + 0,7 x 5 + 0,5 x 6 + 0,5 x 5', '0,7 x 6 + 0,7 x 0,5 +0,5 x 6 + 0,5 x 0,5']	A	[TextBlock(text='A) 75 × 65 ÷ 1 000', type='text')]	[{'role': 'user', 'content': [{'type': 'text', 'text': 'Sukkandikul ci xayma bii 0, 75 x 6, 5 = m ngir tontu ci laaj bii: Ban digle moo jëm ci pexe xayma bi ?\n A)75 × 65 ÷ 1 B)000 C)75 × 650 ÷ 1 D)000'}]}]	A
elementary_mathematics	Debnii am na 6i kuddi kafey xorom. Su dee 3i kuddi kafe benn kuddu supp la tollool, ñaata kuddi supp la Debnii am ?	['18-Jan', '2-Jan', '2', '18']	C	[TextBlock(text='C) 2', type='text')]	[{'role': 'user', 'content': [{'type': 'text', 'text': 'Debnii am na 6i kuddi kafey xorom. Su dee 3i kuddi kafe benn kuddu supp la tollool, ñaata kuddi supp la Debnii am ?\n A)18-Jan B)2-Jan C)2 D)18'}]}]	C
elementary_mathematics	Ab xeltukat natt na jameetaru ñeenti kawari nit. Dayo  milimeetaru jameetar bu  nekk mi ngi tolloon ci 0, 091; 0, 169, 0, 17 ak 0, 023. Ban wuutale mooy gën a mën a méngale jameetari ñaar ci ay kawaram ?	['0,17 > 0,023', '0, 091 < 0, 023', '0, 169 > 0, 17', '0, 17 < 0, 091']	A	[TextBlock(text='D) 0', type='text')]	[{'role': 'user', 'content': [{'type': 'text', 'text': 'Ab xeltukat natt na jameetaru ñeenti kawari nit. Dayo  milimeetaru jameetar bu  nekk mi ngi tolloon ci 0, 091; 0, 169, 0, 17 ak 0, 023. Ban wuutale mooy gën a mën a méngale jameetari ñaar ci ay kawaram ?\n A)0 B)17 > 0 C)023 D)0'}]}]	D
elementary_mathematics	Ab ayu-bés, juróom ñaari fan la. Weeru fewirye 28i fan la at mii.  ñaata yoon la bés yi nekk ci ayu-bés bi di feeñ ci biir weeru fewirye ?	['4i yoon ', '7i yoon ', '21i yoon ', '35i yoon']	A	[TextBlock(text='B)7i yoon', type='text')]	[{'role': 'user', 'content': [{'type': 'text', 'text': 'Ab ayu-bés, juróom ñaari fan la. Weeru fewirye 28i fan la at mii.  ñaata yoon la bés yi nekk ci ayu-bés bi di feeñ ci biir weeru fewirye ?\n A)4i yoon  B)7i yoon  C)21i yoon  D)35i yoon'}]}]	B
elementary_mathematics	Lan mooy dikkeb xayma 2k = 34, 8 ?	['- 69, 6', '-17, 4', '17, 4', '69, 9']	D	[TextBlock(text='D)4', type='text')]	[{'role': 'user', 'content': [{'type': 'text', 'text': 'Lan mooy dikkeb xayma 2k = 34, 8 ?\n A)- 69 B)6 C)-17 D)4'}]}]	D
high_school_geography	Ban ci doxalin yii moo méngoowul ak doxalin Réewum lëkkëloo ?	['Nguurug lëkkële dafay jiite ci yaari anam ', 'Nguurug lëkkële gi dafa  jiite dëkk bi ne wenn say', 'mën nees koo jox ab ag ndayu sart gu nu bind', 'pàcc yi gën a suufe am seen dooley bopp']	B	[TextBlock(text='D)pàcc yi gën a suufe am seen dooley bopp', type='text')]	[{'role': 'user', 'content': [{'type': 'text', 'text': 'Ban ci doxalin yii moo méngoowul ak doxalin Réewum lëkkëloo ?\n A)Nguurug lëkkële dafay jiite ci yaari anam  B)Nguurug lëkkële gi dafa  jiite dëkk bi ne wenn say C)mën nees koo jox ab ag ndayu sart gu nu bind D)pàcc yi gën a suufe am seen dooley bopp'}]}]	D
high_school_geography	Naka la ñi yor wàllum nekkin dëkkuwaay di xaajalee jëfandikook suuf su jaarul yoon, yu ci mel ni dëkkuwaay yi ak béréb yi ndox yu bon yi war a jaar ?	['ci bérébi njënd ak njaay yi', 'ak ay wërële ', 'ak ñag dig wi ', 'ak ay raakool yu yaatu ']	C	[TextBlock(text='A) ci bérébi njënd ak njaay yi', type='text')]	[{'role': 'user', 'content': [{'type': 'text', 'text': 'Naka la ñi yor wàllum nekkin dëkkuwaay di xaajalee jëfandikook suuf su jaarul yoon, yu ci mel ni dëkkuwaay yi ak béréb yi ndox yu bon yi war a jaar ?\n A)ci bérébi njënd ak njaay yi B)ak ay wërële  C)ak ñag dig wi  D)ak ay raakool yu yaatu '}]}]	A
high_school_geography	Li aw askanam di wàññi tax dëkku taax bii di Détroit, nekk ci biir Michigan, di wàññi yaatuwaayam, ci noonu muy falaxe koñ yi kenn dëkkul, ba noppi di jaay béykat yi baayaal yi kenn nekkul. Wàññikug askanu Détroit, ndax mënees na koo jiiñ mbir yii ?	['suqali boppam ci wàllu koom ', 'ndajaloom taax', 'toxalum isin', 'dajaloo dëkki taax yu bare']	C	[TextBlock(text='B)ndajaloom taax', type='text')]	[{'role': 'user', 'content': [{'type': 'text', 'text': 'Li aw askanam di wàññi tax dëkku taax bii di Détroit, nekk ci biir Michigan, di wàññi yaatuwaayam, ci noonu muy falaxe koñ yi kenn dëkkul, ba noppi di jaay béykat yi baayaal yi kenn nekkul. Wàññikug askanu Détroit, ndax mënees na koo jiiñ mbir yii ?\n A)suqali boppam ci wàllu koom  B)ndajaloom taax C)toxalum isin D)dajaloo dëkki taax yu bare'}]}]	B
high_school_geography	Askanu àdduna si danuy faral di dajaloo 	['ci biir dajalooy réew yi ', 'ci wetu ndayi-dëkk yi', 'ci ndànd foy-foy gi', 'ci biir pelen toropikaal yi ak waley déeg yi']	B	[TextBlock(text='D)ci biir pelen toropikaal yi ak waley déeg yi', type='text')]	[{'role': 'user', 'content': [{'type': 'text', 'text': 'Askanu àdduna si danuy faral di dajaloo \n A)ci biir dajalooy réew yi  B)ci wetu ndayi-dëkk yi C)ci ndànd foy-foy gi D)ci biir pelen toropikaal yi ak waley déeg yi'}]}]	D
high_school_geography	Walter Christaller móol na benn xalaatinu béréb bu digge ne ab jumtuwaay buy xamle jokkalante yi ci wàllu jàww ji ci diggante ...	['koñi jokkalante yi ak koñ yu deltu ginnaaw yi ', 'ab màrse ak wéy-jokkalanteem ci wàllu ballu yu jëkk', 'ay dëkki taax yu seen tollowaay ak jubluwaay wuute', 'ay fiili jokkalante yu jumtuwaayu wojaasi roplaan']	C	[TextBlock(text='D)ay fiili jokkalante yu jumtuwaayu wojaasi roplaan', type='text')]	[{'role': 'user', 'content': [{'type': 'text', 'text': 'Walter Christaller móol na benn xalaatinu béréb bu digge ne ab jumtuwaay buy xamle jokkalante yi ci wàllu jàww ji ci diggante ...\n A)koñi jokkalante yi ak koñ yu deltu ginnaaw yi  B)ab màrse ak wéy-jokkalanteem ci wàllu ballu yu jëkk C)ay dëkki taax yu seen tollowaay ak jubluwaay wuute D)ay fiili jokkalante yu jumtuwaayu wojaasi roplaan'}]}]	D
high_school_geography	Aw askan wu boole  ñaari xeeti doom-aadama walla lu ko ëpp ba noppi kenn ku ci nekk dese ak sa aada ak cosaan.	['mboddikonte ci wàllu xeet', 'waasu yu jaxasoo', 'jaxasoog aada', 'mbodikkonte ci wàllu aada ak cosaan']	C	[TextBlock(text='D)mbodikkonte ci wàllu aada ak cosaan', type='text')]	[{'role': 'user', 'content': [{'type': 'text', 'text': 'Aw askan wu boole  ñaari xeeti doom-aadama walla lu ko ëpp ba noppi kenn ku ci nekk dese ak sa aada ak cosaan.\n A)mboddikonte ci wàllu xeet B)waasu yu jaxasoo C)jaxasoog aada D)mbodikkonte ci wàllu aada ak cosaan'}]}]	D
high_school_geography	Ndefaraatug koñ yu yàgg yi yàqu yi nekk ci xolu dëkk bi nga xam ne ay nit yu barewul walla sax yu barele koom ñoo ko def.	['taaral dëkkin ', 'boroom barke', 'gën a jox doole gox yi jege taax yi', 'njuréefu ful']	B	[TextBlock(text='A)taaral dëkkin', type='text')]	[{'role': 'user', 'content': [{'type': 'text', 'text': 'Ndefaraatug koñ yu yàgg yi yàqu yi nekk ci xolu dëkk bi nga xam ne ay nit yu barewul walla sax yu barele koom ñoo ko def.\n A)taaral dëkkin  B)boroom barke C)gën a jox doole gox yi jege taax yi D)njuréefu ful'}]}]	A
high_school_geography	Ban tolluwaayu nekkin ci wàllu yokkinu askan mooy méngoo ak yokkinu njur ak yokkinu wéy-ndee yi ?	['Estad 1', 'Estad 2', 'Estad 3', 'Estad  4']	A	[TextBlock(text='B)Estad 2', type='text')]	[{'role': 'user', 'content': [{'type': 'text', 'text': 'Ban tolluwaayu nekkin ci wàllu yokkinu askan mooy méngoo ak yokkinu njur ak yokkinu wéy-ndee yi ?\n A)Estad 1 B)Estad 2 C)Estad 3 D)Estad  4'}]}]	B
high_school_geography	Lan mooy yëng-yëngu bi gën a suufe bi gën a bare ci àdduna si ?	['génne ballu yi', 'rëbb ak raas', 'namp', 'mbéy']	D	[TextBlock(text='B)rëbb ak raas', type='text')]	[{'role': 'user', 'content': [{'type': 'text', 'text': 'Lan mooy yëng-yëngu bi gën a suufe bi gën a bare ci àdduna si ?\n A)génne ballu yi B)rëbb ak raas C)namp D)mbéy'}]}]	B
high_school_geography	Ban ci mbir yii moo nekkul, ci taarix, sababu tukki ?	['yoonu jàngi', 'am walla ñàkk cofeel ci keww gi', 'soppi ni dund giy doxe', 'bokk ci ab pàrti politig']	D	[TextBlock(text='A) yoonu jàngi', type='text')]	[{'role': 'user', 'content': [{'type': 'text', 'text': 'Ban ci mbir yii moo nekkul, ci taarix, sababu tukki ?\n A)yoonu jàngi B)am walla ñàkk cofeel ci keww gi C)soppi ni dund giy doxe D)bokk ci ab pàrti politig'}]}]	A
high_school_geography	Ban ci dëkk yii mooy misaalu dëkk bu amul nguur ?	['Almaañ', 'Israayeel', 'Palestine', 'Romanie']	C	[TextBlock(text='B)Israayeel', type='text')]	[{'role': 'user', 'content': [{'type': 'text', 'text': 'Ban ci dëkk yii mooy misaalu dëkk bu amul nguur ?\n A)Almaañ B)Israayeel C)Palestine D)Romanie'}]}]	B
high_school_geography	Ci Gox yii, ban moo ciy am ay tàmperaatiir yu gën a réy sukkandiku ci fi mu féete ci àdduna si ?	['goxi kopporaani géej yu Canada', 'Sibérie ca Russie', 'ca Espagne', 'Patagonie ca Argentine']	B	[TextBlock(text='B)Sibérie ca Russie', type='text')]	[{'role': 'user', 'content': [{'type': 'text', 'text': 'Ci Gox yii, ban moo ciy am ay tàmperaatiir yu gën a réy sukkandiku ci fi mu féete ci àdduna si ?\n A)goxi kopporaani géej yu Canada B)Sibérie ca Russie C)ca Espagne D)Patagonie ca Argentine'}]}]	B
high_school_geography	Lan mooy njàbootug làkk bu gën a yàgg, bu ëpp solo te gën a wër ci Hudson ba ca Terre de Feu ?	['Amérindien ', 'Malayo-Polynésie', 'Austronésien', 'Esquimau Aléoutien']	A	[TextBlock(text='A) Amérindien', type='text')]	[{'role': 'user', 'content': [{'type': 'text', 'text': 'Lan mooy njàbootug làkk bu gën a yàgg, bu ëpp solo te gën a wër ci Hudson ba ca Terre de Feu ?\n A)Amérindien  B)Malayo-Polynésie C)Austronésien D)Esquimau Aléoutien'}]}]	A
high_school_geography	Ci diine yii, ban moo ci wër àdduna si ?	['Taoisme ', 'Lislaam', 'Shintoisme', 'Confucianisme']	B	[TextBlock(text='B)Lislaam', type='text')]	[{'role': 'user', 'content': [{'type': 'text', 'text': 'Ci diine yii, ban moo ci wër àdduna si ?\n A)Taoisme  B)Lislaam C)Shintoisme D)Confucianisme'}]}]	B
high_school_geography	Tabaxug xalaatinu njëlbeenu ab jub-koñ ci mbir yi may waaj a lim yépp lay aju ba mu des	['Xeetu ndajaloom ndefar ', 'xàllu yooni àll', 'xeeti móolin nooteel gu faraas ak espaañ', 'xeeti nooteel yu waa France ak waa Espagne']	D	[TextBlock(text='D)xeeti nooteel yu waa France ak waa Espagne', type='text')]	[{'role': 'user', 'content': [{'type': 'text', 'text': 'Tabaxug xalaatinu njëlbeenu ab jub-koñ ci mbir yi may waaj a lim yépp lay aju ba mu des\n A)Xeetu ndajaloom ndefar  B)xàllu yooni àll C)xeeti móolin nooteel gu faraas ak espaañ D)xeeti nooteel yu waa France ak waa Espagne'}]}]	D
high_school_geography	Ab moodu-moodu bu nekk Etat-Unis ma ngay jàng làkku àngale.  Mi ngi ci 	['wàcc sa and ', 'móolu xaalaatinu jaxase', 'coppi aada', 'miineel']	C	[TextBlock(text='A) wàcc sa and', type='text')]	[{'role': 'user', 'content': [{'type': 'text', 'text': 'Ab moodu-moodu bu nekk Etat-Unis ma ngay jàng làkku àngale.  Mi ngi ci \n A)wàcc sa and  B)móolu xaalaatinu jaxase C)coppi aada D)miineel'}]}]	A
high_school_geography	Ban ci réew yii may waaj a lim nii la ay fitna yu nguur gi baayelewoon amoon ?	['Rwanda ', 'Etats-Unis ca Amerig', 'Canada', 'Espagne']	A	[TextBlock(text='B)Etats-Unis ca Amerig', type='text')]	[{'role': 'user', 'content': [{'type': 'text', 'text': 'Ban ci réew yii may waaj a lim nii la ay fitna yu nguur gi baayelewoon amoon ?\n A)Rwanda  B)Etats-Unis ca Amerig C)Canada D)Espagne'}]}]	B
high_school_geography	Jëf yi nga xam ne dafa jëm ci njuuj-njuuj ay bérébi wote ngir rekk far moo ngi tudd 	['xaajele', 'njuuj-njaaj ay wote', 'toog sa kër', 'móolinu xalaatu dominos yi']	B	[TextBlock(text='A)xaajele', type='text')]	[{'role': 'user', 'content': [{'type': 'text', 'text': 'Jëf yi nga xam ne dafa jëm ci njuuj-njuuj ay bérébi wote ngir rekk far moo ngi tudd \n A)xaajele B)njuuj-njaaj ay wote C)toog sa kër D)móolinu xalaatu dominos yi'}]}]	A
high_school_geography	Ndongo yiy tëdd ci wetu fi nuy jaaye kafe ci seen ekool ci béréb boobu lanuy gën a mën a lekkee. Ab eksàmpulu ...	['jëf ju garaaw ', 'jokkalante bu sukkandiku ci soriwaay bi', 'mottaleente', 'xaalis bu nu man a soppi ']	B	[TextBlock(text='B)jokkalante bu sukkandiku ci soriwaay bi', type='text')]	[{'role': 'user', 'content': [{'type': 'text', 'text': 'Ndongo yiy tëdd ci wetu fi nuy jaaye kafe ci seen ekool ci béréb boobu lanuy gën a mën a lekkee. Ab eksàmpulu ...\n A)jëf ju garaaw  B)jokkalante bu sukkandiku ci soriwaay bi C)mottaleente D)xaalis bu nu man a soppi '}]}]	B
high_school_geography	Xalaat bi nga xam ne nit yi, waxuma seen nekkin, ñooy ceslaayu tasaarook aada mi ngi tudd 	['tërëlin wu mën a nekk ', 'ku gëmul Yàlla', 'xalaatin woo xam ne dafay fésal ne aw nekkin bokk na ci liy undi ag suqaliku walla ag ñàkk', 'xaymag caada ci wàllu keww gi']	A	[TextBlock(text='D)xaymag caada ci wàllu keww gi', type='text')]	[{'role': 'user', 'content': [{'type': 'text', 'text': 'Xalaat bi nga xam ne nit yi, waxuma seen nekkin, ñooy ceslaayu tasaarook aada mi ngi tudd \n A)tërëlin wu mën a nekk  B)ku gëmul Yàlla C)xalaatin woo xam ne dafay fésal ne aw nekkin bokk na ci liy undi ag suqaliku walla ag ñàkk D)xaymag caada ci wàllu keww gi'}]}]	D
international_law	"Ban xeetu jëfin lanu mën a jàppee ""jëfinu ñàkk a xam"" ?"	['jëfi ñàkk a xam mooy jëf àndul ak lenni fitna', 'bato buy daw jàppees na ne àndul ak benn loraange su fekkee gàkkalul jàmm ji, yeewul fitna walla mu undi ay yëngu-yëngu ci kaaraange réew mi nekk ci wetu géej gi', 'dem ak dikk ci jàmm ci biirug xare, bato yi bokk dëkk ak réew mi ci wetu géej gi rekk la ñeel', 'dem ak dikk ci jàmm ci biirug xare, batoy jokkalante ci njënd ak njaay rekk la soxal, waaye soxalul batoy ayoo yi ']	B	[TextBlock(text='C)yeewul fitna walla mu undi ay yëngu-yëngu ci kaaraange réew mi nekk ci wetu géej gi', type='text')]	"[{'role': 'user', 'content': [{'type': 'text', 'text': 'Ban xeetu jëfin lanu mën a jàppee ""jëfinu ñàkk a xam"" ?\n A)jëfi ñàkk a xam mooy jëf àndul ak lenni fitna B)bato buy daw jàppees na ne àndul ak benn loraange su fekkee gàkkalul jàmm ji C)yeewul fitna walla mu undi ay yëngu-yëngu ci kaaraange réew mi nekk ci wetu géej gi D)dem ak dikk ci jàmm ci biirug xare'}]}]"	C
international_law	Ban xeetu doxalinu nguur moo mënul a ñàkk ?	['Doxalin wu joti fépp, wu wéy te nuróo ci jëf ji ak ci pattu mi', 'ay jëf yu nu wasaare fépp kott, yu yenu maanaa te nuroo waaye kenn waxul ay ay ñàkk a bàyyi xel yu réew yi', 'Jëf ak ñàkk a jëfu gu wasaaroo gu réew yi, donte sax dese naa dëggu walla mu nuroo', 'jëfin wu sax wu yenn ci ay réew yu làmboo ay jëf ak pàttu, te muy jur ay ñàkk a ànd te yeneen réew yi di ko fésal']	A	[TextBlock(text='B) wu wéy te nuróo ci jëf ji ak ci pattu mi', type='text')]	[{'role': 'user', 'content': [{'type': 'text', 'text': 'Ban xeetu doxalinu nguur moo mënul a ñàkk ?\n A)Doxalin wu joti fépp B)wu wéy te nuróo ci jëf ji ak ci pattu mi C)ay jëf yu nu wasaare fépp kott D)yu yenu maanaa te nuroo waaye kenn waxul ay ay ñàkk a bàyyi xel yu réew yi'}]}]	B
international_law	"Yan siife lees mën a jàpp ne ab ""campéefu yoonu bitim-réew"", sukkandiku ci artiikal 38 ci sàrti CIJ ?"	['siifee yu dox yépp ci jamono ji  safaanoo bi am', 'siife yiy dox rekk te xaw a diis ci pàcc yi am jafe-jafe', 'siife yépp yi pàcc yiy defante bokk tënk, su fekkee ñi leen di doxal walla déet', 'siifey réew ak réew kott te mu am solo lool']	B	[TextBlock(text='D)su fekkee ñi leen di doxal walla déet', type='text')]	"[{'role': 'user', 'content': [{'type': 'text', 'text': 'Yan siife lees mën a jàpp ne ab ""campéefu yoonu bitim-réew"", sukkandiku ci artiikal 38 ci sàrti CIJ ?\n A)siifee yu dox yépp ci jamono ji  safaanoo bi am B)siife yiy dox rekk te xaw a diis ci pàcc yi am jafe-jafe C)siife yépp yi pàcc yiy defante bokk tënk D)su fekkee ñi leen di doxal walla déet'}]}]"	D
international_law	"Lan mooy ""peyoor bi mën a ñàkk"", sukkandiku ci sàrtu CIJ ?"	['peyoor gi mën a ñàkk mooy peyoor bi sàrtu CIJ bi waajal ci li yoon tërël te mu sukkandiku ci li pàcc yi waajal', 'peyoor gi mën a ñàkk mooy wax jubluwaayu pàcc yi jëm ci nangu ne dogalu Ndiisoo gi tàbbi na te mëneesu ci dara', 'peyeef gi tënkewul mooy kàddy yi am réew fésal te mu ciy yegle ne nangu na sañ-sañu  Ndiisoo gi ci wàllu wuute ci yoon wi tënk àdduna si, waaye it ci bépp réew mu nangu boobu jataŋ', 'payeef gi tënkewul mooy li pàcc yi joxe te muy ceslaayu tërëlinu waxtaan yi  nu bind  ak yi nu wax']	C	[TextBlock(text='A)peyoor gi mën a ñàkk mooy peyoor bi sàrtu CIJ bi waajal ci li yoon tërël te mu sukkandiku ci li pàcc yi waajal', type='text')]	"[{'role': 'user', 'content': [{'type': 'text', 'text': 'Lan mooy ""peyoor bi mën a ñàkk"", sukkandiku ci sàrtu CIJ ?\n A)peyoor gi mën a ñàkk mooy peyoor bi sàrtu CIJ bi waajal ci li yoon tërël te mu sukkandiku ci li pàcc yi waajal B)peyoor gi mën a ñàkk mooy wax jubluwaayu pàcc yi jëm ci nangu ne dogalu Ndiisoo gi tàbbi na te mëneesu ci dara C)peyeef gi tënkewul mooy kàddy yi am réew fésal te mu ciy yegle ne nangu na sañ-sañu  Ndiisoo gi ci wàllu wuute ci yoon wi tënk àdduna si D)waaye it ci bépp réew mu nangu boobu jataŋ'}]}]"	A
international_law	Fitna yi àndag gànnaay yi ñi bokkul ci nguur gi amal, ndax mënees na koo jàppe ne ab cong bu ànd ak gànnaay su nu sukkandikoo ci artikaal 51 bu sàrtu mbootaayi xeet yi ?	['Jëfini nit ñi gisul seen bopp ci nguur kenn du ko mës a  jàppe ne ab cong ', 'Mbirum Caroline nekk na ceslaay loo xam ne ñi nekkul ci nguur, mën nanu def ay cong, ciw doxalin wu yéeme', 'amul dara lu jiit, ci yoonu réew yi, digle bi nga xam ne ñi nekkul ci nguur mën nanu amal ag cong ak gànnaay', 'ñi bokkul ci nguur mën nanu amal ay cong ak gànnaay cig tënku ci li nuy wax yelleefu feyu, ni ko yoon wi tënk réewi àdduna si tënkee']	B	[TextBlock(text='D) ciw doxalin wu yéeme', type='text')]	[{'role': 'user', 'content': [{'type': 'text', 'text': 'Fitna yi àndag gànnaay yi ñi bokkul ci nguur gi amal, ndax mënees na koo jàppe ne ab cong bu ànd ak gànnaay su nu sukkandikoo ci artikaal 51 bu sàrtu mbootaayi xeet yi ?\n A)Jëfini nit ñi gisul seen bopp ci nguur kenn du ko mës a  jàppe ne ab cong  B)Mbirum Caroline nekk na ceslaay loo xam ne ñi nekkul ci nguur C)mën nanu def ay cong D)ciw doxalin wu yéeme'}]}]	D
international_law	Ban ci waxin yii moo baaxul ?	['Méngale ab yoon la ngir jéem a yemele àq ak yelleefu dooom-aadama ak aar xeet yi bu ci mën  a doon', 'Ngir ñu mën a méngale aw jëf, dafa war a likke ak jubluwaay ci war ci dogalu nduur gi nu taqal', 'yemale gi méngoo na ak li yenu maanaa', 'yemale gi waroon na firi ne nguur gi jël na matukaay yi war ci ni mu gën a tënkee']	C	[TextBlock(text='A) Méngale ab yoon la ngir jéem a yemele àq ak yelleefu dooom-aadama ak aar xeet yi bu ci mën a doon', type='text')]	[{'role': 'user', 'content': [{'type': 'text', 'text': 'Ban ci waxin yii moo baaxul ?\n A)Méngale ab yoon la ngir jéem a yemele àq ak yelleefu dooom-aadama ak aar xeet yi bu ci mën  a doon B)Ngir ñu mën a méngale aw jëf C)dafa war a likke ak jubluwaay ci war ci dogalu nduur gi nu taqal D)yemale gi méngoo na ak li yenu maanaa'}]}]	A
international_law	Ci mbirum Grootboom ci Afrique du Sud, kuréelu yoon ba gën a kowe 	['jàpp na ne nguur gi moo waroon a sasoo, ci yoon, wutal ñi ko soxlawoon ay dëkkuwaay yu tane, ci nu mu gaawe', 'jàpp na ni nguur gi moo sabab ñàkk a aw bérébu suturlukaayu ñi ko yittewoo, waaye yelleefu am dëkkuwaay Ndiisoo gi mënu ko woon gàllankoor', 'jàpp na ne nguur gi dafa waroon a jël ay matuwaay yu yenu maanaa ngir wàccoo ak li ko war ci ñi koy sàkku ci moom sukkandiku ci yoon wi tënk wàllum dëkkuwaay te Ndayu sàrt yi waajal ko', 'jàpp na ne nguur gi yoonam nekkul ci li wéy-sàkku yi ñàkk  ay dëkkuwaay']	C	[TextBlock(text='B) ci yoon', type='text')]	[{'role': 'user', 'content': [{'type': 'text', 'text': 'Ci mbirum Grootboom ci Afrique du Sud, kuréelu yoon ba gën a kowe \n A)jàpp na ne nguur gi moo waroon a sasoo B)ci yoon C)wutal ñi ko soxlawoon ay dëkkuwaay yu tane D)ci nu mu gaawe'}]}]	B
international_law	Ban sàrtu àttekat bii di cogens la CIJ jëkk a nangu, ci lu wér ?	['aaye jëfandikoo doole', 'tere ku fitnaal', 'tere faatug xeet', 'jëfinu dëggal sa bopp']	C	[TextBlock(text='A) aaye jëfandikoo doole', type='text')]	[{'role': 'user', 'content': [{'type': 'text', 'text': 'Ban sàrtu àttekat bii di cogens la CIJ jëkk a nangu, ci lu wér ?\n A)aaye jëfandikoo doole B)tere ku fitnaal C)tere faatug xeet D)jëfinu dëggal sa bopp'}]}]	A
international_law	Ci yan anam la nguur gu nu boddiwul mën a jéebaane nguur gi ko ko def ?	['su fekkee rekk ne réew mi nu boddi nangul na réew i nu boddiwul mu gàddu mbir mi ci turam', 'Su fekkee dafa ag ñàkk a sàlloo ak loo waroon a def lu leer te muy aar léppi ñépp bu benn kippaango réew (loo waroon def lu nuy wax erga omnes partes) walla léppi ñépp benn mbootaayu bitim-réew ci pàccam yépp (loo war a def bu nuy wax erga omnes )', 'su fekkee dafa am ag jalgati ci jëfi kuréeli réew àdduna yi, bu ci mel ni saafaaray Kuréel ku mag gi', 'su fekkee sàlloowu nu ak benn dogalu ndiisoo walla bu benn tirbinaalu àdduna si']	B	[TextBlock(text='A) Su fekkee rekk ne réew mi nu boddi nangul na réew i nu boddiwul mu gàddu mbir mi ci turam', type='text')]	[{'role': 'user', 'content': [{'type': 'text', 'text': 'Ci yan anam la nguur gu nu boddiwul mën a jéebaane nguur gi ko ko def ?\n A)su fekkee rekk ne réew mi nu boddi nangul na réew i nu boddiwul mu gàddu mbir mi ci turam B)Su fekkee dafa ag ñàkk a sàlloo ak loo waroon a def lu leer te muy aar léppi ñépp bu benn kippaango réew (loo waroon def lu nuy wax erga omnes partes) walla léppi ñépp benn mbootaayu bitim-réew ci pàccam yépp (loo war a def bu nuy wax erga omnes ) C)su fekkee dafa am ag jalgati ci jëfi kuréeli réew àdduna yi D)bu ci mel ni saafaaray Kuréel ku mag gi'}]}]	A
international_law	Ndax Nguur yi mën nanu leen a jiiñ ne ñooy ndeyu-mbilli bor yi ak jëfin yu baaxul yi ay kuréeli bitim-réew yu nu bokk def ?	['Réew yi bokk warunu làqatu ci ginnaaw benn kuréel', 'Nit ki jiite kuréel gi dafa wuute ak nit ki jiite réew yi ci bokk', 'kuréel yi ak réew yi bokk ci ñoom seen loxo génnul ci benn jëf bu jàdd yoon bu nu teg kuréel gi', 'réewi wéy-bokk yi ñooy sababi bor yi ak jëf yu ñàkk worma yi nga xam ne mënees na koo jiiñ mbootaay gi']	B	[TextBlock(text='D)réewi wéy-bokk yi ñooy sababi bor yi ak jëf yu ñàkk worma yi nga xam ne mënees na koo jiiñ mbootaay gi', type='text')]	[{'role': 'user', 'content': [{'type': 'text', 'text': 'Ndax Nguur yi mën nanu leen a jiiñ ne ñooy ndeyu-mbilli bor yi ak jëfin yu baaxul yi ay kuréeli bitim-réew yu nu bokk def ?\n A)Réew yi bokk warunu làqatu ci ginnaaw benn kuréel B)Nit ki jiite kuréel gi dafa wuute ak nit ki jiite réew yi ci bokk C)kuréel yi ak réew yi bokk ci ñoom seen loxo génnul ci benn jëf bu jàdd yoon bu nu teg kuréel gi D)réewi wéy-bokk yi ñooy sababi bor yi ak jëf yu ñàkk worma yi nga xam ne mënees na koo jiiñ mbootaay gi'}]}]	D
international_law	Yan ñooy mbir yu mënul a ñàkk yi ngir moolinu ab sàrtu yoonu aada ?	['benn jëfin wu tasaaroo te sax bu réew yi rekk war a am', 'jëfu saxoo ju yenn ci ay réew doy na ', 'Gëm-gëm, ci wàllu yoon, bi ab doom-aadaa di am ci am réew te méngoo ak tënku yoonu àdduna si, mooy ponk bi gën a am solo', 'ñaari mbiri jëf ju wasaaro te sax bu nguur gi ak xalaatu wéy-àtte yi soxla nanu leen ']	D	[TextBlock(text='D) ci wàllu yoon', type='text')]	[{'role': 'user', 'content': [{'type': 'text', 'text': 'Yan ñooy mbir yu mënul a ñàkk yi ngir moolinu ab sàrtu yoonu aada ?\n A)benn jëfin wu tasaaroo te sax bu réew yi rekk war a am B)jëfu saxoo ju yenn ci ay réew doy na  C)Gëm-gëm D)ci wàllu yoon'}]}]	D
international_law	lan mooy jalgatig siife cig maa-tay ?	['jalgatig siife ci tayeef nekk na aw xàll ngir gàntal ab siife', 'jalgati ab siife ci tayeef nekk na xotti worma walla jalgati bu baax  a baax  siife bi, ba noppi nekk lu mën a tax benn pàcc bi neenal siife bi', 'jalgati ab siife ci tayeef nekk na ab jalgati bu amul benn solo ci ab siife ', 'jalgati ab siife ci tayeef nekk ab jalgati bu am solo bu siife bi nga xam ne mënul a yóbboo ci dàq siife bi']	B	[TextBlock(text='B)jalgati ab siife ci tayeef nekk na xotti worma walla jalgati bu baax  a baax  siife bi', type='text')]	[{'role': 'user', 'content': [{'type': 'text', 'text': 'lan mooy jalgatig siife cig maa-tay ?\n A)jalgatig siife ci tayeef nekk na aw xàll ngir gàntal ab siife B)jalgati ab siife ci tayeef nekk na xotti worma walla jalgati bu baax  a baax  siife bi C)ba noppi nekk lu mën a tax benn pàcc bi neenal siife bi D)jalgati ab siife ci tayeef nekk na ab jalgati bu amul benn solo ci ab siife '}]}]	B
international_law	"Lan mooy njuréefu ""coppikug li waral cool li"" ci ag siife ?"	['ab soppeeku bu matale ci ceslaay li ak ci jubluwaayu siife la soxal ba noppi jur ag gàntalam', 'ab soppiku bu matale ci ceslaay li amul solo ci jokkalanteg siife yi', 'ab soppiku bu matale ci doxin yi tënkoon ab pàcc bu am solo yi waxtaan ba déggoo wi ci pàcc yi siife bi lëkkële te xam ne pàcc yi waajalunu ko woon mën nanu ci poroxdonlu def ko sababu dakkal siife bi walla nu génn ci', 'ab soppiku bu matale ci doxin jur na dakkalub siife bi ci saa si']	C	[TextBlock(text='D)ab soppiku bu matale ci doxin jur na dakkalub siife bi ci saa si', type='text')]	"[{'role': 'user', 'content': [{'type': 'text', 'text': 'Lan mooy njuréefu ""coppikug li waral cool li"" ci ag siife ?\n A)ab soppeeku bu matale ci ceslaay li ak ci jubluwaayu siife la soxal ba noppi jur ag gàntalam B)ab soppiku bu matale ci ceslaay li amul solo ci jokkalanteg siife yi C)ab soppiku bu matale ci doxin yi tënkoon ab pàcc bu am solo yi waxtaan ba déggoo wi ci pàcc yi siife bi lëkkële te xam ne pàcc yi waajalunu ko woon mën nanu ci poroxdonlu def ko sababu dakkal siife bi walla nu génn ci D)ab soppiku bu matale ci doxin jur na dakkalub siife bi ci saa si'}]}]"	D
global_facts	ca atum 2014, ñaata moo nekkoon xaymaag xale yi seen at matoon a dug ci daara yi ca Afrique sowu jànt te jotuñu woona dem daara?	['10%', '20%', '35%', '50%']	B	[TextBlock(text='B) 20%', type='text')]	[{'role': 'user', 'content': [{'type': 'text', 'text': 'ca atum 2014, ñaata moo nekkoon xaymaag xale yi seen at matoon a dug ci daara yi ca Afrique sowu jànt te jotuñu woona dem daara?\n A)10% B)20% C)35% D)50%'}]}]	B
global_facts	 adduna mu ngi toll tay ci (2020 )ci ñaari ay junniy xale yi seen at tollu si 0 ba 15 at. bu nu sukkàndikoo si kuréel gu réew yépp doone benn, ñaata xale la adduna bi di am fi ak 2100?  	['4 Milliards', '3 milliards ', '2 milliards', '1 milliard']	C	[TextBlock(text='C) 2 milliards', type='text')]	[{'role': 'user', 'content': [{'type': 'text', 'text': ' adduna mu ngi toll tay ci (2020 )ci ñaari ay junniy xale yi seen at tollu si 0 ba 15 at. bu nu sukkàndikoo si kuréel gu réew yépp doone benn, ñaata xale la adduna bi di am fi ak 2100?  \n A)4 Milliards B)3 milliards  C)2 milliards D)1 milliard'}]}]	C
global_facts	Buñu bàyyee xel si yokkute gi ak si jubbànti waat PPA, ñaata la PIB yokk si wéy dëkk ya ca Inde si digànte 1950 ak 2016? 	['4 yoon yu ëpp', 'Lu mat 8i yoon', '16i yoon', '32i yoon']	A	[TextBlock(text='B)Lu mat 8i yoon', type='text')]	[{'role': 'user', 'content': [{'type': 'text', 'text': 'Buñu bàyyee xel si yokkute gi ak si jubbànti waat PPA, ñaata la PIB yokk si wéy dëkk ya ca Inde si digànte 1950 ak 2016? \n A)4 yoon yu ëpp B)Lu mat 8i yoon C)16i yoon D)32i yoon'}]}]	B
global_facts	Ca 2020, bann xayma la nit ñi nekk Afrique sawu jànt di dundaat ak lu yées 1,90$ ?	['10%', '20%', '40%', '80%']	C	[TextBlock(text='D)80%', type='text')]	[{'role': 'user', 'content': [{'type': 'text', 'text': 'Ca 2020, bann xayma la nit ñi nekk Afrique sawu jànt di dundaat ak lu yées 1,90$ ?\n A)10% B)20% C)40% D)80%'}]}]	D
global_facts	Bann réew moo bind lim bu ëpp si xale yu gaañu te matalunu juroomi àt ci atum 2017?  	['Chine', 'Etats Unis', 'Indonesie', 'Pakistan']	D	[TextBlock(text='D)Pakistan', type='text')]	[{'role': 'user', 'content': [{'type': 'text', 'text': 'Bann réew moo bind lim bu ëpp si xale yu gaañu te matalunu juroomi àt ci atum 2017?  \n A)Chine B)Etats Unis C)Indonesie D)Pakistan'}]}]	D
global_facts	bann si wax yi mooy dëgg si;lu aju si xaymaag yokkute nit ñi si adduna? 	['xaymaag yokkute nittu adduna bi moo gënoona yéek ñenti yoon , def na 50 at ca 2020  ', 'xayma yokkuteeg nitt yi ci adduna moo ëppoon ñaari yoon ca atum 2020    ', 'Limug yokkute moo gënoon yéek bu atum 2020', 'Limug yokkute moo gënoon yéek ñieti yoon bu atum 2020']	B	[TextBlock(text='D)Limug yokkute moo gënoon yéek bu atum 2020', type='text')]	[{'role': 'user', 'content': [{'type': 'text', 'text': 'bann si wax yi mooy dëgg si;lu aju si xaymaag yokkute nit ñi si adduna? \n A)xaymaag yokkute nittu adduna bi moo gënoona yéek ñenti yoon B)def na 50 at ca 2020   C)xayma yokkuteeg nitt yi ci adduna moo ëppoon ñaari yoon ca atum 2020     D)Limug yokkute moo gënoon yéek bu atum 2020'}]}]	D
global_facts	réewu Amerique Latine yu bari dog nanu seen buumu njaam?	['nes tuuti ba ñaareelu xare adduna bi jeexe', 'ca ati 1960 ya', 'ca jomonoy xare adduna bu njëkk bi', 'Ci tàmbalig XIXe xarnu bi']	D	[TextBlock(text='B)ca ati 1960 ya', type='text')]	[{'role': 'user', 'content': [{'type': 'text', 'text': 'réewu Amerique Latine yu bari dog nanu seen buumu njaam?\n A)nes tuuti ba ñaareelu xare adduna bi jeexe B)ca ati 1960 ya C)ca jomonoy xare adduna bu njëkk bi D)Ci tàmbalig XIXe xarnu bi'}]}]	B
global_facts	ca ëllëgu tàkk tàkk bombe atomique bi, ñaata nitt yu dëkk Amérique ñoo nàngu woon seen réew jox Japon ab ndimbal, buude sax dafay tax seeniy lekk wàññeeku?    	['33%', '50%', '66%', '85%']	C	[TextBlock(text='C)66%', type='text')]	[{'role': 'user', 'content': [{'type': 'text', 'text': 'ca ëllëgu tàkk tàkk bombe atomique bi, ñaata nitt yu dëkk Amérique ñoo nàngu woon seen réew jox Japon ab ndimbal, buude sax dafay tax seeniy lekk wàññeeku?    \n A)33% B)50% C)66% D)85%'}]}]	C
global_facts	Ca atum 1948, ñaata nitt yu dëkk Amérique ñoo doon xalaat ni nettali bi di Kinsey si mbir yi aju wàllu cëri gόor ñi lun bonn la woon?  	['92%', '64%', '27%', '11%']	D	[TextBlock(text='B)64%', type='text')]	[{'role': 'user', 'content': [{'type': 'text', 'text': 'Ca atum 1948, ñaata nitt yu dëkk Amérique ñoo doon xalaat ni nettali bi di Kinsey si mbir yi aju wàllu cëri gόor ñi lun bonn la woon?  \n A)92% B)64% C)27% D)11%'}]}]	B
global_facts	ñaata mooy xayma PIB adduna bi bi nu jagleel wàllum pàjj ci atum 2017?	['1%', '2%', '5%', '10%']	D	[TextBlock(text='B)2%', type='text')]	[{'role': 'user', 'content': [{'type': 'text', 'text': 'ñaata mooy xayma PIB adduna bi bi nu jagleel wàllum pàjj ci atum 2017?\n A)1% B)2% C)5% D)10%'}]}]	B
high_school_microeconomics	bu fekke ni li néew si li kër yi di am dafay yokk te it laajceeg faaru mbaam yi dafay yokk itam, faaru mbaam yi dafay doon 	['meeññeef mu baaxul lool', 'benn meeññeef bu baax  ', 'ab moomeel bu ëpp', 'moomeel askan wi']	B	[TextBlock(text='B) benn meeññeef bu baax', type='text')]	[{'role': 'user', 'content': [{'type': 'text', 'text': 'bu fekke ni li néew si li kër yi di am dafay yokk te it laajceeg faaru mbaam yi dafay yokk itam, faaru mbaam yi dafay doon \n A)meeññeef mu baaxul lool B)benn meeññeef bu baax   C)ab moomeel bu ëpp D)moomeel askan wi'}]}]	B
high_school_microeconomics	ab coppite si benn ci mbir yii  may bëga lim du masa tax rëdd binuy nataale laajceem hamburgers yi am coppeeku 	['njëgu hot dog yi', 'njëgu hamburgers yi', 'njëgu mburu yi hamburger', 'fu am am njënd katu hamburgers yi tollu']	B	[TextBlock(text='D)fu am am njënd katu hamburgers yi tollu', type='text')]	[{'role': 'user', 'content': [{'type': 'text', 'text': 'ab coppite si benn ci mbir yii  may bëga lim du masa tax rëdd binuy nataale laajceem hamburgers yi am coppeeku \n A)njëgu hot dog yi B)njëgu hamburgers yi C)njëgu mburu yi hamburger D)fu am am njënd katu hamburgers yi tollu'}]}]	D
high_school_microeconomics	bu fekke ni njëg li gëna néew dafa toollo ak  benn  njëg si jàbba yijaay ay meeññeef yu am wujjànteeb njëg ci anamu toolloole leen lu yàgg, bann ci kàddu yi moo jubul?  	['amna ab jurin ak njëg lu am solo ak njariñ  si askan wi   ', 'yeneen jaykatu meeññeef nak yi amuñu njariñ ', 'ab mbir biy wane ni dajaloog jaaykat bu am solo', 'njëg li njënd kat bi tekk si meññeef dafa tollook ak njag li jaay kat bi defaree meññ ak as lëf lunu si tekk ngir jayaat ko ']	C	[TextBlock(text='D) njëg li njënd kat bi tekk si meññeef dafa tollook ak njag li jaay kat bi defaree meññ ak as lëf lunu si tekk ngir jayaat ko', type='text')]	[{'role': 'user', 'content': [{'type': 'text', 'text': 'bu fekke ni njëg li gëna néew dafa toollo ak  benn  njëg si jàbba yijaay ay meeññeef yu am wujjànteeb njëg ci anamu toolloole leen lu yàgg, bann ci kàddu yi moo jubul?  \n A)amna ab jurin ak njëg lu am solo ak njariñ  si askan wi    B)yeneen jaykatu meeññeef nak yi amuñu njariñ  C)ab mbir biy wane ni dajaloog jaaykat bu am solo D)njëg li njënd kat bi tekk si meññeef dafa tollook ak njag li jaay kat bi defaree meññ ak as lëf lunu si tekk ngir jayaat ko '}]}]	D
high_school_microeconomics	bu fekke ni si njëgu benn yëf bu am solo, doyloo gi  wéy jënd kat bi am si benn yokku yokku bune si boobe yëf dafay wàññeeku, bann ci kàddu mooy wane bu baax mbir mi?	['defarin bu yemamaay tey wàcc', 'njëgu lu yemamaay si njariñ  li dafay wàcc  ', 'njariñ  li kiy saytu koom koom li gis ne dafay yéeg ', 'defarin bu yemamaay tey yokku']	B	[TextBlock(text='B) njëgu lu yemamaay si njariñ li dafay wàcc', type='text')]	[{'role': 'user', 'content': [{'type': 'text', 'text': 'bu fekke ni si njëgu benn yëf bu am solo, doyloo gi  wéy jënd kat bi am si benn yokku yokku bune si boobe yëf dafay wàññeeku, bann ci kàddu mooy wane bu baax mbir mi?\n A)defarin bu yemamaay tey wàcc B)njëgu lu yemamaay si njariñ  li dafay wàcc   C)njariñ  li kiy saytu koom koom li gis ne dafay yéeg  D)defarin bu yemamaay tey yokku'}]}]	B
high_school_microeconomics	ci diir bu yàgg, ab mbootaayu nawle bu ne si nam bennoo	['du àndi benn benefiis ci wàllu koom koom', 'benn wéy defar kat dafay àm benefiisu koom koom bu am solo', 'dafay am benefiisu koom koom bu am solo', 'janook benn rëdd bu mbiy firndéel laaj gi']	A	[TextBlock(text='C) dafay am benefiisu koom koom bu am solo', type='text')]	[{'role': 'user', 'content': [{'type': 'text', 'text': 'ci diir bu yàgg, ab mbootaayu nawle bu ne si nam bennoo\n A)du àndi benn benefiis ci wàllu koom koom B)benn wéy defar kat dafay àm benefiisu koom koom bu am solo C)dafay am benefiisu koom koom bu am solo D)janook benn rëdd bu mbiy firndéel laaj gi'}]}]	C
high_school_microeconomics	wéeru si ab jàbba miy jaay ay meeññeef yu wujjànteey njëg am si seen biir ak njëg yi tolloo, mënees nanoo xaar ab bennoo dug si	['ay ñakk yu wow koŋŋ      ', 'njëg dafay gëna wàcc', 'li nuy defar dafay gëna bari', 'ay bérébu liggéeyu kaay yu ëpp']	A	[TextBlock(text='B) njëg dafay gëna wàcc', type='text')]	[{'role': 'user', 'content': [{'type': 'text', 'text': 'wéeru si ab jàbba miy jaay ay meeññeef yu wujjànteey njëg am si seen biir ak njëg yi tolloo, mënees nanoo xaar ab bennoo dug si\n A)ay ñakk yu wow koŋŋ       B)njëg dafay gëna wàcc C)li nuy defar dafay gëna bari D)ay bérébu liggéeyu kaay yu ëpp'}]}]	B
high_school_microeconomics	si bann ci leeral yi may bëgg a wax la coppiteeg njëg yi akit seenug ñakka tolloo mënees leen a leer al	['I', 'joxe gi ak laajub benn moomel dafay yokk', 'joxe mi dafay yokk, laaj mi wàññeeku ', 'du benn ci tontu yii']	D	[TextBlock(text='D) laaj mi wàññeeku', type='text')]	[{'role': 'user', 'content': [{'type': 'text', 'text': 'si bann ci leeral yi may bëgg a wax la coppiteeg njëg yi akit seenug ñakka tolloo mënees leen a leer al\n A)I B)joxe gi ak laajub benn moomel dafay yokk C)joxe mi dafay yokk D)laaj mi wàññeeku '}]}]	D
high_school_microeconomics	bann ci kàddu yi mooy gëna firndéel koom koom benn bennal?	['bu fekke ni defarin ab bérébu liggéeyukaay dafay wàññeeku, njëg lu yemamaay luy tax bile béréb di defar dafay wàññeeku itam     ', 'bu fekke ni bérébu liggéeyukaay bi li muy defar dafay yokk, njëg lu yemamaay lu tax béréb defar dafay wàññeeku  ', ' bu fekke ni li bérébu liggéeyukaay di am matna ñetti yoon limu daan am, dafay defar ñenti yoon la mu daan defar', 'bu fekke ni mbir yiy tax béreb bi di defar yokku lu mat ñetti yoon, befarb dafay defay lu mat  ñaari yoon ']	C	[TextBlock(text='D)njëg lu yemamaay lu tax béréb defar dafay wàññeeku', type='text')]	[{'role': 'user', 'content': [{'type': 'text', 'text': 'bann ci kàddu yi mooy gëna firndéel koom koom benn bennal?\n A)bu fekke ni defarin ab bérébu liggéeyukaay dafay wàññeeku B)njëg lu yemamaay luy tax bile béréb di defar dafay wàññeeku itam      C)bu fekke ni bérébu liggéeyukaay bi li muy defar dafay yokk D)njëg lu yemamaay lu tax béréb defar dafay wàññeeku  '}]}]	D
high_school_microeconomics	 ngir ab mbootayu nawle buy yéngu c wàllu weñ  te tilimal jawu ji, ab jëfu bguur giy tax ñu am ab jeexital gu yémb wala bu bax dafa wara amit jeexital si njëg liy tax tolloole am si jàbba defar kat yi? 	['bu defar gi yokkoo, njëg li du soppeeku', 'defarin bu yokkoo, njëg li dafay wàññeeku  ', 'defar gi war naa yokku, njëg li warna yokk', 'defar gi wara wàññeeku, njëg li wara yokku ']	D	[TextBlock(text='D)njëg li dafay wàññeeku', type='text')]	[{'role': 'user', 'content': [{'type': 'text', 'text': ' ngir ab mbootayu nawle buy yéngu c wàllu weñ  te tilimal jawu ji, ab jëfu bguur giy tax ñu am ab jeexital gu yémb wala bu bax dafa wara amit jeexital si njëg liy tax tolloole am si jàbba defar kat yi? \n A)bu defar gi yokkoo B)njëg li du soppeeku C)defarin bu yokkoo D)njëg li dafay wàññeeku  '}]}]	D
high_school_microeconomics	gëm gëm gi aju yokk njariñ li  ba fu yokkute mëna yemu mooy nga tànn meñeef yiy dajaloo te	['njëriñ lu amul solo bu gëna bari si moomel yi nekk si ndab li  ', 'njëgu moomeel yi ñoo gëna tuuti ci ab bérébu liggéeyukaay  ', 'amna njëg lu gëna kawe si njariñ li kiy saytu koom koom gi gis si li aju si njëgu moomel bu ne', 'li xaajale njariñ lu yemamaay li ak njëg li dafa tollool si moomeel yi ndab li am lépp te mu tënku si linu wara am.']	D	[TextBlock(text='D)li xaajale njariñ lu yemamaay li ak njëg li dafa tollool si moomeel yi ndab li am lépp te mu tënku si linu wara am.', type='text')]	[{'role': 'user', 'content': [{'type': 'text', 'text': 'gëm gëm gi aju yokk njariñ li  ba fu yokkute mëna yemu mooy nga tànn meñeef yiy dajaloo te\n A)njëriñ lu amul solo bu gëna bari si moomel yi nekk si ndab li   B)njëgu moomeel yi ñoo gëna tuuti ci ab bérébu liggéeyukaay   C)amna njëg lu gëna kawe si njariñ li kiy saytu koom koom gi gis si li aju si njëgu moomel bu ne D)li xaajale njariñ lu yemamaay li ak njëg li dafa tollool si moomeel yi ndab li am lépp te mu tënku si linu wara am.'}]}]	D
high_school_microeconomics	sàrt bi wane ni P=MC moo di sàrt bu jubb si anamu njariñ? 	['njariñ lu ñëpp mëna bokk    ', 'njariñ lu aju ci liggéey bi  ', 'njariñ u li nuy defar  ', 'njariñu liñu leen jagleel']	D	[TextBlock(text='C)njariñ u li nuy defar', type='text')]	[{'role': 'user', 'content': [{'type': 'text', 'text': 'sàrt bi wane ni P=MC moo di sàrt bu jubb si anamu njariñ? \n A)njariñ lu ñëpp mëna bokk     B)njariñ lu aju ci liggéey bi   C)njariñ u li nuy defar   D)njariñu liñu leen jagleel'}]}]	C
high_school_microeconomics	bann ci mbir yii mooy wara mënë andi yookute ba fu ab réew mëna yemm ci ab géfar (FPP)?	['baxaayub tërëlinu njàng mu kawe mi réew mi dafay wàññeeku ndànk ndànk', 'kilifaay réew yi danuy dugal seenug ndimbal si saytu ak si yokkute jumtukaayu xarala yu bees yi', 'xaymaag limu xale yuy dee si réew dafay yokk', 'tilim tilimu aalam bi dafay yàkk wérguramu askan wi']	B	[TextBlock(text='A) baxaayub tërëlinu njàng mu kawe mi réew mi dafay wàññeeku ndànk ndànk', type='text')]	[{'role': 'user', 'content': [{'type': 'text', 'text': 'bann ci mbir yii mooy wara mënë andi yookute ba fu ab réew mëna yemm ci ab géfar (FPP)?\n A)baxaayub tërëlinu njàng mu kawe mi réew mi dafay wàññeeku ndànk ndànk B)kilifaay réew yi danuy dugal seenug ndimbal si saytu ak si yokkute jumtukaayu xarala yu bees yi C)xaymaag limu xale yuy dee si réew dafay yokk D)tilim tilimu aalam bi dafay yàkk wérguramu askan wi'}]}]	A
high_school_microeconomics	ci diir bu gàtt, taxawal dafer gi dafa tollook 	['poñ bu ndaw si njëg lépp te yemamaay', 'poñ bu ëpp si njëg lu yemamaay lépp', 'poñ bu gëna néew si njëg lu yemamaay lu mëna soopeeku li ', 'poñ wu ëpp si njëg lu yemamaay luy soppeeku li']	C	[TextBlock(text='D)poñ wu ëpp si njëg lu yemamaay luy soppeeku li', type='text')]	[{'role': 'user', 'content': [{'type': 'text', 'text': 'ci diir bu gàtt, taxawal dafer gi dafa tollook \n A)poñ bu ndaw si njëg lépp te yemamaay B)poñ bu ëpp si njëg lu yemamaay lépp C)poñ bu gëna néew si njëg lu yemamaay lu mëna soopeeku li  D)poñ wu ëpp si njëg lu yemamaay luy soppeeku li'}]}]	D
high_school_microeconomics	bann ci xalaat yi moor wane anam yiy firndéel ni mbootaayu nawle  yu nekk ci ab wàllug wujjeeg bennoo amunu njariñ?	['ab ngañaay bu gëna yokku bosu bérébu deféru kaay yuy wujjànte', 'njëg lu gëna tuuti bosu bérébu défarukaay yi nuy wujjéel', 'njëg li dafa tollook njëg lu nu yokk ngir yokk li nuy defar', 'mën mën bu ëpp si bérébu defarukaay yi wujjànte']	D	[TextBlock(text='D)mën mën bu ëpp si bérébu defarukaay yi wujjànte', type='text')]	[{'role': 'user', 'content': [{'type': 'text', 'text': 'bann ci xalaat yi moor wane anam yiy firndéel ni mbootaayu nawle  yu nekk ci ab wàllug wujjeeg bennoo amunu njariñ?\n A)ab ngañaay bu gëna yokku bosu bérébu deféru kaay yuy wujjànte B)njëg lu gëna tuuti bosu bérébu défarukaay yi nuy wujjéel C)njëg li dafa tollook njëg lu nu yokk ngir yokk li nuy defar D)mën mën bu ëpp si bérébu defarukaay yi wujjànte'}]}]	D
high_school_microeconomics	bu fekke ni yokkute joxe gi ak laajce gi amna, jeexital gi mooy li	['ab yokkute yu nu tërël si njëg yi te yit am coppite bu amul fumu yemm si nimu toll', 'ab yokkute bu leer si tolluwaay li akit ab coppeeku bu wérul si njëg li', 'ab wàññiku bu wér si lim gi ak ab coppite bu kenn leeralul ci njëg li ', 'ab wàññigu leer ci njëg yi  ak itam ak yokkute gu wér ci lim gi']	B	[TextBlock(text='D)ab wàññigu leer ci njëg yi  ak itam ak yokkute gu wér ci lim gi', type='text')]	[{'role': 'user', 'content': [{'type': 'text', 'text': 'bu fekke ni yokkute joxe gi ak laajce gi amna, jeexital gi mooy li\n A)ab yokkute yu nu tërël si njëg yi te yit am coppite bu amul fumu yemm si nimu toll B)ab yokkute bu leer si tolluwaay li akit ab coppeeku bu wérul si njëg li C)ab wàññiku bu wér si lim gi ak ab coppite bu kenn leeralul ci njëg li  D)ab wàññigu leer ci njëg yi  ak itam ak yokkute gu wér ci lim gi'}]}]	D
high_school_microeconomics	bann ci mbir yii mooy firndéel ni rëdd firndée laajceeb liggéey ab mbootaayu nawle dafa nekk si anamu wujjee gu réy?	['am am gu yemamaay bu gëna tuuti bépp wàllub defarin', 'am am gu yokk gànnaw ba yokke la nuy defar dafa tollook njëg la nu yokk si wàllug defarin yépp', 'njëg li ak ngañaay liy dugg  ñoo tolloo ci wàllub defarin yépp ', 'dafa méngook rëddub nataalub laajce gi si jàba ji']	C	[TextBlock(text='D)dafa méngook rëddub nataalub laajce gi si jàba ji', type='text')]	[{'role': 'user', 'content': [{'type': 'text', 'text': 'bann ci mbir yii mooy firndéel ni rëdd firndée laajceeb liggéey ab mbootaayu nawle dafa nekk si anamu wujjee gu réy?\n A)am am gu yemamaay bu gëna tuuti bépp wàllub defarin B)am am gu yokk gànnaw ba yokke la nuy defar dafa tollook njëg la nu yokk si wàllug defarin yépp C)njëg li ak ngañaay liy dugg  ñoo tolloo ci wàllub defarin yépp  D)dafa méngook rëddub nataalub laajce gi si jàba ji'}]}]	D
high_school_microeconomics	su fekke ni bérébu liggéey bi li mu andil askan wi baaxul, te ànd ak benn moomelu jàmbur, lan la nguur gi wara def lu gëna mëna amal jàba jeexital bu am solo?	['tëjj bérébu liggéey kaay boobu di defar moomel gi', 'dimbali bérébu defarukaay bi ak jënd katam yi', 'tekk bérébu liggéey bi ay juuti', 'tànn ab koppar gi nu leen di tegal']	C	[TextBlock(text='D)tànn ab koppar gi nu leen di tegal', type='text')]	[{'role': 'user', 'content': [{'type': 'text', 'text': 'su fekke ni bérébu liggéey bi li mu andil askan wi baaxul, te ànd ak benn moomelu jàmbur, lan la nguur gi wara def lu gëna mëna amal jàba jeexital bu am solo?\n A)tëjj bérébu liggéey kaay boobu di defar moomel gi B)dimbali bérébu defarukaay bi ak jënd katam yi C)tekk bérébu liggéey bi ay juuti D)tànn ab koppar gi nu leen di tegal'}]}]	D
high_school_microeconomics	bu fekke ni rëdd miy jëmmël laajceep liggéey dafa weng jëmm ci suuf , yokkute payoor bu néew ba néew dafa tollu ci	['ngañaay yi ci yenn liggéey kat te amalul njëriñ ñenn ñi ', 'am ngañaay si liggéey lat yép te dafay gàllankoor  ñenn ñi ', 'mënees naa àndil ay lorᾶᾶge jaay kat ak jënd kat bi yépp', 'dafa am ngañaay si liggéey kat bi ak si joxe kat liggéey yi yépp ']	A	[TextBlock(text='D)dafa am ngañaay si liggéey kat bi ak si joxe kat liggéey yi yépp', type='text')]	[{'role': 'user', 'content': [{'type': 'text', 'text': 'bu fekke ni rëdd miy jëmmël laajceep liggéey dafa weng jëmm ci suuf , yokkute payoor bu néew ba néew dafa tollu ci\n A)ngañaay yi ci yenn liggéey kat te amalul njëriñ ñenn ñi  B)am ngañaay si liggéey lat yép te dafay gàllankoor  ñenn ñi  C)mënees naa àndil ay lorᾶᾶge jaay kat ak jënd kat bi yépp D)dafa am ngañaay si liggéey kat bi ak si joxe kat liggéey yi yépp '}]}]	D
high_school_microeconomics	rëdd miy jëmmël tolluwaayu laajceep liggéey mi dafa weng jëmm ci suuf, yokkute payoor bu néew ba néew mu ngi tollu si	['ab wengaay bu yeek jëmee ci wetu ndeyjoor gi', 'dafay faral di wàcc di jëmee ci booru ndeyjoor gi', 'ab rëdd wu jubb xocc', 'ab njariñ yu jubb te tëdd ']	D	[TextBlock(text='D)ab njariñ yu jubb te tëdd', type='text')]	[{'role': 'user', 'content': [{'type': 'text', 'text': 'rëdd miy jëmmël tolluwaayu laajceep liggéey mi dafa weng jëmm ci suuf, yokkute payoor bu néew ba néew mu ngi tollu si\n A)ab wengaay bu yeek jëmee ci wetu ndeyjoor gi B)dafay faral di wàcc di jëmee ci booru ndeyjoor gi C)ab rëdd wu jubb xocc D)ab njariñ yu jubb te tëdd '}]}]	D
high_school_microeconomics	bu fekke ni ab mbootaayu nawle dafa wàññi ay njëgëm si lu tollook 15% te liy dug lépp dafay yokk si lu tollu si 30%, bann ci leeral moo jub?	['liy yombalal coppite njëgg yi ci laajum yenn njaay yi ai digànteem ak njëg li dafa doon benn.', 'liy tax njëgu laajce mi di yéegaka wàcc nimu soobe dafa taxaw', 'coppitteg njëgu laajce mënees naa soppeeku ', 'xaymaag tolluwaay coppiku bi mu ngu tollu si 1']	C	[TextBlock(text='C)coppitteg njëgu laajce mënees naa soppeeku', type='text')]	[{'role': 'user', 'content': [{'type': 'text', 'text': 'bu fekke ni ab mbootaayu nawle dafa wàññi ay njëgëm si lu tollook 15% te liy dug lépp dafay yokk si lu tollu si 30%, bann ci leeral moo jub?\n A)liy yombalal coppite njëgg yi ci laajum yenn njaay yi ai digànteem ak njëg li dafa doon benn. B)liy tax njëgu laajce mi di yéegaka wàcc nimu soobe dafa taxaw C)coppitteg njëgu laajce mënees naa soppeeku  D)xaymaag tolluwaay coppiku bi mu ngu tollu si 1'}]}]	C
