subject	question	choices	answer	opus	prompt
elementary_mathematics	Colton kple fofoa ƒle aŋɔ ganu ɖeka si xɔ $ 13 kple aŋɔsinu eve siwo ƒe ɖe sia ɖe ƒe asi nye $ 9. Fe si katã xe ge wole ƒe home amlɔkɔe manɔmee nye neni mahã ?	['dollar US 22', 'dollars US 24', 'dollars US 31', 'dollars US 35']	C	[TextBlock(text='C)dollars US 31', type='text')]	[{'role': 'user', 'content': [{'type': 'text', 'text': 'Colton kple fofoa ƒle aŋɔ ganu ɖeka si xɔ $ 13 kple aŋɔsinu eve siwo ƒe ɖe sia ɖe ƒe asi nye $ 9. Fe si katã xe ge wole ƒe home amlɔkɔe manɔmee nye neni mahã ?\n A)dollar US 22 B)dollars US 24 C)dollars US 31 D)dollars US 35'}]}]
elementary_mathematics	Di Y ƒe xexleme le kadedeakɔŋta sia me: y -2 + 3y = 10	['2', '3', '4', '5']	B	[TextBlock(text='C)4', type='text')]	[{'role': 'user', 'content': [{'type': 'text', 'text': 'Di Y ƒe xexleme le kadedeakɔŋta sia me: y -2 + 3y = 10\n A)2 B)3 C)4 D)5'}]}]
elementary_mathematics	Bu kadedekɔŋta sia: 2* W = 66	['33', '44', '88', '99']	B	[TextBlock(text='A)33', type='text')]	[{'role': 'user', 'content': [{'type': 'text', 'text': 'Bu kadedekɔŋta sia: 2* W = 66\n A)33 B)44 C)88 D)99'}]}]
elementary_mathematics	Wendy le didim be yeaku nume ahanya ayisikle si amewo lɔ̃na wu le yeƒe sukua me la ŋu. Mɔnu siwo gbɔna la dometɔ kae ana be Wendy atsiã sukuviƒuƒoƒo nyuitɔ wu?	['sukuvi 10 le xɔ sia xɔ me', 'Nyɔnuviwo ƒe afɔbɔlhamenɔlawo tsatsiã', 'Ŋuysuviwo ƒe basketbɔlhamenɔlawo tsatsiã', 'Sukuvi siwo lɔ̃a ayikle si eyahã lɔ̃na ƒe tsatsiã']	A	[TextBlock(text='A)sukuvi 10 le xɔ sia xɔ me', type='text')]	[{'role': 'user', 'content': [{'type': 'text', 'text': 'Wendy le didim be yeaku nume ahanya ayisikle si amewo lɔ̃na wu le yeƒe sukua me la ŋu. Mɔnu siwo gbɔna la dometɔ kae ana be Wendy atsiã sukuviƒuƒoƒo nyuitɔ wu?\n A)sukuvi 10 le xɔ sia xɔ me B)Nyɔnuviwo ƒe afɔbɔlhamenɔlawo tsatsiã C)Ŋuysuviwo ƒe basketbɔlhamenɔlawo tsatsiã D)Sukuvi siwo lɔ̃a ayikle si eyahã lɔ̃na ƒe tsatsiã'}]}]
elementary_mathematics	ŋlɔ 5,875 le eƒe nɔnɔme baka nu alo le eƒe fifli bɔbɔetɔ nu	['5 kple 8 le 9 dzi', '5 kple 7 le 8 dzi', '7 le 8 dzi', '5 kple 87 le 105 dzi']	B	[TextBlock(text='C)7 le 8 dzi', type='text')]	[{'role': 'user', 'content': [{'type': 'text', 'text': 'ŋlɔ 5,875 le eƒe nɔnɔme baka nu alo le eƒe fifli bɔbɔetɔ nu\n A)5 kple 8 le 9 dzi B)5 kple 7 le 8 dzi C)7 le 8 dzi D)5 kple 87 le 105 dzi'}]}]
elementary_mathematics	Bu kadedemekɔŋta sia 124 = m + 34	['158', '90', '88', '4,216']	B	[TextBlock(text='B)90', type='text')]	[{'role': 'user', 'content': [{'type': 'text', 'text': 'Bu kadedemekɔŋta sia 124 = m + 34\n A)158 B)90 C)88 D)4'}]}]
elementary_mathematics	Zelma ƒle akɔɖu kilo ɖeka eyey esia ƒe ga nye cents 20 eye wòtsɔ dollar 20 xe fea. Gaɖakadzikpɔla ɖe akɔɖuawo ƒe ga le dollar bla eve si wotsɔ nae la me ale be yeanya ga si yeatrɔ ana Zelma lae. Akɔŋta ka woawɔ ahakpɔ ga si woatrɔ ana Zelma mahã ?	['p - 20', '20 - 40P', '20 - 0,40P', '0,4P - 20']	C	[TextBlock(text='D) 40P', type='text')]	[{'role': 'user', 'content': [{'type': 'text', 'text': 'Zelma ƒle akɔɖu kilo ɖeka eyey esia ƒe ga nye cents 20 eye wòtsɔ dollar 20 xe fea. Gaɖakadzikpɔla ɖe akɔɖuawo ƒe ga le dollar bla eve si wotsɔ nae la me ale be yeanya ga si yeatrɔ ana Zelma lae. Akɔŋta ka woawɔ ahakpɔ ga si woatrɔ ana Zelma mahã ?\n A)p - 20 B)20 - 40P C)20 - 0 D)40P'}]}]
elementary_mathematics	Ayawagbã gã aɖe le Celia si, si me wobaka ga wuwlui ƒomevi vovovo ene ɖo. Edi be yeaku ɖewo ale be yeabu tame le gaƒomevi si le ye si sɔgbɔ la ŋu.Mɔnu siawo dometɔ kae dze na ga la tsiatsiã nyuie wu mahã ?	['Woatsɔ ga ɖeka ko le ayawagbã la me', 'Woanɔ gawo tsɔm va se ɖe esime woatsɔ gaƒomevi ɖe sia ɖe', 'Woaɖe gaƒomevi ɖe sia ɖe ewo le ayawagbã la me', 'Woamia ŋku aɖe ga wuwlui bla etɔ̃ le agbãa me.']	D	[TextBlock(text='A)Woatsɔ ga ɖeka ko le ayawagbã la me', type='text')]	[{'role': 'user', 'content': [{'type': 'text', 'text': 'Ayawagbã gã aɖe le Celia si, si me wobaka ga wuwlui ƒomevi vovovo ene ɖo. Edi be yeaku ɖewo ale be yeabu tame le gaƒomevi si le ye si sɔgbɔ la ŋu.Mɔnu siawo dometɔ kae dze na ga la tsiatsiã nyuie wu mahã ?\n A)Woatsɔ ga ɖeka ko le ayawagbã la me B)Woanɔ gawo tsɔm va se ɖe esime woatsɔ gaƒomevi ɖe sia ɖe C)Woaɖe gaƒomevi ɖe sia ɖe ewo le ayawagbã la me D)Woamia ŋku aɖe ga wuwlui bla etɔ̃ le agbãa me.'}]}]
elementary_mathematics	Nɔnɔme ka mee woate wɔ akɔŋta sia : 64 + 8 ?	['Bɔsu 8 lii eye sukuvi 64 le ɖe sia ɖe me', 'aƒenɔ Sangare kɔ nuŋlɔti 8 kple nutati 64 ɖe go aɖe me.', 'Woɖe agbalẽ 8 le agbalẽ agbalẽxɔ si me 64 le la', 'Kplu 64 le aƒetɔ Juarez si. Ema kpluawo sɔsɔe ɖe ɖe sia ɖe dzi']	D	[TextBlock(text='A)Bɔsu 8 lii eye sukuvi 64 le ɖe sia ɖe me', type='text')]	[{'role': 'user', 'content': [{'type': 'text', 'text': 'Nɔnɔme ka mee woate wɔ akɔŋta sia : 64 + 8 ?\n A)Bɔsu 8 lii eye sukuvi 64 le ɖe sia ɖe me B)aƒenɔ Sangare kɔ nuŋlɔti 8 kple nutati 64 ɖe go aɖe me. C)Woɖe agbalẽ 8 le agbalẽ agbalẽxɔ si me 64 le la D)Kplu 64 le aƒetɔ Juarez si. Ema kpluawo sɔsɔe ɖe ɖe sia ɖe dzi'}]}]
elementary_mathematics	Akɔŋta kae ɖe nyagbe 64 x 8 ɖe go mahã ?	['(8 x 5) + (8 x 2)', '(5 x 8) + (5x 2)', '8 x (5x2)', '(5x8)x2']	A	[TextBlock(text='A)(8 x 5) + (8 x 2)', type='text')]	[{'role': 'user', 'content': [{'type': 'text', 'text': 'Akɔŋta kae ɖe nyagbe 64 x 8 ɖe go mahã ?\n A)(8 x 5) + (8 x 2) B)(5 x 8) + (5x 2) C)8 x (5x2) D)(5x8)x2'}]}]
elementary_mathematics	Dzesi neni Jaden anyakpɔ le hoʋiʋli aɖe me nenye dzesiawo le gɔme na 45 eye wònye xexlẽme 7 ƒe teƒe neni aɖe.	['17', '35', '52', '70']	B	[TextBlock(text='B)35', type='text')]	[{'role': 'user', 'content': [{'type': 'text', 'text': 'Dzesi neni Jaden anyakpɔ le hoʋiʋli aɖe me nenye dzesiawo le gɔme na 45 eye wònye xexlẽme 7 ƒe teƒe neni aɖe.\n A)17 B)35 C)52 D)70'}]}]
elementary_mathematics	Mɔnu ka woazã axabu akɔŋta sia 11 x 13 ?	['Akɔŋtaa: 11 x 10 kple 10 x 3 eye woatsɔ teƒeɖoɖo eveawo aƒoƒu', 'Woawɔ 11 x 10 kple 11 x 3 eye woaƒoƒu teƒeɖoɖo eveawo', 'Woabu 11 x 100 kple 10 x 3 eye woaƒoƒu teƒeɖoɖo eveawo', 'Woawɔ 11 x 100 kple 11 x 3 eye woaƒoƒu teƒeɖoɖo eveawo']	B	[TextBlock(text='B', type='text')]	[{'role': 'user', 'content': [{'type': 'text', 'text': 'Mɔnu ka woazã axabu akɔŋta sia 11 x 13 ?\n A)Akɔŋtaa: 11 x 10 kple 10 x 3 eye woatsɔ teƒeɖoɖo eveawo aƒoƒu B)Woawɔ 11 x 10 kple 11 x 3 eye woaƒoƒu teƒeɖoɖo eveawo C)Woabu 11 x 100 kple 10 x 3 eye woaƒoƒu teƒeɖoɖo eveawo D)Woawɔ 11 x 100 kple 11 x 3 eye woaƒoƒu teƒeɖoɖo eveawo'}]}]
elementary_mathematics	Wendy ƒle tsigɔ̃ pake 30 siwo dometɔ ɖe sia ɖe me tsigɔ̃ 5 le. Ebu 30 x 5 hekpɔ tsigɔ̃ xexlẽme si nu wòƒle. Ke tsigɔ̃ neni Wendy ƒle ?	['15', '35', '150', '305']	C	[TextBlock(text='C)150', type='text')]	[{'role': 'user', 'content': [{'type': 'text', 'text': 'Wendy ƒle tsigɔ̃ pake 30 siwo dometɔ ɖe sia ɖe me tsigɔ̃ 5 le. Ebu 30 x 5 hekpɔ tsigɔ̃ xexlẽme si nu wòƒle. Ke tsigɔ̃ neni Wendy ƒle ?\n A)15 B)35 C)150 D)305'}]}]
elementary_mathematics	Le basketbɔl ʋiʋli aɖe me la, Jan de age dzesi 3 hewu Salah. Cindy ya de age dzesi 22, esi nye Jan tɔ ƒe teƒe eve. Ke dzesi neni Salah de mahã ?	['8', '11', '14', '19']	A	[TextBlock(text='A)8', type='text')]	[{'role': 'user', 'content': [{'type': 'text', 'text': 'Le basketbɔl ʋiʋli aɖe me la, Jan de age dzesi 3 hewu Salah. Cindy ya de age dzesi 22, esi nye Jan tɔ ƒe teƒe eve. Ke dzesi neni Salah de mahã ?\n A)8 B)11 C)14 D)19'}]}]
elementary_mathematics	Bene woayi ɖakpɔ fefewɔwɔ aɖe la, kpaɖotsi la nye $ 5 na nufialawo eye wònye $ 3 na sukuviawo. Neni wòle be hatsotso si me sukuvi 71 kple nufiala 5 le be woaxe hafi akpɔ fefea mahã ?	['US dollar 228', 'US dollar 238', 'US dollar 370', 'US dollar 380']	B	[TextBlock(text='B)US dollar 238', type='text')]	[{'role': 'user', 'content': [{'type': 'text', 'text': 'Bene woayi ɖakpɔ fefewɔwɔ aɖe la, kpaɖotsi la nye $ 5 na nufialawo eye wònye $ 3 na sukuviawo. Neni wòle be hatsotso si me sukuvi 71 kple nufiala 5 le be woaxe hafi akpɔ fefea mahã ?\n A)US dollar 228 B)US dollar 238 C)US dollar 370 D)US dollar 380'}]}]
elementary_mathematics	Miakpɔ kadedemekɔŋta sia 0,75 x 6,5 = m si wowɔ heɖo biabia si gbɔna ŋu la ɖa. Nudoɖakpɔ kae ɖe ŋuɖoɖo aɖe si ɖo biabia la ŋu fia mahã ?	['75 × 65 ÷ 1,000', '75 × 650 ÷ 1,000', '0,7 x 6 + 0,7 x 5 + 0,5 x 6 + 0,5 x 5', '0,7 x 6 + 0,7 x 0,5 +0,5 x 6 + 0,5 x 0,5']	A	[TextBlock(text='C)75 × 650 ÷ 1 000', type='text')]	[{'role': 'user', 'content': [{'type': 'text', 'text': 'Miakpɔ kadedemekɔŋta sia 0,75 x 6,5 = m si wowɔ heɖo biabia si gbɔna ŋu la ɖa. Nudoɖakpɔ kae ɖe ŋuɖoɖo aɖe si ɖo biabia la ŋu fia mahã ?\n A)75 × 65 ÷ 1 B)000 C)75 × 650 ÷ 1 D)000'}]}]
elementary_mathematics	Dze gatsivi 6 le Debnil si. Nenye be gatsivi 3 wɔna gatsigã 1 ɖe, ekem dze gatsigã nenie le Debnil si mahã ?	['18-Jan', '2-Jan', '2', '18']	C	[TextBlock(text='C) 2', type='text')]	[{'role': 'user', 'content': [{'type': 'text', 'text': 'Dze gatsivi 6 le Debnil si. Nenye be gatsivi 3 wɔna gatsigã 1 ɖe, ekem dze gatsigã nenie le Debnil si mahã ?\n A)18-Jan B)2-Jan C)2 D)18'}]}]
elementary_mathematics	Aɖaŋudɔwɔla aɖe dzidze ameɖa ene ƒe tomemafli ƒe didime. eŋlɔ wo le milimɛta nu abe 0,091 ; 0,169 ; 0,17 kple 0,023. Kadedeme masɔsɔ kae ɖe dzidzeme siawo sɔsɔ kple wo nɔewo fia nuie mahã ?	['0,17 > 0,023', '0, 091 < 0, 023', '0, 169 > 0, 17', '0, 17 < 0, 091']	A	[TextBlock(text='D) 0', type='text')]	[{'role': 'user', 'content': [{'type': 'text', 'text': 'Aɖaŋudɔwɔla aɖe dzidze ameɖa ene ƒe tomemafli ƒe didime. eŋlɔ wo le milimɛta nu abe 0,091 ; 0,169 ; 0,17 kple 0,023. Kadedeme masɔsɔ kae ɖe dzidzeme siawo sɔsɔ kple wo nɔewo fia nuie mahã ?\n A)0 B)17 > 0 C)023 D)0'}]}]
elementary_mathematics	Ŋkeke adrẽe le kɔsiɖa ɖeka me. Dzodze ɣletia he ŋkeke 28 va ƒè sia me. Zi neni ŋkeke ɖe sia ɖe ava le dzodze sia me mahã ?	['zi 4', 'zi 7', 'zi 21', 'zi 35']	A	[TextBlock(text='A) zi 4', type='text')]	[{'role': 'user', 'content': [{'type': 'text', 'text': 'Ŋkeke adrẽe le kɔsiɖa ɖeka me. Dzodze ɣletia he ŋkeke 28 va ƒè sia me. Zi neni ŋkeke ɖe sia ɖe ava le dzodze sia me mahã ?\n A)zi 4 B)zi 7 C)zi 21 D)zi 35'}]}]
elementary_mathematics	Kadedemekɔŋta sia ƒe ŋuɖoɖo ɖe : 2 k = 34,8 ?	['-69,6', '-17,4', '17,4', '69,9']	D	[TextBlock(text='D)4', type='text')]	[{'role': 'user', 'content': [{'type': 'text', 'text': 'Kadedemekɔŋta sia ƒe ŋuɖoɖo ɖe : 2 k = 34,8 ?\n A)-69 B)6 C)-17 D)4'}]}]
high_school_geography	Nɔnɔme siawo dometɔ kae menɔa Dulɔdzewo me oa?	['Titina dziɖuɖua kplɔa dua le ɖoƒe eve nu', 'Titina dziɖuɖua kplɔa dua abe nu ɖeka ko ene', 'Woate ŋu na be senɔ anɔ esi faa', 'Dziɖuɖu nɔ ameteawo ƒe ŋusẽwo le ɖeka']	B	[TextBlock(text='B)Titina dziɖuɖua kplɔa dua abe nu ɖeka ko ene', type='text')]	[{'role': 'user', 'content': [{'type': 'text', 'text': 'Nɔnɔme siawo dometɔ kae menɔa Dulɔdzewo me oa?\n A)Titina dziɖuɖua kplɔa dua le ɖoƒe eve nu B)Titina dziɖuɖua kplɔa dua abe nu ɖeka ko ene C)Woate ŋu na be senɔ anɔ esi faa D)Dziɖuɖu nɔ ameteawo ƒe ŋusẽwo le ɖeka'}]}]
high_school_geography	Ale ke dutsotsodɔwɔlawo ma anyigbawo zazã madzese abe mlɔƒewo kple afɔdzideƒewoe ?	['To fiasegãwo dzi', 'To kpɔtɔtɔwo me', 'To liƒodede anyigbawo dome me', 'To gumemɔwo ɖeɖe me']	C	[TextBlock(text='D)To gumemɔwo ɖeɖe me', type='text')]	[{'role': 'user', 'content': [{'type': 'text', 'text': 'Ale ke dutsotsodɔwɔlawo ma anyigbawo zazã madzese abe mlɔƒewo kple afɔdzideƒewoe ?\n A)To fiasegãwo dzi B)To kpɔtɔtɔwo me C)To liƒodede anyigbawo dome me D)To gumemɔwo ɖeɖe me'}]}]
high_school_geography	Esi woùnye Dédroit du si le Michigan menɔlawo ƒe agbɔsɔsɔme le ɖiɖim ta la, woɖui be woaɖiɖi dua ƒe lolome dzi kpɔtɔ to kɔ siwo wogble ɖi la gbagbã kple anyigba mazãmazâwo dzadzra me na agbledelawo. Nu si ta detroit dumenɔlawo le ɖeɖɩm lae nye:	['hotsuikpɔkpɔ', 'kpikpli ɖe dugã me', 'Dɔwɔƒegãwo ɖeɖe ɖa', 'Dugãwo didi ɖe dzi']	C	[TextBlock(text='A) hotsuikpɔkpɔ', type='text')]	[{'role': 'user', 'content': [{'type': 'text', 'text': 'Esi woùnye Dédroit du si le Michigan menɔlawo ƒe agbɔsɔsɔme le ɖiɖim ta la, woɖui be woaɖiɖi dua ƒe lolome dzi kpɔtɔ to kɔ siwo wogble ɖi la gbagbã kple anyigba mazãmazâwo dzadzra me na agbledelawo. Nu si ta detroit dumenɔlawo le ɖeɖɩm lae nye:\n A)hotsuikpɔkpɔ B)kpikpli ɖe dugã me C)Dɔwɔƒegãwo ɖeɖe ɖa D)Dugãwo didi ɖe dzi'}]}]
high_school_geography	Ame siwo le xexea me nɔa ƒuƒoƒo me	['le anyigbawo dzi', 'le agowo ŋu', 'le gbedadaƒo', 'le gbadzaƒe deamawo kple tɔsisi naliwo me']	B	[TextBlock(text='D)le gbadzaƒe deamawo kple tɔsisi naliwo me', type='text')]	[{'role': 'user', 'content': [{'type': 'text', 'text': 'Ame siwo le xexea me nɔa ƒuƒoƒo me\n A)le anyigbawo dzi B)le agowo ŋu C)le gbedadaƒo D)le gbadzaƒe deamawo kple tɔsisi naliwo me'}]}]
high_school_geography	Walter Christaller titinaƒe susuɖeɖego la do abe dzidzenu ene hena kadede siwo anɔ .... la dome	['titinasitsatsateƒewo kple gbɔloguiwo', 'nukotsowɔlawo kple woƒe asiwo dome', 'Dugãwo siwo ƒe lolome kple dɔwɔna le vovovo', 'yamemɔzɔzɔ̃ ƒe dɔwɔƒewo']	C	[TextBlock(text='C)Dugãwo siwo ƒe lolome kple dɔwɔna le vovovo', type='text')]	[{'role': 'user', 'content': [{'type': 'text', 'text': 'Walter Christaller titinaƒe susuɖeɖego la do abe dzidzenu ene hena kadede siwo anɔ .... la dome\n A)titinasitsatsateƒewo kple gbɔloguiwo B)nukotsowɔlawo kple woƒe asiwo dome C)Dugãwo siwo ƒe lolome kple dɔwɔna le vovovo D)yamemɔzɔzɔ̃ ƒe dɔwɔƒewo'}]}]
high_school_geography	Haho aɖe si me ameha eve alo geɖewo le evɔ ɖe sia ɖe le eƒe nunyawɔewo me ɖe asi la	['Kɔmama', 'nudeamenɔewo me', 'denunyawɔe geɖe menɔnɔ', 'denunyawɔekɔmama']	C	[TextBlock(text='A) Kɔmama', type='text')]	[{'role': 'user', 'content': [{'type': 'text', 'text': 'Haho aɖe si me ameha eve alo geɖewo le evɔ ɖe sia ɖe le eƒe nunyawɔewo me ɖe asi la\n A)Kɔmama B)nudeamenɔewo me C)denunyawɔe geɖe menɔnɔ D)denunyawɔekɔmama'}]}]
high_school_geography	Woyɔa me siwo nye gatɔ vedometɔ siwo ɖɔa kɔ ƒoɖi ɖo le dugãwo me la be	['dugãtsotso', 'hotsuitɔnyenye', 'dugã madeŋgɔ tsotso', 'nudziɖedziwɔna']	B	[TextBlock(text='A) dugãtsotso', type='text')]	[{'role': 'user', 'content': [{'type': 'text', 'text': 'Woyɔa me siwo nye gatɔ vedometɔ siwo ɖɔa kɔ ƒoɖi ɖo le dugãwo me la be\n A)dugãtsotso B)hotsuitɔnyenye C)dugã madeŋgɔ tsotso D)nudziɖedziwɔna'}]}]
high_school_geography	dukɔwo agbɔsɔsɔtɔtrɔ ƒe ɖoƒe ka woɖɔna abe dzidziwo dzidede kple ku tɔtrɔ hã ƒe dzidede mahã ?	['ɖoƒe 1tɔ', 'ɖoƒe 2lia', 'ɖoƒe 3lia', 'ɖoƒe 4lia']	A	[TextBlock(text='A)ɖoƒe 1tɔ', type='text')]	[{'role': 'user', 'content': [{'type': 'text', 'text': 'dukɔwo agbɔsɔsɔtɔtrɔ ƒe ɖoƒe ka woɖɔna abe dzidziwo dzidede kple ku tɔtrɔ hã ƒe dzidede mahã ?\n A)ɖoƒe 1tɔ B)ɖoƒe 2lia C)ɖoƒe 3lia D)ɖoƒe 4lia'}]}]
high_school_geography	Dzɔdzɔmedɔ kae sɔgbɔ wu le xexea me ?	['tomenukuku', 'adedada kple atsikutsetsewo ŋeŋe', 'tɔƒodede', 'agbledede']	D	[TextBlock(text='D)agbledede', type='text')]	[{'role': 'user', 'content': [{'type': 'text', 'text': 'Dzɔdzɔmedɔ kae sɔgbɔ wu le xexea me ?\n A)tomenukuku B)adedada kple atsikutsetsewo ŋeŋe C)tɔƒodede D)agbledede'}]}]
high_school_geography	Nu siawo dometɔ kae menye gbɔlɔlɔ yi dugãme wɔna o mahã?	['Hehenana mɔnukpɔkpɔ', 'nuƒoxlãmewo ƒe dadakpɔ', 'Xexeame ƒe tɔtrɔ', 'Dunyagblɔhamenɔnɔ']	D	[TextBlock(text='A)Hehenana mɔnukpɔkpɔ', type='text')]	[{'role': 'user', 'content': [{'type': 'text', 'text': 'Nu siawo dometɔ kae menye gbɔlɔlɔ yi dugãme wɔna o mahã?\n A)Hehenana mɔnukpɔkpɔ B)nuƒoxlãmewo ƒe dadakpɔ C)Xexeame ƒe tɔtrɔ D)Dunyagblɔhamenɔnɔ'}]}]
high_school_geography	Dukɔ siawo dometɔ kae nye dukɔ evɔ dziɖuɖu mele esi oa?	['Dzemeni', 'Israel', 'Palestine', 'Romanie']	C	[TextBlock(text='B)Israel', type='text')]	[{'role': 'user', 'content': [{'type': 'text', 'text': 'Dukɔ siawo dometɔ kae nye dukɔ evɔ dziɖuɖu mele esi oa?\n A)Dzemeni B)Israel C)Palestine D)Romanie'}]}]
high_school_geography	Le nuto siawo dome ɖe, ekae ƒe dzoxɔxɔ dea dzi eye wògaɖiɖina wu le anyigba la ta mahã?	['Canada ƒe tɔsisinutowo me', 'Sibérie kple Rɔsha', 'Espagne', 'Patogonie le Argentine']	B	[TextBlock(text='B)Sibérie kple Rɔsha', type='text')]	[{'role': 'user', 'content': [{'type': 'text', 'text': 'Le nuto siawo dome ɖe, ekae ƒe dzoxɔxɔ dea dzi eye wògaɖiɖina wu le anyigba la ta mahã?\n A)Canada ƒe tɔsisinutowo me B)Sibérie kple Rɔsha C)Espagne D)Patogonie le Argentine'}]}]
high_school_geography	Gbeƒomevi kae nye xoxotɔ, gãtɔ kple si keke ta wu le Hudson ƒe fugowo me le Terre de Feu mahã?	['Amérindien', 'Malayo-polynésien', 'Austronésien', 'Esquimau Aléoutien']	A	[TextBlock(text='A)Amérindien', type='text')]	[{'role': 'user', 'content': [{'type': 'text', 'text': 'Gbeƒomevi kae nye xoxotɔ, gãtɔ kple si keke ta wu le Hudson ƒe fugowo me le Terre de Feu mahã?\n A)Amérindien B)Malayo-polynésien C)Austronésien D)Esquimau Aléoutien'}]}]
high_school_geography	Le subɔsubɔ siawo me ɖe, ekae ƒoƒu amee?	['Taoisme', 'Islam', 'Shintoisme', 'Confusianisme']	B	[TextBlock(text='D)Confusianisme', type='text')]	[{'role': 'user', 'content': [{'type': 'text', 'text': 'Le subɔsubɔ siawo me ɖe, ekae ƒoƒu amee?\n A)Taoisme B)Islam C)Shintoisme D)Confusianisme'}]}]
high_school_geography	Anyigbamama ɖe dzogɔe ene nu lɔ siwo gbɔna la katã ɖe eme negbe	['Kpeɖiɖi ƒe kpɔwɔe', 'Agbledenutowo me mɔwo ɖeɖe', 'Franse kple Espagne ƒe amedziɖu kpɔwɔea', 'Franse kple Espagne ƒe amedziɖu kpɔwɔea']	D	[TextBlock(text='D', type='text')]	[{'role': 'user', 'content': [{'type': 'text', 'text': 'Anyigbamama ɖe dzogɔe ene nu lɔ siwo gbɔna la katã ɖe eme negbe\n A)Kpeɖiɖi ƒe kpɔwɔe B)Agbledenutowo me mɔwo ɖeɖe C)Franse kple Espagne ƒe amedziɖu kpɔwɔea D)Franse kple Espagne ƒe amedziɖu kpɔwɔea'}]}]
high_school_geography	Dutayila aɖe yi Amerika eye wodze eŋlisigbe sɔsrɔ̃. Ele	['Nuwɔnataƒoname me', 'nyakpeƒokpliwotutu', 'Kɔbubu', 'Amesɔsrɔ̃']	C	[TextBlock(text='D)Amesɔsrɔ̃', type='text')]	[{'role': 'user', 'content': [{'type': 'text', 'text': 'Dutayila aɖe yi Amerika eye wodze eŋlisigbe sɔsrɔ̃. Ele\n A)Nuwɔnataƒoname me B)nyakpeƒokpliwotutu C)Kɔbubu D)Amesɔsrɔ̃'}]}]
high_school_geography	Du siawo dometɔ kae de megbe na edeviwo ƒe aglãdzeʋawɔwɔ mahã?	['Rwanda', 'Amerika', 'Canada', 'Espagne']	A	[TextBlock(text='A) Rwanda', type='text')]	[{'role': 'user', 'content': [{'type': 'text', 'text': 'Du siawo dometɔ kae de megbe na edeviwo ƒe aglãdzeʋawɔwɔ mahã?\n A)Rwanda B)Amerika C)Canada D)Espagne'}]}]
high_school_geography	Wona si me wotrɔa asi le akɔdalawo ƒe wɔna ŋu hena dunyagblɔha aɖe ƒe gomekpɔkpɔ lae woyɔa be	['mamanuwɔna', 'akɔfilfi', 'kpɔɖeɖe ame', 'dominos ƒe wɔna']	B	[TextBlock(text='A) mamanuwɔna', type='text')]	[{'role': 'user', 'content': [{'type': 'text', 'text': 'Wona si me wotrɔa asi le akɔdalawo ƒe wɔna ŋu hena dunyagblɔha aɖe ƒe gomekpɔkpɔ lae woyɔa be\n A)mamanuwɔna B)akɔfilfi C)kpɔɖeɖe ame D)dominos ƒe wɔna'}]}]
high_school_geography	Ele bɔbɔe na sukuvi siwo ƒe dɔ̃ƒe te ɖe kɔfinoƒe la be woanɔ nu ɖum le teƒe ma wu.? Woyɔa nɔnɔme sia be	['Fuɖeɖe nɔnɔme', 'Teƒeyiyi le didiƒe nu', 'amenɔewo ŋu kpekpeɖo', 'teƒeɖɔli']	B	[TextBlock(text='D)teƒeɖɔli', type='text')]	[{'role': 'user', 'content': [{'type': 'text', 'text': 'Ele bɔbɔe na sukuvi siwo ƒe dɔ̃ƒe te ɖe kɔfinoƒe la be woanɔ nu ɖum le teƒe ma wu.? Woyɔa nɔnɔme sia be\n A)Fuɖeɖe nɔnɔme B)Teƒeyiyi le didiƒe nu C)amenɔewo ŋu kpekpeɖo D)teƒeɖɔli'}]}]
high_school_geography	Susu si ɖoe ɖa be amewoe dea megbe na denunyawɔewo ŋgɔgbede eye menye nuƒoxlãmewoe o la woyɔa be	['ŋutete', 'gbɔgbɔwosubɔsubɔ', 'nuƒoxlãmeŋudzɔdzɔ', 'denunyawɔe dzadzraɖo']	A	[TextBlock(text='A) ŋutete', type='text')]	[{'role': 'user', 'content': [{'type': 'text', 'text': 'Susu si ɖoe ɖa be amewoe dea megbe na denunyawɔewo ŋgɔgbede eye menye nuƒoxlãmewoe o la woyɔa be\n A)ŋutete B)gbɔgbɔwosubɔsubɔ C)nuƒoxlãmeŋudzɔdzɔ D)denunyawɔe dzadzraɖo'}]}]
international_law	Mɔzɔzɔ̃ ka ƒomevi woateŋu yɔ be ''akpa maɖifɔ''?	"['Mɔzɔzɔ̃ maɖifɔ nye esi mena hlɔ̃donu aɖeke wɔwɔ o', ""Woeteŋu kpɔ tɔdziʋu aɖe ƒe vava ''maɖifɔ'' nenye be mewɔ nu aɖeke ɖe ŋutifafa, ɖoɖo alo dua ƒe dedienɔnɔ ŋu o"", 'Mɔzɔzɔ̃ maɖifɔ menye tɔdziʋu siwo nye du ɖeka metɔ ko o', 'Mɔzɔzɔ̃ maɖifɔ nye asitsatsa tɔdziʋuwo ƒe nya ko menye aʋawɔ tɔdziʋuwo o']"	B	[TextBlock(text='A) Mɔzɔzɔ̃ maɖifɔ nye esi mena hlɔ̃donu aɖeke wɔwɔ o', type='text')]	"[{'role': 'user', 'content': [{'type': 'text', 'text': ""Mɔzɔzɔ̃ ka ƒomevi woateŋu yɔ be ''akpa maɖifɔ''?\n A)Mɔzɔzɔ̃ maɖifɔ nye esi mena hlɔ̃donu aɖeke wɔwɔ o B)Woeteŋu kpɔ tɔdziʋu aɖe ƒe vava ''maɖifɔ'' nenye be mewɔ nu aɖeke ɖe ŋutifafa C)ɖoɖo alo dua ƒe dedienɔnɔ ŋu o D)Mɔzɔzɔ̃ maɖifɔ menye tɔdziʋu siwo nye du ɖeka metɔ ko o""}]}]"
international_law	Nuwɔna ka nye esia be dukɔ le vevie?	['Nuwɔna si bɔ, si metrɔna o eye wole ɖeka na dɔwɔwɔ kple nusiwo mewɔ o', 'Dɔwɔna dzesiwo ɖeɖe ko, si wo ɖo eye wole ɖeka menye nu ŋlɔbewo tso dukɔwo gbɔ o', 'Dɔwɔna kple nusi dukɔwo mewɔ o meka kokoko be ele ɖoɖo me o', 'Nuwɔna si dukɔwo wɔna si metrɔna o, siwo me dɔwɔna kple nu mawɔmawɔwo le tso dukɔ bubuwo gbɔ']	A	[TextBlock(text='D)si wo ɖo eye wole ɖeka menye nu ŋlɔbewo tso dukɔwo gbɔ o', type='text')]	[{'role': 'user', 'content': [{'type': 'text', 'text': 'Nuwɔna ka nye esia be dukɔ le vevie?\n A)Nuwɔna si bɔ B)si metrɔna o eye wole ɖeka na dɔwɔwɔ kple nusiwo mewɔ o C)Dɔwɔna dzesiwo ɖeɖe ko D)si wo ɖo eye wole ɖeka menye nu ŋlɔbewo tso dukɔwo gbɔ o'}]}]
international_law	Se kawoe wotsɔ abe ''xexeame se dzɔtsoƒe'' le ɖoƒe 38 lia nu le CIJ?	['Se siwo katã le dɔ wɔm le kuxia ɣeyiɣi', 'Se siwo le dɔ wɔm ɖeɖekoe zĩ akpa siwo le dzre me', 'Se siwo katã te wodasi le amesiwo le dzrehehe me, ne mega le dɔwɔm hã', 'Se siwo le adzɔ gãwo me le vevie']	B	[TextBlock(text='A)Se siwo katã le dɔ wɔm le kuxia ɣeyiɣi', type='text')]	"[{'role': 'user', 'content': [{'type': 'text', 'text': ""Se kawoe wotsɔ abe ''xexeame se dzɔtsoƒe'' le ɖoƒe 38 lia nu le CIJ?\n A)Se siwo katã le dɔ wɔm le kuxia ɣeyiɣi B)Se siwo le dɔ wɔm ɖeɖekoe zĩ akpa siwo le dzre me C)Se siwo katã te wodasi le amesiwo le dzrehehe me D)ne mega le dɔwɔm hã""}]}]"
international_law	Nukae nye ''nyametsotso ʋɛ'' le CIJ kodzoɖoƒe ƒe se nu?	['Nyametsotso ʋɛ nye se si woɖo anyi na akpa siwo le dzrehehe me', 'Nyametsotso ʋɛ nye se si ɖea akpawo ƒe susu ɖe go be yewoa lɔ̃ ɖe kodzoɖoƒea ƒe nyametsotso dzi nenye be ega sesẽ hã', 'Nyametsotso ʋɛ nye nyanyanana aɖe si dukɔ aɖe dana ɖi alɔ̃ ɖe kodzoɖoƒea ƒe ŋusẽ dzi le dzrehehe vovovowo me le xexeame ɖoɖe dukɔ bubu hã gbɔ', 'Nyametsotso ʋɛ nye nyametsotso si akpa siwo le dzre hem le ale si woa ʋli wó ta to nuƒoƒo alo nuŋlɔŋlɔ me']	C	[TextBlock(text='C)Nyametsotso ʋɛ nye nyanyanana aɖe si dukɔ aɖe dana ɖi alɔ̃ ɖe kodzoɖoƒea ƒe ŋusẽ dzi le dzrehehe vovovowo me le xexeame ɖoɖe dukɔ bubu hã gbɔ', type='text')]	"[{'role': 'user', 'content': [{'type': 'text', 'text': ""Nukae nye ''nyametsotso ʋɛ'' le CIJ kodzoɖoƒe ƒe se nu?\n A)Nyametsotso ʋɛ nye se si woɖo anyi na akpa siwo le dzrehehe me B)Nyametsotso ʋɛ nye se si ɖea akpawo ƒe susu ɖe go be yewoa lɔ̃ ɖe kodzoɖoƒea ƒe nyametsotso dzi nenye be ega sesẽ hã C)Nyametsotso ʋɛ nye nyanyanana aɖe si dukɔ aɖe dana ɖi alɔ̃ ɖe kodzoɖoƒea ƒe ŋusẽ dzi le dzrehehe vovovowo me le xexeame ɖoɖe dukɔ bubu hã gbɔ D)Nyametsotso ʋɛ nye nyametsotso si akpa siwo le dzre hem le ale si woa ʋli wó ta to nuƒoƒo alo nuŋlɔŋlɔ me""}]}]"
international_law	Aʋawɔ ŋutasẽ nu wɔwɔ si dukɔwo wɔna ateŋ nye aʋawɔ amedzidzedze nu le dukɔ ƒoƒuwo ƒe se ɖoƒe 51lia nua?	['Dunyagblɔlawo ƒe agbenɔnɔ mateŋu nye aʋawɔ nu o', 'Caroline ƒe nya nye nya ɖe si medzɔ kpɔ o be amesiwo megblɔa dunya wɔ aʋawɔ nu le ɣeyiɣi tɔxɛ aɖewo me', 'Esia medzɔ kpɔ o be amesiwo megblɔa dunya wodenu aʋawɔ nya me', 'Amesiwo megblɔa dunya ateŋu wɔ aʋa agblɔ be yewo ʋli ta yewoɖokui le xexeame se ŋutinyanu']	B	[TextBlock(text='A) Dunyagblɔlawo ƒe agbenɔnɔ mateŋu nye aʋawɔ nu o', type='text')]	[{'role': 'user', 'content': [{'type': 'text', 'text': 'Aʋawɔ ŋutasẽ nu wɔwɔ si dukɔwo wɔna ateŋ nye aʋawɔ amedzidzedze nu le dukɔ ƒoƒuwo ƒe se ɖoƒe 51lia nua?\n A)Dunyagblɔlawo ƒe agbenɔnɔ mateŋu nye aʋawɔ nu o B)Caroline ƒe nya nye nya ɖe si medzɔ kpɔ o be amesiwo megblɔa dunya wɔ aʋawɔ nu le ɣeyiɣi tɔxɛ aɖewo me C)Esia medzɔ kpɔ o be amesiwo megblɔa dunya wodenu aʋawɔ nya me D)Amesiwo megblɔa dunya ateŋu wɔ aʋa agblɔ be yewo ʋli ta yewoɖokui le xexeame se ŋutinyanu'}]}]
international_law	Nya siawo dometɔ kae mesɔ o?	['Nusɔsɔe nye mɔnu si woato aʋli ame aɖe dzena ta kple ame ƒomea ɖe du', 'Be nuwɔna ɖe nasɔ la eɖo la tsa kple taɖodzinu vavã si nye dukɔ si wɔ nu gbegblẽ', 'Nusɔsɔe nye nusi sɔ le susu nu', 'Nusɔsɔe gɔmesese ɖo la nye be dukɔa kpɔ mɔnu ɖe sia ɖe gbɔ womaɖo amewo ƒe agbe me o']	C	[TextBlock(text='A)Nusɔsɔe nye mɔnu si woato aʋli ame aɖe dzena ta kple ame ƒomea ɖe du', type='text')]	[{'role': 'user', 'content': [{'type': 'text', 'text': 'Nya siawo dometɔ kae mesɔ o?\n A)Nusɔsɔe nye mɔnu si woato aʋli ame aɖe dzena ta kple ame ƒomea ɖe du B)Be nuwɔna ɖe nasɔ la eɖo la tsa kple taɖodzinu vavã si nye dukɔ si wɔ nu gbegblẽ C)Nusɔsɔe nye nusi sɔ le susu nu D)Nusɔsɔe gɔmesese ɖo la nye be dukɔa kpɔ mɔnu ɖe sia ɖe gbɔ womaɖo amewo ƒe agbe me o'}]}]
international_law	Le Grootboom nya me le Afrique du Sud, kodzoɖoƒe gã	['kpɔ dukɔ ƒe dɔdeasi le eme ɖo ɖe amesiwo tsɔ nya ɖe ŋu eye ɖoe be woadi nɔƒe si dze na wo', 'kpɔ dukɔ ƒe dɔdeasi le eme ɖo ɖe amesiwo tsɔ nya ɖe ŋu gake mekpɔe be teƒe didi na wo meda le kodzoɖoƒea tɔ dzi o', 'kpɔ be dukɔa awɔ nusianu be woaɖasi le amesiwo ŋu wole nya tsɔm ɖo le senɔgã nu', 'kpɔ dukɔa tɔ ɖeke mele amesiwo ŋu wole nya tsɔm ƒe teƒe makpɔmakpɔ me o']	C	[TextBlock(text='B) kpɔ dukɔ ƒe dɔdeasi le eme ɖo ɖe amesiwo tsɔ nya ɖe ŋu gake mekpɔe be teƒe didi na wo mada le kodzoɖoƒea tɔ dzi o', type='text')]	[{'role': 'user', 'content': [{'type': 'text', 'text': 'Le Grootboom nya me le Afrique du Sud, kodzoɖoƒe gã\n A)kpɔ dukɔ ƒe dɔdeasi le eme ɖo ɖe amesiwo tsɔ nya ɖe ŋu eye ɖoe be woadi nɔƒe si dze na wo B)kpɔ dukɔ ƒe dɔdeasi le eme ɖo ɖe amesiwo tsɔ nya ɖe ŋu gake mekpɔe be teƒe didi na wo meda le kodzoɖoƒea tɔ dzi o C)kpɔ be dukɔa awɔ nusianu be woaɖasi le amesiwo ŋu wole nya tsɔm ɖo le senɔgã nu D)kpɔ dukɔa tɔ ɖeke mele amesiwo ŋu wole nya tsɔm ƒe teƒe makpɔmakpɔ me o'}]}]
international_law	Jus cogens ƒe se kae nye gbãtɔ si dzi CIJ dasi ɖo tɛ̃ɛ	['Sedede le ŋusẽ zazã ŋu', 'Sedede le funyawɔame ŋu', 'Sedede le ame wuwu ɖoɖi ŋu', 'amewo ŋutɔ ƒe kpɔkplɔ ŋu']	C	[TextBlock(text='C)Sedede le ame wuwu ɖoɖi ŋu', type='text')]	[{'role': 'user', 'content': [{'type': 'text', 'text': 'Jus cogens ƒe se kae nye gbãtɔ si dzi CIJ dasi ɖo tɛ̃ɛ\n A)Sedede le ŋusẽ zazã ŋu B)Sedede le funyawɔame ŋu C)Sedede le ame wuwu ɖoɖi ŋu D)amewo ŋutɔ ƒe kpɔkplɔ ŋu'}]}]
international_law	Nɔnɔme ka me dukɔ aɖe siwo meba o ateŋu tsɔ nya ɖe dukɔ si dze agɔ ŋu?	['Le nɔnɔme si me ko dukɔ siwo ba ɖe mɔ na dukɔ siwo ba le be woakpɔ yeƒe dɔdeasi le eƒe ŋkɔ me', 'Ne nye be woada le eƒe dzi zizîwo si wotsɔ̃ eƒe viɖewo dzi alo xexeame viɖe dzi', 'Le dada le xexeame dɔwɔƒewo dzi abe dukɔ ƒoƒuwo ƒe sewo ene', 'Le kodzoɖoƒea ɖe ƒe nyametsotso nu']	B	[TextBlock(text='A) Le nɔnɔme si me ko dukɔ siwo ba ɖe mɔ na dukɔ siwo ba le be woakpɔ yeƒe dɔdeasi le eƒe ŋkɔ me', type='text')]	[{'role': 'user', 'content': [{'type': 'text', 'text': 'Nɔnɔme ka me dukɔ aɖe siwo meba o ateŋu tsɔ nya ɖe dukɔ si dze agɔ ŋu?\n A)Le nɔnɔme si me ko dukɔ siwo ba ɖe mɔ na dukɔ siwo ba le be woakpɔ yeƒe dɔdeasi le eƒe ŋkɔ me B)Ne nye be woada le eƒe dzi zizîwo si wotsɔ̃ eƒe viɖewo dzi alo xexeame viɖe dzi C)Le dada le xexeame dɔwɔƒewo dzi abe dukɔ ƒoƒuwo ƒe sewo ene D)Le kodzoɖoƒea ɖe ƒe nyametsotso nu'}]}]
international_law	Ɖee woateŋu tsɔ ɖe dukɔwo ŋu nenye be xexeame habɔbɔ si me wole wɔ nugbegblẽa?	['Dukɔwo mateŋu ɣla ɖe habɔbɔ aɖe te o', 'Vovototo le habɔbɔ aɖe kple eƒe tatɔ kpakple dukɔ siwo le eme', 'Dɔdeasi kpɔ ŋukume na habɔbɔwo kple woƒe dukɔwo', 'Nugbegblẽwo kple fewo kpɔ ŋukume na dukɔwo kple woƒe habɔbɔa']	B	[TextBlock(text='B)Vovototo le habɔbɔ aɖe kple eƒe tatɔ kpakple dukɔ siwo le eme', type='text')]	[{'role': 'user', 'content': [{'type': 'text', 'text': 'Ɖee woateŋu tsɔ ɖe dukɔwo ŋu nenye be xexeame habɔbɔ si me wole wɔ nugbegblẽa?\n A)Dukɔwo mateŋu ɣla ɖe habɔbɔ aɖe te o B)Vovototo le habɔbɔ aɖe kple eƒe tatɔ kpakple dukɔ siwo le eme C)Dɔdeasi kpɔ ŋukume na habɔbɔwo kple woƒe dukɔwo D)Nugbegblẽwo kple fewo kpɔ ŋukume na dukɔwo kple woƒe habɔbɔa'}]}]
international_law	Nɔnɔme kawoe hiã na dekɔnu se ɖeka ɖoɖo anyi?	['Nuwɔna ɖeka si bɔ eye wotso dukɔwo gbɔ', 'Dukɔ aɖewo ƒe wɔna su', 'Kakaɖedzi sia be dukɔa aɖe ƒe wɔna sɔ kple se tɔ le vevie', 'Dukɔ aɖe ƒe nuwɔna eve siwo bɔ la su']	D	[TextBlock(text='A)Nuwɔna ɖeka si bɔ eye wotso dukɔwo gbɔ', type='text')]	[{'role': 'user', 'content': [{'type': 'text', 'text': 'Nɔnɔme kawoe hiã na dekɔnu se ɖeka ɖoɖo anyi?\n A)Nuwɔna ɖeka si bɔ eye wotso dukɔwo gbɔ B)Dukɔ aɖewo ƒe wɔna su C)Kakaɖedzi sia be dukɔa aɖe ƒe wɔna sɔ kple se tɔ le vevie D)Dukɔ aɖe ƒe nuwɔna eve siwo bɔ la su'}]}]
international_law	Nukae nye dada le se dzi?	['Dada le se dzi nye mɔnu aɖe na se aɖe gbegbe', 'dada le se dzi nye mɔnu aɖe na se gbegbe le ame ŋutɔ nu kple agɔdzedze', 'dada le se dzi nye nusi meɖi naneke o', 'Dada le se dzi fia agɔdzedze vevie si mateŋu tsi ƒoƒose aɖe dzi o']	B	[TextBlock(text='C)dada le se dzi nye nusi meɖi naneke o', type='text')]	[{'role': 'user', 'content': [{'type': 'text', 'text': 'Nukae nye dada le se dzi?\n A)Dada le se dzi nye mɔnu aɖe na se aɖe gbegbe B)dada le se dzi nye mɔnu aɖe na se gbegbe le ame ŋutɔ nu kple agɔdzedze C)dada le se dzi nye nusi meɖi naneke o D)Dada le se dzi fia agɔdzedze vevie si mateŋu tsi ƒoƒose aɖe dzi o'}]}]
international_law	Nukae ateŋu nye tɔtrɔ si vava ƒoƒose aɖe dzi le nɔnɔ aɖewo me?	['Tɔtrɔ deto aɖe kuɖe ƒoƒosea ƒe taɖodzinu ŋu si ahe eƒe asitɔtrɔ ava', 'Tɔtrɔ deto aɖe mateŋu te ɖe ƒoƒose aɖeke dzi o', 'Tɔtrɔ deto le nɔnɔme aɖewo me le akpawo ƒe asidada ɖe dzi me ateŋu he tɔtrɔ va le afisi sea meƒonu le o so ana be ame aɖe ateŋu heyi megbe', 'Tɔtrɔ deto aɖe le nɔnɔme aɖewo me ateŋu na ƒoƒosea ƒe nuwuwu']	C	[TextBlock(text='C) Tɔtrɔ deto le nɔnɔme aɖewo me le akpawo ƒe asidada ɖe dzi me ateŋu he tɔtrɔ va le afisi sea meƒonu le o so ana be ame aɖe ateŋu heyi megbe', type='text')]	[{'role': 'user', 'content': [{'type': 'text', 'text': 'Nukae ateŋu nye tɔtrɔ si vava ƒoƒose aɖe dzi le nɔnɔ aɖewo me?\n A)Tɔtrɔ deto aɖe kuɖe ƒoƒosea ƒe taɖodzinu ŋu si ahe eƒe asitɔtrɔ ava B)Tɔtrɔ deto aɖe mateŋu te ɖe ƒoƒose aɖeke dzi o C)Tɔtrɔ deto le nɔnɔme aɖewo me le akpawo ƒe asidada ɖe dzi me ateŋu he tɔtrɔ va le afisi sea meƒonu le o so ana be ame aɖe ateŋu heyi megbe D)Tɔtrɔ deto aɖe le nɔnɔme aɖewo me ateŋu na ƒoƒosea ƒe nuwuwu'}]}]
global_facts	Le ƒe 2014 lia me la, ɖevi siwo de suku le Sahara Afrika ƒe anyiehe ƒe alafa memamã nenie mede suku o?	['10%', '20%', '35%', '50%']	B	[TextBlock(text='C)35%', type='text')]	[{'role': 'user', 'content': [{'type': 'text', 'text': 'Le ƒe 2014 lia me la, ɖevi siwo de suku le Sahara Afrika ƒe anyiehe ƒe alafa memamã nenie mede suku o?\n A)10% B)20% C)35% D)50%'}]}]
global_facts	Ðevi miliard eve siwo xɔ tso ƒe 0 va ɖo ƒe 15 le xexeame egbea (ƒe 2020). Le Dukɔ Ƒoƒuwo ƒe nya nu la, ɖevi nenie anɔ anyi le ƒe 2100 me?	['Miliard 4', 'Miliard 3', 'Miliard 2', 'Miliard 1']	C	[TextBlock(text='B)Miliard 3', type='text')]	[{'role': 'user', 'content': [{'type': 'text', 'text': 'Ðevi miliard eve siwo xɔ tso ƒe 0 va ɖo ƒe 15 le xexeame egbea (ƒe 2020). Le Dukɔ Ƒoƒuwo ƒe nya nu la, ɖevi nenie anɔ anyi le ƒe 2100 me?\n A)Miliard 4 B)Miliard 3 C)Miliard 2 D)Miliard 1'}]}]
global_facts	Ne míebu ga ƒe asixɔxɔ kple PPA ƒe asitɔtrɔ ŋu la, ga home nenie PIB si ame ɖeka kpɔna dzi ɖe edzi le India le ƒe 1950 lia kple 2016 lia dome?	['Zi 4 wu', ' zi gbɔ zi 8', 'dzi ɖe dzi zi gbɔ zi 16', 'dzi ɖe dzi zi gbɔ zi 32']	A	[TextBlock(text='D) dzi ɖe dzi zi gbɔ zi 32', type='text')]	[{'role': 'user', 'content': [{'type': 'text', 'text': 'Ne míebu ga ƒe asixɔxɔ kple PPA ƒe asitɔtrɔ ŋu la, ga home nenie PIB si ame ɖeka kpɔna dzi ɖe edzi le India le ƒe 1950 lia kple 2016 lia dome?\n A)Zi 4 wu B) zi gbɔ zi 8 C)dzi ɖe dzi zi gbɔ zi 16 D)dzi ɖe dzi zi gbɔ zi 32'}]}]
global_facts	Le ƒe 2020 me la, Afrika ƒe anyiehe Saharatɔwo ƒe alafa memamã nenie anɔ agbe ɖe ga si mede $1.90 nu?	['10%', '20%', '40%', '80%']	C	[TextBlock(text='C)40%', type='text')]	[{'role': 'user', 'content': [{'type': 'text', 'text': 'Le ƒe 2020 me la, Afrika ƒe anyiehe Saharatɔwo ƒe alafa memamã nenie anɔ agbe ɖe ga si mede $1.90 nu?\n A)10% B)20% C)40% D)80%'}]}]
global_facts	Dukɔ ka mee ɖevi siwo mexɔ ƒe atɔ̃ haɖe o ku wu le ƒe 2017lia me?	['Chine', 'Amerikatɔwo', 'Indonésie', 'Le Pakistan']	D	[TextBlock(text='D)Le Pakistan', type='text')]	[{'role': 'user', 'content': [{'type': 'text', 'text': 'Dukɔ ka mee ɖevi siwo mexɔ ƒe atɔ̃ haɖe o ku wu le ƒe 2017lia me?\n A)Chine B)Amerikatɔwo C)Indonésie D)Le Pakistan'}]}]
global_facts	Nusiwo gbɔna dometɔ kae nye nyateƒe le xexeame katã ƒe dzidziɖedzi ƒe agbɔsɔsɔ ŋu?	['Xexeame katã ƒe dzidziɖedzi ƒe agbɔsɔsɔme sɔ gbɔ zi gbɔ zi ene ƒe 50 enye sia wu ƒe 2020 lia.', 'Xexeame katã ƒe dzidziɖedzi ƒe agbɔsɔsɔme sɔ gbɔ wu ƒe 2020 lia  teƒe eve ƒe 50 enye sia.', 'Xexeame katã ƒe dzidziɖedzi ƒe agbɔsɔsɔme sɔ gbɔ wu ƒe 2020 lia tɔ zi gbɔ zi eve.', 'Xexeame katã ƒe dzidziɖedzi ƒe agbɔsɔsɔme sɔ gbɔ egbea zi gbɔ zi ene wu ƒe 2020.']	B	[TextBlock(text='B)Xexeame katã ƒe dzidziɖedzi ƒe agbɔsɔsɔme sɔ gbɔ wu ƒe 2020 lia  teƒe eve ƒe 50 enye sia.', type='text')]	[{'role': 'user', 'content': [{'type': 'text', 'text': 'Nusiwo gbɔna dometɔ kae nye nyateƒe le xexeame katã ƒe dzidziɖedzi ƒe agbɔsɔsɔ ŋu?\n A)Xexeame katã ƒe dzidziɖedzi ƒe agbɔsɔsɔme sɔ gbɔ zi gbɔ zi ene ƒe 50 enye sia wu ƒe 2020 lia. B)Xexeame katã ƒe dzidziɖedzi ƒe agbɔsɔsɔme sɔ gbɔ wu ƒe 2020 lia  teƒe eve ƒe 50 enye sia. C)Xexeame katã ƒe dzidziɖedzi ƒe agbɔsɔsɔme sɔ gbɔ wu ƒe 2020 lia tɔ zi gbɔ zi eve. D)Xexeame katã ƒe dzidziɖedzi ƒe agbɔsɔsɔme sɔ gbɔ egbea zi gbɔ zi ene wu ƒe 2020.'}]}]
global_facts	Latin Amerika dukɔ akpa gãtɔ xɔ ɖokuisinɔnɔ...	['le Xexemeʋa evelia megbe kpuie', 'Le ƒe 1960 liawo me', 'ɖo ta Xexemeʋa Gbãtɔa gbɔ', 'ƒe alafa 19 lia ƒe gɔmedzedze']	D	[TextBlock(text='D)ƒe alafa 19 lia ƒe gɔmedzedze', type='text')]	[{'role': 'user', 'content': [{'type': 'text', 'text': 'Latin Amerika dukɔ akpa gãtɔ xɔ ɖokuisinɔnɔ...\n A)le Xexemeʋa evelia megbe kpuie B)Le ƒe 1960 liawo me C)ɖo ta Xexemeʋa Gbãtɔa gbɔ D)ƒe alafa 19 lia ƒe gɔmedzedze'}]}]
global_facts	Le bɔmb sesẽ ƒe wowó megbe la, Amerikatɔ nenie da asi ɖe kpekpeɖeŋunana Japan dzi, le nuɖuɖu ƒe veve gɔ̃ hã me?	['33%', '50%', '66%', '85%']	C	[TextBlock(text='C)66%', type='text')]	[{'role': 'user', 'content': [{'type': 'text', 'text': 'Le bɔmb sesẽ ƒe wowó megbe la, Amerikatɔ nenie da asi ɖe kpekpeɖeŋunana Japan dzi, le nuɖuɖu ƒe veve gɔ̃ hã me?\n A)33% B)50% C)66% D)85%'}]}]
global_facts	Le ƒe 1948 lia me la, Amerikatɔ nenie susui be Kinsey ƒe Nyatakaka si ku ɖe ŋutsuwo ƒe gbɔdɔdɔ ŋu nye nu gbegblẽ?	['92%', '64%', '27%', '11%']	D	[TextBlock(text='D)11%', type='text')]	[{'role': 'user', 'content': [{'type': 'text', 'text': 'Le ƒe 1948 lia me la, Amerikatɔ nenie susui be Kinsey ƒe Nyatakaka si ku ɖe ŋutsuwo ƒe gbɔdɔdɔ ŋu nye nu gbegblẽ?\n A)92% B)64% C)27% D)11%'}]}]
global_facts	Xexeame katã ƒe PIB ƒe alafa memamã nenie wozãna ɖe gazazã ɖe lãmesẽnyawo ŋu le ƒe 2017 lia me?	['1%', '2%', '5%', '10%']	D	[TextBlock(text='B)2%', type='text')]	[{'role': 'user', 'content': [{'type': 'text', 'text': 'Xexeame katã ƒe PIB ƒe alafa memamã nenie wozãna ɖe gazazã ɖe lãmesẽnyawo ŋu le ƒe 2017 lia me?\n A)1% B)2% C)5% D)10%'}]}]
high_school_microeconomics	Ne aƒewo ƒe gakpɔkpɔ le mama dedie nu dzi ɖe edzi eye halã ƒe hiahiã kɔ ta dzi la, halã tsotsoewo anye	['nusi ƒe nyonyome mede ŋgɔ o', 'atike si wozãna ɖaa.', 'nunɔamesi si sɔ gbɔ wu.', 'dutoƒonu nyui aɖe.']	B	[TextBlock(text='C) nunɔamesi si sɔ gbɔ wu.', type='text')]	[{'role': 'user', 'content': [{'type': 'text', 'text': 'Ne aƒewo ƒe gakpɔkpɔ le mama dedie nu dzi ɖe edzi eye halã ƒe hiahiã kɔ ta dzi la, halã tsotsoewo anye\n A)nusi ƒe nyonyome mede ŋgɔ o B)atike si wozãna ɖaa. C)nunɔamesi si sɔ gbɔ wu. D)dutoƒonu nyui aɖe.'}]}]
high_school_microeconomics	Tɔtrɔ le nusiwo gbɔna dometɔ aɖeke ŋu mana be hamburger ƒe didi ƒe fli natrɔ oa?	['Hot dog ƒe asi', 'Hamburgers ƒe asi', 'Hamburger buns ƒe asi', 'Ga si hamburger ɖulawo kpɔna']	B	[TextBlock(text='B)Hamburgers ƒe asi', type='text')]	[{'role': 'user', 'content': [{'type': 'text', 'text': 'Tɔtrɔ le nusiwo gbɔna dometɔ aɖeke ŋu mana be hamburger ƒe didi ƒe fli natrɔ oa?\n A)Hot dog ƒe asi B)Hamburgers ƒe asi C)Hamburger buns ƒe asi D)Ga si hamburger ɖulawo kpɔna'}]}]
high_school_microeconomics	Ne gazazã sue aɖe sɔ kple asi le adzɔnuwo ƒe asi si me hoʋiʋli le bliboe me le ɣeyiɣi didi ƒe dadasɔ me la, nusiwo gbɔna dometɔ kae mele eteƒe o?	['Nuwɔwɔ kple asixɔxɔ si sɔ le hadome alo esi wɔa dɔ nyuie li.', 'Gake adzɔnuwo ƒe asi bubuwo ya mewɔa dɔ nyuie o.', 'Esia nye dzesi be nudzralawo ƒe xexlẽme sɔ gbɔ ŋutɔ.', 'Asixɔxɔ si nuƒlela la tsɔ de nusi wodzra dzi la sɔ kple ga si nudzrala la zã ɖe ewɔwɔ ŋu le nudzadzra bubu ƒe vovototo me.']	C	[TextBlock(text='D)Asixɔxɔ si nuƒlela la tsɔ de nusi wodzra dzi la sɔ kple ga si nudzrala la zã ɖe ewɔwɔ ŋu le nudzadzra bubu ƒe vovototo me.', type='text')]	[{'role': 'user', 'content': [{'type': 'text', 'text': 'Ne gazazã sue aɖe sɔ kple asi le adzɔnuwo ƒe asi si me hoʋiʋli le bliboe me le ɣeyiɣi didi ƒe dadasɔ me la, nusiwo gbɔna dometɔ kae mele eteƒe o?\n A)Nuwɔwɔ kple asixɔxɔ si sɔ le hadome alo esi wɔa dɔ nyuie li. B)Gake adzɔnuwo ƒe asi bubuwo ya mewɔa dɔ nyuie o. C)Esia nye dzesi be nudzralawo ƒe xexlẽme sɔ gbɔ ŋutɔ. D)Asixɔxɔ si nuƒlela la tsɔ de nusi wodzra dzi la sɔ kple ga si nudzrala la zã ɖe ewɔwɔ ŋu le nudzadzra bubu ƒe vovototo me.'}]}]
high_school_microeconomics	Ne, esi adzɔnu aɖe ƒe asi le dzi yim la, dzidzeme si nuƒlelaa kpɔna ɖe nu ma ƒe akpa ɖesiaɖe si wogatsɔ kpee ŋu dzi ɖena kpɔtɔ na, le nya siwo gbɔna dometɔ kae ɖe nuŋububu sia me nyuie ?	['Nusiwo wowɔna le mɔ sue aɖe nu dzi ɖeɖe kpɔtɔ', 'Viɖenu ƒe asixɔxɔ suetɔ le ɖiɖim.', 'Viɖe si le axadzi ƒe dzidziɖedzi.', 'Nusiwo wowɔna le mɔ sue aɖe nu ƒe dzidziɖedzi']	B	[TextBlock(text='B)Viɖenu ƒe asixɔxɔ suetɔ le ɖiɖim.', type='text')]	[{'role': 'user', 'content': [{'type': 'text', 'text': 'Ne, esi adzɔnu aɖe ƒe asi le dzi yim la, dzidzeme si nuƒlelaa kpɔna ɖe nu ma ƒe akpa ɖesiaɖe si wogatsɔ kpee ŋu dzi ɖena kpɔtɔ na, le nya siwo gbɔna dometɔ kae ɖe nuŋububu sia me nyuie ?\n A)Nusiwo wowɔna le mɔ sue aɖe nu dzi ɖeɖe kpɔtɔ B)Viɖenu ƒe asixɔxɔ suetɔ le ɖiɖim. C)Viɖe si le axadzi ƒe dzidziɖedzi. D)Nusiwo wowɔna le mɔ sue aɖe nu ƒe dzidziɖedzi'}]}]
high_school_microeconomics	Le ɣeyiɣi didi me la, dɔwɔƒe ɖeka aɖe si kpɔ ŋusẽ ɖe asia dzi la koe	['mekpɔa viɖe aɖeke le ganyawo gome o', 'Nuwɔla la kpɔa viɖe nyui aɖe le ganyawo me.', 'ekpɔa viɖe gbegblẽ le ganyawo me', 'si dze ŋgɔ nudidi ƒe fli si le tsitrenu']	A	[TextBlock(text='A', type='text')]	[{'role': 'user', 'content': [{'type': 'text', 'text': 'Le ɣeyiɣi didi me la, dɔwɔƒe ɖeka aɖe si kpɔ ŋusẽ ɖe asia dzi la koe\n A)mekpɔa viɖe aɖeke le ganyawo gome o B)Nuwɔla la kpɔa viɖe nyui aɖe le ganyawo me. C)ekpɔa viɖe gbegblẽ le ganyawo me D)si dze ŋgɔ nudidi ƒe fli si le tsitrenu'}]}]
high_school_microeconomics	Ne wotsɔe sɔ kple adzɔnuwo ƒe asi si me hoʋiʋli le si ƒe nuwo ƒe asixɔxɔ sɔ la, woate ŋu akpɔ mɔ be asitsala ɖeka si kpɔ ŋusẽ fia	['kpekpeme dzi ɖeɖe kpɔtɔ si ku la maganɔ anyi o', 'asi si bɔbɔ ɖe anyi wu', 'nuwɔwɔ ƒe agbɔsɔsɔ si kɔ wu', 'dɔwɔƒe geɖe wu']	A	[TextBlock(text='B) asi si bɔbɔ ɖe anyi wu', type='text')]	[{'role': 'user', 'content': [{'type': 'text', 'text': 'Ne wotsɔe sɔ kple adzɔnuwo ƒe asi si me hoʋiʋli le si ƒe nuwo ƒe asixɔxɔ sɔ la, woate ŋu akpɔ mɔ be asitsala ɖeka si kpɔ ŋusẽ fia\n A)kpekpeme dzi ɖeɖe kpɔtɔ si ku la maganɔ anyi o B)asi si bɔbɔ ɖe anyi wu C)nuwɔwɔ ƒe agbɔsɔsɔ si kɔ wu D)dɔwɔƒe geɖe wu'}]}]
high_school_microeconomics	Nya siwo gbɔna dometɔ ka mee nuwo ƒe asixɔxɔ ƒe tɔtrɔ kple woƒe agbɔsɔsɔme ƒe tɔtrɔ adze gaglãa le (na nu nyui aɖe koŋ)?	['Nusiwo woatsɔ ana kple nusiwo wobia siaa dzi ɖe kpɔtɔ nyuie.', 'Nusiwo woakpɔ kple esiwo wobia siaa be woadzi ɖe edzi nyuie.', 'Nusiwo wotsɔna naa amewo dzina ɖe edzi eye nusiwo wobia dzi ɖena kpɔtɔna.', 'Nusiwo míeyɔ ɖe etame dometɔ aɖeke meli o']	D	[TextBlock(text='A) Nusiwo woatsɔ ana kple nusiwo wobia siaa dzi ɖe kpɔtɔ nyuie.', type='text')]	[{'role': 'user', 'content': [{'type': 'text', 'text': 'Nya siwo gbɔna dometɔ ka mee nuwo ƒe asixɔxɔ ƒe tɔtrɔ kple woƒe agbɔsɔsɔme ƒe tɔtrɔ adze gaglãa le (na nu nyui aɖe koŋ)?\n A)Nusiwo woatsɔ ana kple nusiwo wobia siaa dzi ɖe kpɔtɔ nyuie. B)Nusiwo woakpɔ kple esiwo wobia siaa be woadzi ɖe edzi nyuie. C)Nusiwo wotsɔna naa amewo dzina ɖe edzi eye nusiwo wobia dzi ɖena kpɔtɔna. D)Nusiwo míeyɔ ɖe etame dometɔ aɖeke meli o'}]}]
high_school_microeconomics	Nya siwo gbɔna dometɔ kae ɖe nuwo ƒe asi dziɖiɖi le wowɔwɔ geɖe vɔ megbe fia nyuie?	['Ne dɔwɔƒe aɖe ƒe nuwɔwɔ dzi ɖe kpɔtɔ la, ewɔwɔ ƒe gazazãwo le mama dedie nu dzi ɖena kpɔtɔna.', 'Ne dɔwɔƒe aɖe ƒe nusiwo wòwɔna le dzidzim ɖe edzi la, ga si wozãna ɖe nuwɔwɔ ŋu le mama dedie nu dzina ɖe edzi.', 'Ne dɔwɔƒe aɖe ƒe nusiwo wòzãna dzi ɖe edzi zi gbɔ zi etɔ̃la, eƒe dɔwɔwɔ dzina ɖe edzi zi gbɔ zi ene.', 'Ne dɔwɔƒe aɖe ƒe nusiwo wòwɔna dzina ɖe edzi zi gbɔ zi etɔ̃la, eƒe nusiwo wòwɔna dzina ɖe edzi zi gbɔ zi eve.']	C	[TextBlock(text='B)ewɔwɔ ƒe gazazãwo le mama dedie nu dzi ɖena kpɔtɔna.', type='text')]	[{'role': 'user', 'content': [{'type': 'text', 'text': 'Nya siwo gbɔna dometɔ kae ɖe nuwo ƒe asi dziɖiɖi le wowɔwɔ geɖe vɔ megbe fia nyuie?\n A)Ne dɔwɔƒe aɖe ƒe nuwɔwɔ dzi ɖe kpɔtɔ la B)ewɔwɔ ƒe gazazãwo le mama dedie nu dzi ɖena kpɔtɔna. C)Ne dɔwɔƒe aɖe ƒe nusiwo wòwɔna le dzidzim ɖe edzi la D)ga si wozãna ɖe nuwɔwɔ ŋu le mama dedie nu dzina ɖe edzi.'}]}]
high_school_microeconomics	Le gakpodɔwɔƒe si ƒoa ɖi ƴa me la, ŋusẽ kae dziɖuɖua ƒe afɔɖeɖe akpɔ ɖe nuawo wɔwɔ kple wodzadzra ƒe asiƒe dadasɔ dzii ?	['Nusiwo wowɔna adzi ɖe edzi; asixɔxɔa matrɔ o.', 'Dɔwɔwɔ adzi ɖe edzi, asixɔxɔ dzi aɖe akpɔtɔ.', 'Nusiwo wowɔna adzi ɖe edzi; asixɔxɔa adzi ɖe edzi.', 'Nusiwo wowɔ dzi aɖe akpɔtɔ, asixɔxɔa adzi ɖe edzi.']	D	[TextBlock(text='D) Nusiwo wowɔna adzi ɖe edzi; asixɔxɔa adzi ɖe edzi.', type='text')]	[{'role': 'user', 'content': [{'type': 'text', 'text': 'Le gakpodɔwɔƒe si ƒoa ɖi ƴa me la, ŋusẽ kae dziɖuɖua ƒe afɔɖeɖe akpɔ ɖe nuawo wɔwɔ kple wodzadzra ƒe asiƒe dadasɔ dzii ?\n A)Nusiwo wowɔna adzi ɖe edzi; asixɔxɔa matrɔ o. B)Dɔwɔwɔ adzi ɖe edzi C)asixɔxɔ dzi aɖe akpɔtɔ. D)Nusiwo wowɔna adzi ɖe edzi; asixɔxɔa adzi ɖe edzi.'}]}]
high_school_microeconomics	Gɔmeɖose si nye be woazã viɖe geɖe wue nye be woatia adzɔnu vovovo siwo...	['ƒe viɖe suetɔ kekeake le adzɔnu siwo katã le kusia me dome', 'Adzɔnuwo ƒe asiwoe nye esiwo bɔbɔ wu na asitsaha aɖe.', 'ƒe asixɔxɔ si lolo wu le viɖe sue aɖe ŋu ne wotsɔe sɔ kple asixɔxɔ si le adzɔnu ɖesiaɖe ŋu.', 'viɖe si le marginal utility kple price dome ƒe sɔsɔme sɔ na adzɔnu siwo katã wɔ kusia si le gakpɔkpɔ ƒe mɔxenu te.']	D	[TextBlock(text='D) viɖe si le marginal utility kple price dome ƒe sɔsɔme sɔ na adzɔnu siwo katã wɔ kusia si le gakpɔkpɔ ƒe mɔxenu te.', type='text')]	[{'role': 'user', 'content': [{'type': 'text', 'text': 'Gɔmeɖose si nye be woazã viɖe geɖe wue nye be woatia adzɔnu vovovo siwo...\n A)ƒe viɖe suetɔ kekeake le adzɔnu siwo katã le kusia me dome B)Adzɔnuwo ƒe asiwoe nye esiwo bɔbɔ wu na asitsaha aɖe. C)ƒe asixɔxɔ si lolo wu le viɖe sue aɖe ŋu ne wotsɔe sɔ kple asixɔxɔ si le adzɔnu ɖesiaɖe ŋu. D)viɖe si le marginal utility kple price dome ƒe sɔsɔme sɔ na adzɔnu siwo katã wɔ kusia si le gakpɔkpɔ ƒe mɔxenu te.'}]}]
high_school_microeconomics	Nɔnɔme si me P = MC nye nɔnɔme si le tẽ na dɔwɔwɔ nyuie ka ƒomevi?	['Mama ƒe dɔwɔwɔ nyuie', 'Mɔ̃ɖaŋununya ƒe dɔwɔwɔ nyuie', 'Nuwɔwɔ nyuie', 'Allocative ƒe dɔwɔwɔ nyuie']	D	[TextBlock(text='D) Allocative ƒe dɔwɔwɔ nyuie', type='text')]	[{'role': 'user', 'content': [{'type': 'text', 'text': 'Nɔnɔme si me P = MC nye nɔnɔme si le tẽ na dɔwɔwɔ nyuie ka ƒomevi?\n A)Mama ƒe dɔwɔwɔ nyuie B)Mɔ̃ɖaŋununya ƒe dɔwɔwɔ nyuie C)Nuwɔwɔ nyuie D)Allocative ƒe dɔwɔwɔ nyuie'}]}]
high_school_microeconomics	Nɔnɔme siwo gbɔna dometɔ kae ana dukɔ aɖe ƒe nuwɔwɔ ƒe liƒo (PPF) nadzi ɖe edzi?	['Dukɔa ƒe suku kɔkɔwo ƒe ɖoɖoa ƒe nyonyome le gbegblẽm ɖe edzi vivivi.', 'Dukɔa ƒe dziɖuɖumegãwo dea ga asi na numekuku kple mɔ̃ɖaŋununya yeyewo dodo ɖe ŋgɔ.', 'Vidzĩ siwo kuna le dukɔa me le dzidzim ɖe edzi.', 'Ðiƒoƒo nutome gblẽa nu le ameawo ƒe lãmesẽ ŋu vevie.']	B	[TextBlock(text='B)Dukɔa ƒe dziɖuɖumegãwo dea ga asi na numekuku kple mɔ̃ɖaŋununya yeyewo dodo ɖe ŋgɔ.', type='text')]	[{'role': 'user', 'content': [{'type': 'text', 'text': 'Nɔnɔme siwo gbɔna dometɔ kae ana dukɔ aɖe ƒe nuwɔwɔ ƒe liƒo (PPF) nadzi ɖe edzi?\n A)Dukɔa ƒe suku kɔkɔwo ƒe ɖoɖoa ƒe nyonyome le gbegblẽm ɖe edzi vivivi. B)Dukɔa ƒe dziɖuɖumegãwo dea ga asi na numekuku kple mɔ̃ɖaŋununya yeyewo dodo ɖe ŋgɔ. C)Vidzĩ siwo kuna le dukɔa me le dzidzim ɖe edzi. D)Ðiƒoƒo nutome gblẽa nu le ameawo ƒe lãmesẽ ŋu vevie.'}]}]
high_school_microeconomics	Le ɣeyiɣi kpui aɖe me la, ga si woatsɔ atɔ te nane wɔwɔ sɔ la kple...	['dzesi suetɔ kekeake le gazazã bliboa ƒe mamã dedie nu.', 'dzesi si sɔ gbɔ wu le gazazã bliboa ƒe mamã dedie nu.', 'dzesi suetɔ kekeake na gazazã si trɔna le mama dedie nu.', 'dzesi gãtɔ kekeake le gazazã si trɔna le mama dedie nu dzi']	C	[TextBlock(text='A', type='text')]	[{'role': 'user', 'content': [{'type': 'text', 'text': 'Le ɣeyiɣi kpui aɖe me la, ga si woatsɔ atɔ te nane wɔwɔ sɔ la kple...\n A)dzesi suetɔ kekeake le gazazã bliboa ƒe mamã dedie nu. B)dzesi si sɔ gbɔ wu le gazazã bliboa ƒe mamã dedie nu. C)dzesi suetɔ kekeake na gazazã si trɔna le mama dedie nu. D)dzesi gãtɔ kekeake le gazazã si trɔna le mama dedie nu dzi'}]}]
high_school_microeconomics	Nya siwo gbɔna dometɔ kae ɖɔ nɔnɔme si ɖo kpe dɔwɔƒewo ƒe dɔmawɔmawɔ nyuie le dɔwɔƒe si ɖeke meɖea funa o .	['Nukutsetse geɖe wu dɔwɔƒe siwo ʋlia ho', 'Ga home si bɔbɔ wu dɔwɔƒe siwo le ho ʋlim.', 'Ga home sɔ kple gazazã sue aɖe.', 'Ŋutete si gbɔ eme ne wotsɔe sɔ kple dɔwɔƒe siwo le ho ʋlim.']	D	[TextBlock(text='D)Ŋutete si gbɔ eme ne wotsɔe sɔ kple dɔwɔƒe siwo le ho ʋlim.', type='text')]	[{'role': 'user', 'content': [{'type': 'text', 'text': 'Nya siwo gbɔna dometɔ kae ɖɔ nɔnɔme si ɖo kpe dɔwɔƒewo ƒe dɔmawɔmawɔ nyuie le dɔwɔƒe si ɖeke meɖea funa o .\n A)Nukutsetse geɖe wu dɔwɔƒe siwo ʋlia ho B)Ga home si bɔbɔ wu dɔwɔƒe siwo le ho ʋlim. C)Ga home sɔ kple gazazã sue aɖe. D)Ŋutete si gbɔ eme ne wotsɔe sɔ kple dɔwɔƒe siwo le ho ʋlim.'}]}]
high_school_microeconomics	Ne nusiwo dzram wole kple nusiwo hiam wole dzi ɖe edzi la, emetsonuae nye esi gbɔna	['asixɔxɔ ƒe dzidziɖedzi si ŋu kakaɖedzi le kple agbɔsɔsɔme ƒe tɔtrɔ si womeɖo ɖi o', 'agbɔsɔsɔme ƒe dzidziɖedzi pɛpɛpɛ kple asixɔxɔ ƒe tɔtrɔ si mesɔ pɛpɛpɛ o.', 'agbɔsɔsɔme dzi ɖeɖe kpɔtɔ pɛpɛpɛ kple asixɔxɔ ƒe tɔtrɔ si womeɖo ɖi o', 'asixɔxɔ ƒe ɖiɖi pɛpɛpɛ kple agbɔsɔsɔ ƒe dzidziɖedzi pɛpɛpɛ.']	B	[TextBlock(text='A) asixɔxɔ ƒe dzidziɖedzi si ŋu kakaɖedzi le kple agbɔsɔsɔme ƒe tɔtrɔ si womeɖo ɖi o', type='text')]	[{'role': 'user', 'content': [{'type': 'text', 'text': 'Ne nusiwo dzram wole kple nusiwo hiam wole dzi ɖe edzi la, emetsonuae nye esi gbɔna\n A)asixɔxɔ ƒe dzidziɖedzi si ŋu kakaɖedzi le kple agbɔsɔsɔme ƒe tɔtrɔ si womeɖo ɖi o B)agbɔsɔsɔme ƒe dzidziɖedzi pɛpɛpɛ kple asixɔxɔ ƒe tɔtrɔ si mesɔ pɛpɛpɛ o. C)agbɔsɔsɔme dzi ɖeɖe kpɔtɔ pɛpɛpɛ kple asixɔxɔ ƒe tɔtrɔ si womeɖo ɖi o D)asixɔxɔ ƒe ɖiɖi pɛpɛpɛ kple agbɔsɔsɔ ƒe dzidziɖedzi pɛpɛpɛ.'}]}]
high_school_microeconomics	Nusiwo gbɔna dometɔ kae ɖe dzesi le dɔwɔƒe siwo dzea ŋgɔ hoʋiʋli deblibo ƒe nuwɔwɔwo kple wohiahiã ƒe fli la dome ?	['ga si wokpɔna le mama dedie nu le mamã dedie nu si mede asi nu le nuwɔwɔ ƒe ɖoɖowo katã me.', 'gakpɔkpɔ sue aɖe si sɔ kple gazazã sue aɖe le nuwɔwɔ ƒe ɖoɖowo katã me.', 'asixɔxɔ kple gakpɔkpɔ sue aɖe sɔ le nuwɔwɔ ƒe ɖoɖowo katã me.', 'si sɔ kple asitsalawo ƒe didi ƒe fli']	C	[TextBlock(text='B)gakpɔkpɔ sue aɖe si sɔ kple gazazã sue aɖe le nuwɔwɔ ƒe ɖoɖowo katã me.', type='text')]	[{'role': 'user', 'content': [{'type': 'text', 'text': 'Nusiwo gbɔna dometɔ kae ɖe dzesi le dɔwɔƒe siwo dzea ŋgɔ hoʋiʋli deblibo ƒe nuwɔwɔwo kple wohiahiã ƒe fli la dome ?\n A)ga si wokpɔna le mama dedie nu le mamã dedie nu si mede asi nu le nuwɔwɔ ƒe ɖoɖowo katã me. B)gakpɔkpɔ sue aɖe si sɔ kple gazazã sue aɖe le nuwɔwɔ ƒe ɖoɖowo katã me. C)asixɔxɔ kple gakpɔkpɔ sue aɖe sɔ le nuwɔwɔ ƒe ɖoɖowo katã me. D)si sɔ kple asitsalawo ƒe didi ƒe fli'}]}]
high_school_microeconomics	Ne gotagome nu gbegblẽ aɖe si do ƒome kple ame ŋutɔ ƒe adzɔnu aɖe wɔwɔ li la, dziɖuɖua ƒe afɔɖeɖe kae ate ŋu ana asitsalawo nakpɔ emetsonu nyui aɖe wu?	['Do dɔwɔƒe si wɔa nu nyuiawo.', 'Do alɔ dɔwɔƒea alo eƒe asisiwo.', 'Woxe adzɔ ɖe asitsatsa la ta.', 'Ðo dɔdzikpɔha aɖe.']	C	[TextBlock(text='C)Woxe adzɔ ɖe asitsatsa la ta.', type='text')]	[{'role': 'user', 'content': [{'type': 'text', 'text': 'Ne gotagome nu gbegblẽ aɖe si do ƒome kple ame ŋutɔ ƒe adzɔnu aɖe wɔwɔ li la, dziɖuɖua ƒe afɔɖeɖe kae ate ŋu ana asitsalawo nakpɔ emetsonu nyui aɖe wu?\n A)Do dɔwɔƒe si wɔa nu nyuiawo. B)Do alɔ dɔwɔƒea alo eƒe asisiwo. C)Woxe adzɔ ɖe asitsatsa la ta. D)Ðo dɔdzikpɔha aɖe.'}]}]
high_school_microeconomics	Ne dɔwɔlawo hiahiã ƒe fli le ɖiɖim la, fetu suetɔ ƒe dzidziɖedzi nyea	['eɖea vi na dɔwɔla aɖewo eye wògblẽa nu le ame bubuwo ŋu', 'eɖea vi na dɔwɔlawo katã eye wògblẽa nu le dɔtɔ aɖewo ŋu', 'si gblẽa nu le dɔwɔlawo kple dɔtɔwo katã ŋu', 'si ɖea vi na dɔwɔlawo kple dɔtɔwo katã']	A	[TextBlock(text='D)si ɖea vi na dɔwɔlawo kple dɔtɔwo katã', type='text')]	[{'role': 'user', 'content': [{'type': 'text', 'text': 'Ne dɔwɔlawo hiahiã ƒe fli le ɖiɖim la, fetu suetɔ ƒe dzidziɖedzi nyea\n A)eɖea vi na dɔwɔla aɖewo eye wògblẽa nu le ame bubuwo ŋu B)eɖea vi na dɔwɔlawo katã eye wògblẽa nu le dɔtɔ aɖewo ŋu C)si gblẽa nu le dɔwɔlawo kple dɔtɔwo katã ŋu D)si ɖea vi na dɔwɔlawo kple dɔtɔwo katã'}]}]
high_school_microeconomics	Dɔwɔƒe si le dɔ wɔm le hoʋiʋli deblibo me ƒe hiahiãwo ƒe fli le ale	['togbɛ si le dzi yim le ɖusime.', 'nɔnɔmea le ɖiɖim ɖe ɖusime.', 'fli si le tsitrenu bliboe', 'dɔwɔwɔ le tsia dzi bliboe']	D	[TextBlock(text='A) togbɛ si le dzi yim le ɖusime.', type='text')]	[{'role': 'user', 'content': [{'type': 'text', 'text': 'Dɔwɔƒe si le dɔ wɔm le hoʋiʋli deblibo me ƒe hiahiãwo ƒe fli le ale\n A)togbɛ si le dzi yim le ɖusime. B)nɔnɔmea le ɖiɖim ɖe ɖusime. C)fli si le tsitrenu bliboe D)dɔwɔwɔ le tsia dzi bliboe'}]}]
high_school_microeconomics	Ne dɔwɔƒe aɖe ɖe eƒe asiwo dzi kpɔtɔ 15% eye eƒe gakpɔkpɔ bliboa dzi ɖe edzi 30% la, nya siwo gbɔna dometɔ kae sɔ?	['Nudidi ƒe elasticity le asixɔxɔ gome nye ɖekawɔwɔ.', 'asixɔxɔ ƒe elasticity le didi me li ke.', 'asixɔxɔ ƒe elasticity le didi me trɔna.', 'Xexlẽdzesi ƒe xexlẽdzesi si nye elasticity sɔ kple ɖeka.']	C	[TextBlock(text='B)asixɔxɔ ƒe elasticity le didi me li ke.', type='text')]	[{'role': 'user', 'content': [{'type': 'text', 'text': 'Ne dɔwɔƒe aɖe ɖe eƒe asiwo dzi kpɔtɔ 15% eye eƒe gakpɔkpɔ bliboa dzi ɖe edzi 30% la, nya siwo gbɔna dometɔ kae sɔ?\n A)Nudidi ƒe elasticity le asixɔxɔ gome nye ɖekawɔwɔ. B)asixɔxɔ ƒe elasticity le didi me li ke. C)asixɔxɔ ƒe elasticity le didi me trɔna. D)Xexlẽdzesi ƒe xexlẽdzesi si nye elasticity sɔ kple ɖeka.'}]}]
