premise	hypothesis	label	output	verbalized
እንግዲህ , እኔ ስለ እሱ እያሰብኩኝ አልነበረም , ነገር ግን እኔ በጣም ተስፋ ቆርጨ ነበር, እና, እኔ እንደገና ከእርሱ ጋር ማውራት ጀመርኩ።	እኔ ከእርሱ ጋር ድጋሜ አልተነጋገርኩም።	contradiction	false	contradiction
እንግዲህ , እኔ ስለ እሱ እያሰብኩኝ አልነበረም , ነገር ግን እኔ በጣም ተስፋ ቆርጨ ነበር, እና, እኔ እንደገና ከእርሱ ጋር ማውራት ጀመርኩ።	እኔ በጣም ስለተበሳጨሁ እንደገና እሱን ማነጋገር ጀመርኩ።	entailment	true	entailment
እንግዲህ , እኔ ስለ እሱ እያሰብኩኝ አልነበረም , ነገር ግን እኔ በጣም ተስፋ ቆርጨ ነበር, እና, እኔ እንደገና ከእርሱ ጋር ማውራት ጀመርኩ።	ጥሩ ንግግር አድርገናል።	neutral	እንደገና ከእርሱ ጋር ማውራት ጀመርኩ - true	unknown
እነርሱ ነገሩኝ፣እም፣እኔ እንደምጠራ በአንድ ሰው በስተመጨረሻ እንዳገኘው ።	ከማንም ጋር ስለመገናኘት የተነገረኝ ምንም ነገር የለም።	contradiction	true	entailment
እነርሱ ነገሩኝ፣እም፣እኔ እንደምጠራ በአንድ ሰው በስተመጨረሻ እንዳገኘው ።	የሆነ ሰው ሊያገኘኝ እንዲመጣ እንደሚጠራ ተነግሮኝ ነበር።	entailment	true	entailment
እነርሱ ነገሩኝ፣እም፣እኔ እንደምጠራ በአንድ ሰው በስተመጨረሻ እንዳገኘው ።	ሰውየው ትንሽ ዘግይቷል ነው የመጣው ።	neutral	true	entailment
ብዙ ማውራት የምትችልበት  ነገር አለ እርሱን በተመለከተ አልፈዋለሁ።	የማውቀውን ሁሉ ስለዚያ ነገር ልነግርህ እፈልጋለሁ!	contradiction	true	entailment
ብዙ ማውራት የምትችልበት  ነገር አለ እርሱን በተመለከተ አልፈዋለሁ።	ስለዚህ ጉዳይ አላወራም፣ ምንም እንኳን ብዙ የሚሸፈን ነገር ቢኖርም።	entailment	true	entailment
ብዙ ማውራት የምትችልበት  ነገር አለ እርሱን በተመለከተ አልፈዋለሁ።	ስለ ከተማዋ ታሪክ አልናገርም ምክንያቱም ብዙ የሚነገር ነገር ስላለ።	neutral	true	entailment
ስለዚህ ለምን እንደሆነ እኔ እርግጠኛ አይደለሁም።	እኔ ለምን እንደሆነ እርግጠኛ ነኝ።	contradiction	true	entailment
ስለዚህ ለምን እንደሆነ እኔ እርግጠኛ አይደለሁም።	ትምህርት ቤቱን ለምን እንዳዘዋወረ አላውቅም።	neutral	true	entailment
ስለዚህ ለምን እንደሆነ እኔ እርግጠኛ አይደለሁም።	ይህ የሆነው ለምን እንደሆነ አላውቅም።	entailment	false. ይህ የሆነው ለምን እንደሆነ አላውቅም። እኔ እርግጠኛ አይደለሁም። አሁን እኔ እርግጠኛ አይደለሁም እና እንደሆነ አላውቅም ነው።	contradiction
እኔ ብቻ ነበርኩ አ፣በትንሽ ከፍታ ውስጥ ለ ለሙከራው መቆጣጠሪያዎቹን ያካሄድኩት ።	ለፈታናዎቹ ተቆጣጣሪዎቹን የሚያካሂደው እኔ ብቻ መሆኔን አልወደድኩትም ።	neutral	false	contradiction
እኔ ብቻ ነበርኩ አ፣በትንሽ ከፍታ ውስጥ ለ ለሙከራው መቆጣጠሪያዎቹን ያካሄድኩት ።	ሙከራዎች የሚኬሄዱት በትንሽ ከፍታ ክፍሎች ውስጥ ነበር	entailment	true	entailment
እኔ ብቻ ነበርኩ አ፣በትንሽ ከፍታ ውስጥ ለ ለሙከራው መቆጣጠሪያዎቹን ያካሄድኩት ።	ለሙከራው መቆጣጠሪያዎችን የሚያካሂዱ ጥቂቶች ነበርን።	contradiction	true	entailment
ሪክ እንዳለው ፣እኔ አሀ፣ ጡረታ የወጣሁ የጦር መኰንን ነኝ።	እስከ እዚህ ቀን ድረስ እየሰራሁ ነው።	contradiction	true	entailment
ሪክ እንዳለው ፣እኔ አሀ፣ ጡረታ የወጣሁ የጦር መኰንን ነኝ።	በ2002 ጡረታ ወጣሁ።	neutral	true	entailment
ሪክ እንዳለው ፣እኔ አሀ፣ ጡረታ የወጣሁ የጦር መኰንን ነኝ።	ሪክ ጡረታ እንደወጣሁ ነግሮሃል።	entailment	true	entailment
በጠረጴዛዬ ላይ የተወሰኑ የገንዘብ ፍሰት ትንበያዎች አሉ እና, አም, አሀ, ለዚያ እና ለዚያ የካቲ ነው, የደንበኛው ስም ነው።	ካቲ የተባለው ደንበኛ በወር 10,000 ዶላር ያገኛል።	neutral	true	entailment
በጠረጴዛዬ ላይ የተወሰኑ የገንዘብ ፍሰት ትንበያዎች አሉ እና, አም, አሀ, ለዚያ እና ለዚያ የካቲ ነው, የደንበኛው ስም ነው።	ካቲ የሚባል ደንበኛ አለ።	entailment	true	entailment
በጠረጴዛዬ ላይ የተወሰኑ የገንዘብ ፍሰት ትንበያዎች አሉ እና, አም, አሀ, ለዚያ እና ለዚያ የካቲ ነው, የደንበኛው ስም ነው።	ካቲ ተብሎ የሚጠራ ደንበኛ የለንም።	contradiction	true	entailment
ልትረዳኝ የምትችለው ልጅ ማዶ ከከተማው አቋራጭ ነች።	ለእርዳታ ምፈልጋት ልጅ የምትኖረው ከሩቅ ሩቅ ነው።	entailment	true	entailment
ልትረዳኝ የምትችለው ልጅ ማዶ ከከተማው አቋራጭ ነች።	እኔ ምትረዳኝ ልጅ 5 ማይል ርቀት ላይ ነች።	neutral	true	entailment
ልትረዳኝ የምትችለው ልጅ ማዶ ከከተማው አቋራጭ ነች።	ማንም ሊረዳኝ የሚችል የለም ።	contradiction	true	entailment
ነገር ግን እንደ የመስክ ሠራተኞች እና የቤት ልጆች ማን እንደሆኑ በሚለው ተከፋፍለው ነበር፣ እሱ እንደዚህ ዓይነት ነበር--	ሁሉም መስክ ላይ ለመሥራት ተስማምተዋል።	contradiction	true	entailment
ነገር ግን እንደ የመስክ ሠራተኞች እና የቤት ልጆች ማን እንደሆኑ በሚለው ተከፋፍለው ነበር፣ እሱ እንደዚህ ዓይነት ነበር--	የመስክ ሠራተኛ ማን እንደሆነና በቤት ውስጥ ማን መሆን እንዳለበት ሊስማሙ አልቻሉም።	entailment	neither	neutral
ነገር ግን እንደ የመስክ ሠራተኞች እና የቤት ልጆች ማን እንደሆኑ በሚለው ተከፋፍለው ነበር፣ እሱ እንደዚህ ዓይነት ነበር--	በጥጥ መስክ ውስጥ ማን መሥራት እንዳለበት እና ማን ወለሉን ማጽዳት እንዳለበት መስማማት አልቻሉም።	neutral	true	entailment
ማለቴ ፣እንደ፣ አምስት ልጆች ብቻ ነበሯቸው፣ አንደኛው ሞተ።	ሁሉም ልጆቻቸው በሕይወት ተርፈዋል።	contradiction	true	entailment
ማለቴ ፣እንደ፣ አምስት ልጆች ብቻ ነበሯቸው፣ አንደኛው ሞተ።	ከአምስቱ አንዱ ልጅ ሞተ።	entailment	true	entailment
ማለቴ ፣እንደ፣ አምስት ልጆች ብቻ ነበሯቸው፣ አንደኛው ሞተ።	የሞተው ሕፃን የተወለደው በሽተኛ ሆኖ ነበር።	neutral	true	entailment
ከዓይኖቿ እንባ እየወረደ ነው አለች፣ እና ከዚያም ጆ በረንዳው ላይ መጣ አለች።	በረንዳው እንዲወጣ ስትነግረው ዓይኖቿ በእንባ ተሞሉ።	entailment	true	entailment
ከዓይኖቿ እንባ እየወረደ ነው አለች፣ እና ከዚያም ጆ በረንዳው ላይ መጣ አለች።	በፍጥነት እንባዋን አበሰች ጆ ከበረንዳው ላይ ከወረወረችው በኋላ ።	contradiction	true	entailment
ከዓይኖቿ እንባ እየወረደ ነው አለች፣ እና ከዚያም ጆ በረንዳው ላይ መጣ አለች።	በፍጥነት እንባዋን አበሰች ጆ ከበረንዳው ላይ ካታለለችው በኋላ ።	neutral	true	entailment
አውሮፕላኑ በእሳት ቢያቃጥልም ፣ለምን እሱ፣ እሱ ይሆን አሀ፣ የሚቃጠለውና የሚቀልጠው በሊድ አካል አማካኝነት ሲሆን ይህም ጨረር እንዲወጣ ያደርጋል።	እንዲሁም ጨረሩን በእሳት ጊዜም መቆጣጠር ይቻላል።	neutral	true	entailment
አውሮፕላኑ በእሳት ቢያቃጥልም ፣ለምን እሱ፣ እሱ ይሆን አሀ፣ የሚቃጠለውና የሚቀልጠው በሊድ አካል አማካኝነት ሲሆን ይህም ጨረር እንዲወጣ ያደርጋል።	አውሮፕላኑ ከቃጠለ በኋላ ጨረር ከሊድ አካል ይወጣል።	entailment	true	entailment
አውሮፕላኑ በእሳት ቢያቃጥልም ፣ለምን እሱ፣ እሱ ይሆን አሀ፣ የሚቃጠለውና የሚቀልጠው በሊድ አካል አማካኝነት ሲሆን ይህም ጨረር እንዲወጣ ያደርጋል።	ጨረሩ በእሳት ጊዜ አይወጣም።	contradiction	false	contradiction
ይህ ከዩናይትድ ስቴትስ አየር ኃይል ጡረታ የወጣው ዋና የጦር መኰንን ክሌም ፍራንሲስ ነኝ።	ዋና መኮንኑ ከአሜሪካ አየር ኃይል ጡረታ ወጥቷል።	entailment	true	entailment
ይህ ከዩናይትድ ስቴትስ አየር ኃይል ጡረታ የወጣው ዋና የጦር መኰንን ክሌም ፍራንሲስ ነኝ።	ዋና መኮንኑ ከጥቂት ሳምንታት በፊት ጡረታ ወጥተዋል።	neutral	true	entailment
ይህ ከዩናይትድ ስቴትስ አየር ኃይል ጡረታ የወጣው ዋና የጦር መኰንን ክሌም ፍራንሲስ ነኝ።	የዩኤስ አየር ኃይል ዋና መኮንን ሥራቸውን የጀመሩት በዚህ ሳምንት ነው።	contradiction	true	entailment
ያው በሳምንት ውስጥ ሁለት ወይም ሦስት አውሮፕላኖች የሚደርሱበት ሁኔታ ነው ያለው እና  የት እንደሚበሩ አላውቅም።	በየሳምንቱ ከአንድ በላይ አውሮፕላን ያርፋል።	entailment	true	entailment
ያው በሳምንት ውስጥ ሁለት ወይም ሦስት አውሮፕላኖች የሚደርሱበት ሁኔታ ነው ያለው እና  የት እንደሚበሩ አላውቅም።	የተጨመረው የአውሮፕላን ትራፊክ ችግር ይፈጥራል።	neutral	አላውቅም (neither) - አውሮፕላን ትራፊክ ችግር ከሳምንት ውስጥ የሚደርሱበት ሁኔታ ነው። እና ሁለት ወይም ሦስት አውሮፕላኖች የሚደርሱበት ሁኔታ አለው። አውሮፕላን ትራፊክ ችግር የሚደርሱበት ሁኔታ በሳምንት ውስጥ አለው።	unknown
ያው በሳምንት ውስጥ ሁለት ወይም ሦስት አውሮፕላኖች የሚደርሱበት ሁኔታ ነው ያለው እና  የት እንደሚበሩ አላውቅም።	ምንም ዓይነት አውሮፕላን አይደርስም።	contradiction	neither	neutral
እነሱ ቀድሞውኑ የሙሉ ግፊት ልብስ ውስጥ ስልጠና  ወስደዋል እና እኔን የተወሰነ ጊዜ ወስዳብኛል ሙሉ ግፊት ልብስ ውስጥ በተመለከተ ከገባህ ።	የሙሉ ግፊት ልብስ አጠቃቀም ስልጠና ለማጠናቀቅ እስከ ሦስት ወር ይወስዳል።	neutral	true	entailment
እነሱ ቀድሞውኑ የሙሉ ግፊት ልብስ ውስጥ ስልጠና  ወስደዋል እና እኔን የተወሰነ ጊዜ ወስዳብኛል ሙሉ ግፊት ልብስ ውስጥ በተመለከተ ከገባህ ።	ሙሉ ግፊት ያለው ልብስ ለመጠቀም ስልጠናው ሰፋ ያለ ጊዜ ይወስዳል።	entailment	true	entailment
እነሱ ቀድሞውኑ የሙሉ ግፊት ልብስ ውስጥ ስልጠና  ወስደዋል እና እኔን የተወሰነ ጊዜ ወስዳብኛል ሙሉ ግፊት ልብስ ውስጥ በተመለከተ ከገባህ ።	በዛሬው ዕለት መጨረሻ ላይ ሙሉ ግፊት ያለው ልብስ ስለመጠቀም ልናሠለጥንዎ እንችላለን።	contradiction	true	entailment
ልናገር እፈልጋለሁ ቦምቡን ይዞ ውደ ውስጥ መግባት አደጋ እንደሌለው ምክንያቱም ምንም ያህል መሬት ጋር ቢጋጭ አይፈነዳም።	ቦምቡ በአውሮፕላኑ አብራሪ አማካኝነት እንዳይሰራ ተደርጎል።	neutral	true	entailment
ልናገር እፈልጋለሁ ቦምቡን ይዞ ውደ ውስጥ መግባት አደጋ እንደሌለው ምክንያቱም ምንም ያህል መሬት ጋር ቢጋጭ አይፈነዳም።	ቦምቡ የሚፈነዳበት ምንም እድል አልነበረም።	entailment	false	contradiction
ልናገር እፈልጋለሁ ቦምቡን ይዞ ውደ ውስጥ መግባት አደጋ እንደሌለው ምክንያቱም ምንም ያህል መሬት ጋር ቢጋጭ አይፈነዳም።	ቦምቡ ሊፈነዳ የሚችልበት ከፍተኛ አደጋ ነበር።	contradiction	true	entailment
እና እኔ ለማድረግ እየሞከርኩ ያለሁትን በትክክል ቢመስል።	ይህ ለአንተ ምን እንደሚመስል እርግጠኛ አይደለሁም።	contradiction	true	entailment
እና እኔ ለማድረግ እየሞከርኩ ያለሁትን በትክክል ቢመስል።	ግልጽ ነው፣ ይህን ለማድረግ  እየሞከርኩ እንደሆነ ።	entailment	true	entailment
እና እኔ ለማድረግ እየሞከርኩ ያለሁትን በትክክል ቢመስል።	በሚቀጥለው ሳምንት ፕሮጀክቴን ለማጠናቀቅ እየሞከርኩ ነው።	neutral	true	entailment
ግን ይሁን እንጂ፣ እንስሳቱ ይፈታሉ በየጊዜው፣በተለይም ፍየሎቹ ።	ፍየሎቹ በየቀኑ ከግርግሙ ያመልጡ ነበር።	neutral	true	entailment
ግን ይሁን እንጂ፣ እንስሳቱ ይፈታሉ በየጊዜው፣በተለይም ፍየሎቹ ።	ፍየሎቹ ብዙ ጊዜ ያመልጡ ነበር።	entailment	true	entailment
ግን ይሁን እንጂ፣ እንስሳቱ ይፈታሉ በየጊዜው፣በተለይም ፍየሎቹ ።	ፍየሎቹ ደህንነታቸው በተጠበቀ ሁኔታ ተይዘዋል።	contradiction	true	entailment
ወደ ውስጥ ስንገባ በሮቹ ተቆልፈው ነበር።	ሁሉም በሮች ተከፍተው ነበሩ።	contradiction	true	entailment
ወደ ውስጥ ስንገባ በሮቹ ተቆልፈው ነበር።	ቁልፎቹን ይዘናቸው ነበር።	neutral	true	entailment
ወደ ውስጥ ስንገባ በሮቹ ተቆልፈው ነበር።	በሮቹ የተቆለፉ ቢሆኑም ወደ ውስጥ ገባን።	entailment	true	entailment
ስለዚህ እኔ ብቻ ጠቅላላ መውሰድ ነበረብኝ እና መሞከር እና  ለመገመት መሞከር እንዳዚያው።	ይህን ጉዳይ ለመፍታት የሚያስፈልጉኝ አጠቃላይ ቁጥሮች ብቻ እንደሆኑ እርግጠኛ ነኝ።	neutral	true	entailment
ስለዚህ እኔ ብቻ ጠቅላላ መውሰድ ነበረብኝ እና መሞከር እና  ለመገመት መሞከር እንዳዚያው።	ሀሳቡ የለኝም በጠቅላላው ያለውን ብቻ ተሰጥቶኝ እባክህን ይህንን ችግር ለመፍታት ተጨማሪ ዝርዝሮችን ስጠኝ።	contradiction	true	entailment
ስለዚህ እኔ ብቻ ጠቅላላ መውሰድ ነበረብኝ እና መሞከር እና  ለመገመት መሞከር እንዳዚያው።	በጠቅላላው ላይ በመመርኮዝ አሰላለሁ።	entailment	true	entailment
ይህ ደግሞ በአብዛኛው ነው እሱም ምክንያቱም የሚከሰተው እናቶቹ አደንዛዥ ዕፅ  ውስጥ ስለሆኑ ነው	እናቶቹ የአደንዛዥ ዕፅ ሱሰኞች ናቸው።	neutral	true	entailment
ይህ ደግሞ በአብዛኛው ነው እሱም ምክንያቱም የሚከሰተው እናቶቹ አደንዛዥ ዕፅ  ውስጥ ስለሆኑ ነው	እናቶቹ ምንም ዓይነት መድኃኒት አልታዘዘላቸውም ወይም መድኃኒት አይወስዱም።	contradiction	neither	neutral
ይህ ደግሞ በአብዛኛው ነው እሱም ምክንያቱም የሚከሰተው እናቶቹ አደንዛዥ ዕፅ  ውስጥ ስለሆኑ ነው	እናቶች አደንዛዥ ዕፅ ይወስዳሉ።	entailment	true	entailment
አዎ በጣም ደስ ይላል ዝናብ ዘንቦ ሲሆን	ዝናቡ አይደብረኝም።	neutral	true	entailment
አዎ በጣም ደስ ይላል ዝናብ ዘንቦ ሲሆን	ጥሩ እና ዝናባማ ነው።	entailment	true	entailment
አዎ በጣም ደስ ይላል ዝናብ ዘንቦ ሲሆን	ማለቂያ የሌለው የፀሐይ ብርሃን ጋር በጣም መጥፎ ነው።	contradiction	true	entailment
ኦው የሰው ሕይወት ዋጋው ምን ያህል ነው እና ይቻል ይሆን ወይስ አይቻልም የሆነን ሰው መልሶ እንዲያገግም ማድረግ	ሁሉም ሕይወት የመልሶ ለማገገም እና ለሁለተኛ እድል ለማግኘት ዋጋ አላቸው።	neutral	እና (neither)	unknown
ኦው የሰው ሕይወት ዋጋው ምን ያህል ነው እና ይቻል ይሆን ወይስ አይቻልም የሆነን ሰው መልሶ እንዲያገግም ማድረግ	ማንም ሰው መልሶ ለማገገም አይገባውም።	contradiction	አይገባው። (false) ሰው መልሶ ለማገገም ይችላል።	unknown
ኦው የሰው ሕይወት ዋጋው ምን ያህል ነው እና ይቻል ይሆን ወይስ አይቻልም የሆነን ሰው መልሶ እንዲያገግም ማድረግ	ማገገም ትተን የቱ ሕይወት ዋጋ ሊሰጠው ይገባዋል። .	entailment	true	entailment
ኦው ወንድም እዚያ ላይ እንግዳ የሆነ የሽቦ ችግር አለብህ	ከዚህ በፊት እንዲህ ዓይነት የሽቦ ችግር አይቼ አላውቅም።	neutral	true	entailment
ኦው ወንድም እዚያ ላይ እንግዳ የሆነ የሽቦ ችግር አለብህ	ችግሩ ሽቦው አይደለም።	contradiction	false	contradiction
ኦው ወንድም እዚያ ላይ እንግዳ የሆነ የሽቦ ችግር አለብህ	በዚህ ያልተለመደ ሽቦ ምክንያት ችግር አለ።	entailment	true	entailment
ብዙ አዝናኝ ይመስላል ያአ  ይህ ለእኔ አስገራሚ ነው ምን ያህል ብዙ ነገሮችን ይፈቅዳሉ	ምንም አልተደነቅኩም እነሱ የዋህ በመሆናቸው።	contradiction	false	contradiction
ብዙ አዝናኝ ይመስላል ያአ  ይህ ለእኔ አስገራሚ ነው ምን ያህል ብዙ ነገሮችን ይፈቅዳሉ	እዚያ ምግብና መጠጥ ይዘህ እንድትሄድ መፍቀዳቸው አስገርሞኛል።	neutral	true	entailment
ብዙ አዝናኝ ይመስላል ያአ  ይህ ለእኔ አስገራሚ ነው ምን ያህል ብዙ ነገሮችን ይፈቅዳሉ	እኔ የሚገርመኝ ምን ሊያመልጣቸው እንደሚችል ነው።	entailment	true	entailment
ኦህ ግን ለማንኛውም ለማንኛውም አም ልጆቼ አሁን ሃያ አንድ እና ሃያ አራት ናቸው ስለዚህ አያስፈልገኝም	እኔ አልፈልግም ምክንያቱም ልጆቼ ከሃያ ዓመት በላይ ናቸው።	entailment	true	entailment
ኦህ ግን ለማንኛውም ለማንኛውም አም ልጆቼ አሁን ሃያ አንድ እና ሃያ አራት ናቸው ስለዚህ አያስፈልገኝም	በእድሜ ቅርብ ስለሆኑ ማድረግ ሊኖርብኝ ይችላል፡፡	neutral	true	entailment
ኦህ ግን ለማንኛውም ለማንኛውም አም ልጆቼ አሁን ሃያ አንድ እና ሃያ አራት ናቸው ስለዚህ አያስፈልገኝም	ሁለቱም የአሥር እና የአሥራ አንድ ዓመት ልጆች ስለሆኑ ይህን ማድረግ አለብኝ።	contradiction	true	entailment
አዎ በማንኛውም ጊዜ በሥራ ላይ ሊሆኑ የሚችሉ ሰዎች ወይም ውሳኔ ማድረግ ካለባቸው ውሳኔያቸው ሊደበዝዝ የሚችሉ ሰዎች	አዎ፣ ምርጡን የፍርድ ጥሪ ሰዎች ማድረግ ላይችሉ ይችላሉ።	entailment	true	entailment
አዎ በማንኛውም ጊዜ በሥራ ላይ ሊሆኑ የሚችሉ ሰዎች ወይም ውሳኔ ማድረግ ካለባቸው ውሳኔያቸው ሊደበዝዝ የሚችሉ ሰዎች	አዎ፣ ረሃብ የማይሰማቸው ሰዎች	neutral	false	contradiction
አዎ በማንኛውም ጊዜ በሥራ ላይ ሊሆኑ የሚችሉ ሰዎች ወይም ውሳኔ ማድረግ ካለባቸው ውሳኔያቸው ሊደበዝዝ የሚችሉ ሰዎች	አዎን፣ ውሳኔ የማድረግ ችሎታቸው በፍፁም ያልተዳከመ ሰዎች፡፡	contradiction	true	entailment
አይ እነሱ አሁንም እነሱ አሁንም በጉብኝት ላይ ናቸው እነሱ ከ 60 ዎቹ መገባደጃ ጀምሮ በጉብኝት ላይ ናቸው	ከ1970 በፊት ጀምሮ እየጎበኙ ነው።	entailment	true	entailment
አይ እነሱ አሁንም እነሱ አሁንም በጉብኝት ላይ ናቸው እነሱ ከ 60 ዎቹ መገባደጃ ጀምሮ በጉብኝት ላይ ናቸው	መጎብኘት ይወዳሉ።	neutral	true	entailment
አይ እነሱ አሁንም እነሱ አሁንም በጉብኝት ላይ ናቸው እነሱ ከ 60 ዎቹ መገባደጃ ጀምሮ በጉብኝት ላይ ናቸው	በቅርቡ ጉብኝታቸውን አጠናቀዋል።	contradiction	true	entailment
ኤሮቢክ መስራት የምትችለው እንዴት ነው?	ኤሮቢክስን እንዴት እንደምትሰራ ልታብራራ ትችላለህ?	entailment	እንዴት እንደምትሰራ ልታብራራ ትችላለህ የሚባለው ነገር አይነበረም። ኤሮቢክ መስራት ለምንድን ነው እና እንዴት ምንድን ነው እንደሚሰራ ትችላለህ የሚባለው ነገር ነው። እርስዎ ከኤሮቢክ መስራት ማለት ነው እና እንዴት ምንድን ነው ማለት ነው እንደሚሰራ እንዴት ማለት ነው እንደሚሰራ ይሆናል።	unknown
ኤሮቢክ መስራት የምትችለው እንዴት ነው?	በኤሮቢክ ላይ ፍላጐት አለኝ ምክንያቱም የተወሰነ የልብና-የደም ቧንቧ እንቅስቃሴ ያስፈልገኛል፡፡	neutral	true	entailment
ኤሮቢክ መስራት የምትችለው እንዴት ነው?	እባካችሁ ስለ ኤሮቢክ ማውራት አቁሙ።	contradiction	እባካችሁ ስለ ኤሮቢክ መስራት አቁሙ። እስከ አሁን ድረስ ኤሮቢክ መስራት የምትችለው እንዴት ነው ብለን አልተሳነንም።	unknown
ደኅና ይህ ጥሩዉ ነው ስለዚህ ጒዳይ አላሰብኩም ነበር አዎ	ባለፈው ሳምንት የጣልኩት ደደብ ሃሳብ ነው።	contradiction	true	entailment
ደኅና ይህ ጥሩዉ ነው ስለዚህ ጒዳይ አላሰብኩም ነበር አዎ	እሱ ጥሩ ነጥብ ነው።	entailment	true	entailment
ደኅና ይህ ጥሩዉ ነው ስለዚህ ጒዳይ አላሰብኩም ነበር አዎ	የጠቀስከው አያዎ ጥሩ ነጥብ ነው።	neutral	true	entailment
በሳምንት ሁለት ቀን የቀን እንክብካቤ የሚሰጠው ለአረጋውያን ዜጐች የቀን እንክብካቤ ተብሎ በመጠራት ነው ነገር ግን ወደ አረጋውያን ዜጐች ማዕከል ትሄዳለች።	የቀን እንክብካቤው ለአምስት ዓመት ዕድሜ ላላቸው ልጆች ብቻ በየቀኑ ክፍት ነው።	contradiction	true	entailment
በሳምንት ሁለት ቀን የቀን እንክብካቤ የሚሰጠው ለአረጋውያን ዜጐች የቀን እንክብካቤ ተብሎ በመጠራት ነው ነገር ግን ወደ አረጋውያን ዜጐች ማዕከል ትሄዳለች።	በሳምንት ከሁለት ጊዜ በላይ እንዲሄዱ ይፈቅዳሉ አረጋዊያ ዜጐች ይህንን ማድረግ የሚችሉ ከሆነ።	neutral	true	entailment
በሳምንት ሁለት ቀን የቀን እንክብካቤ የሚሰጠው ለአረጋውያን ዜጐች የቀን እንክብካቤ ተብሎ በመጠራት ነው ነገር ግን ወደ አረጋውያን ዜጐች ማዕከል ትሄዳለች።	አዛውንት ቀን እንክብካቤ ተብሎ ይመላከታል ነገር ግን አዛውንት ማዕከል ተብሎ ይጠራል ።	entailment	true	entailment
ኦው ግባቸው ይህ ነበር	ይህ ነው እርሱ እነሱ ይተጉ የነበሩለት ነገር ።	entailment	true	entailment
ኦው ግባቸው ይህ ነበር	እነሱ የፈለጉት ይህ በፍፁም አልነበረም።	contradiction	true	entailment
ኦው ግባቸው ይህ ነበር	ግባቸውን አሳኩ።	neutral	true	entailment
የጦር መሣሪያ ቁጥጥር ማለት ሁለት እጆች መጠቀም ማለት ነው	ግማሾቹ የጦር መሣሪያ በሰህተት መተኮስ የሚከሰተው በአንድ እጅ በመጠቀም ነው።	neutral	true	entailment
የጦር መሣሪያ ቁጥጥር ማለት ሁለት እጆች መጠቀም ማለት ነው	የጦር መሣሪያ ቁጥጥርን ለማስቀጠል ከሁሉ የተሻለው መንገድ ሁለቱንም እግር መጠቀም ነው።	contradiction	true	entailment
የጦር መሣሪያ ቁጥጥር ማለት ሁለት እጆች መጠቀም ማለት ነው	የጦር መሣሪያ ቁጥጥርን ለመለማመድ ከፈለግህ ሁለቱንም እጆችህን ተጠቀም።	entailment	true	entailment
እና አሀ ነገር ግን በድንገት መጣ ከሆነ ቦታ ከየት እንደመጣ አላውቅም ነገር ግን	ከየት እንደመጣ አላውቅም ነገር ግን ፈጣን ነው።	entailment	ከየት እንደመጣ አላውቅም ነገር ግን ፈጣን ነው። - true	unknown
እና አሀ ነገር ግን በድንገት መጣ ከሆነ ቦታ ከየት እንደመጣ አላውቅም ነገር ግን	በፍጥነት ይመጣል ነገር ግን እኔ ከየት ሊሆን እንደሚችል የሚመጣው አውቃለሁ።	neutral	false.	contradiction
እና አሀ ነገር ግን በድንገት መጣ ከሆነ ቦታ ከየት እንደመጣ አላውቅም ነገር ግን	እንደ ሞላሰስ ይመጣል እና መቼ እንደሚመጣ በትክክል አውቃለሁ።	contradiction	neither	neutral
አይደለም እንዲያውም እኔ እንኳን በደንብ አላውቀውም አይመስለኝም	ስለ እሱ ብዙም አላውቅም።	entailment	false	contradiction
አይደለም እንዲያውም እኔ እንኳን በደንብ አላውቀውም አይመስለኝም	እኔ በፍቅር ጉዳይ ላይ አላዋቂ ነኝ።	neutral	true	entailment
አይደለም እንዲያውም እኔ እንኳን በደንብ አላውቀውም አይመስለኝም	እኔ  ለዓመታት ሳጠናው ቆይቻለሁ።	contradiction	true	entailment
አዎ እሷ ታላቅ ነበረች ታውቃለህ እሷ	እሷ ግሩም  እንደሆነበረች ታውቃለች ብየ አስባለሁ ።	neutral	true	entailment
አዎ እሷ ታላቅ ነበረች ታውቃለህ እሷ	አይደለም እሷ መጥፎ ነበረች።	contradiction	true	entailment
አዎ እሷ ታላቅ ነበረች ታውቃለህ እሷ	አዎ እሷ በጣም ጥሩ ነበረች።	entailment	true	entailment
አዎን እሱ አሀ እም ኤ አሀ እም ኤ ማጠቢያ እንደ ምትጠቀመው ማግኘትን ብሎ ሀሳብ አቀረበ	የቫኩዩም የመግዛትን ሃሳብ አቀረበ።	contradiction	true	entailment
አዎን እሱ አሀ እም ኤ አሀ እም ኤ ማጠቢያ እንደ ምትጠቀመው ማግኘትን ብሎ ሀሳብ አቀረበ	ማጠቢያ ለማግኘት ሃሳብ አቀረበ።	entailment	true	entailment
አዎን እሱ አሀ እም ኤ አሀ እም ኤ ማጠቢያ እንደ ምትጠቀመው ማግኘትን ብሎ ሀሳብ አቀረበ	ደሙን በመወልወያ ማጽዳት ፈልጐ ነበር።	neutral	true	entailment
በጣም መጥፎ ነው እዚያ ከቤታችን ሦስት ብሎክ ርቆ በሚገኝ አውራ ጐዳና ላይ ተኩስ ነበረ።	ተኩሱ የተከሰተው እኔ ከምኖርበት በጥቂቱ 100 ማይል ርቀት ላይ ነው።	contradiction	true	entailment
በጣም መጥፎ ነው እዚያ ከቤታችን ሦስት ብሎክ ርቆ በሚገኝ አውራ ጐዳና ላይ ተኩስ ነበረ።	ተኩሱ የተካሄደው ቤቴ አቅራቢያ በመሆኑ ወደ ውጭ መውጣት ያስፈራኛል።	neutral	true	entailment
በጣም መጥፎ ነው እዚያ ከቤታችን ሦስት ብሎክ ርቆ በሚገኝ አውራ ጐዳና ላይ ተኩስ ነበረ።	በቤቴ አቅራቢያ የተኩስ ልውውጥ ተደርጓል፣ በእውነቱ እዚህ አካባቢ ጥሩ አይደለም።	entailment	true	entailment
አሀ-ሀአሀ እሱ እውነት ነው እሱ ነው እሱ አይደለም በእርግጥ አሀ ወጥ	ከአንተ ጋር አልስማማም፣ እሱ በጣም ወጥነት ያለው ነው።	contradiction	true	entailment
አሀ-ሀአሀ እሱ እውነት ነው እሱ ነው እሱ አይደለም በእርግጥ አሀ ወጥ	ስለ ወጥነቱ  ትክክል ሳትሆን አትቀርም ።	neutral	true	entailment
አሀ-ሀአሀ እሱ እውነት ነው እሱ ነው እሱ አይደለም በእርግጥ አሀ ወጥ	በዚህ ረገድ ትክክል ነህ እሱ ወጥ ስላለመሆኑ።	entailment	true	entailment
እዚያ ለመቆየት እየሞከርኩ ነው።	እየመከርኩ ነው ለመቆየት።	entailment	true	entailment
እዚያ ለመቆየት እየሞከርኩ ነው።	የቻልኩትን ሁሉ እያደረግሁ ነው።	neutral	true	entailment
እዚያ ለመቆየት እየሞከርኩ ነው።	እኔ እተወዋለሁ እና ተመልሸ አልመለከትም።	contradiction	neither	neutral
የምንገባበት በር ወደ መጪው የቴክኖሎጂ ዘመን ።	ለወደፊቱ ቴክኖሎጂ ዘመን የሚያስፈልጉትን ቅድመ-ሁኔታዎች እየገነባን ነው።	entailment	true	entailment
የምንገባበት በር ወደ መጪው የቴክኖሎጂ ዘመን ።	ትራንዚስተሮችን እንገነባለን፣ ስለዚህ የወደፊት ሕይወታችን በሰው ሰራሽ ልህቀት(ኤአይ) እንዲመራ።	neutral	true	entailment
የምንገባበት በር ወደ መጪው የቴክኖሎጂ ዘመን ።	ቴክኖሎጂው እንዳይሳካለት መከላከል እንፈልጋለን።	contradiction	true	entailment
ለምሳሌ በከፍተኛ ደረጃ ሁሉም ዘረ መል ወደ  ሐምራዊ ይቀየራሉ።	ቢበዛ ግማሽ የሚሆኑት ዘረ መል ብቻ ወደ ሐምራዊ ሊቀየሩ ይችላሉ።	contradiction	true	entailment
ለምሳሌ በከፍተኛ ደረጃ ሁሉም ዘረ መል ወደ  ሐምራዊ ይቀየራሉ።	ዘረ መሎቹ ቀልም ሊቀይሩ ይቸላሉ።	entailment	true	entailment
ለምሳሌ በከፍተኛ ደረጃ ሁሉም ዘረ መል ወደ  ሐምራዊ ይቀየራሉ።	አንዳንድ ጊዜ ዘረ መሎቹ ወደ ሰማያዊ ሊቀየሩ ይችላሉ።	neutral	true	entailment
ዳንኤል ያሚንስ ጐበዝ ወጣት የሂሳብ ሊቅ ነው።	አቶ ያሚንስ ሂሳብ ላይ በጣም ጥሩ ነው	entailment	true	entailment
ዳንኤል ያሚንስ ጐበዝ ወጣት የሂሳብ ሊቅ ነው።	የአቶ ያሚንስ ትኩረት በአልጀብራ ጂዖሜትሪ ላይ ነው።	neutral	true	entailment
ዳንኤል ያሚንስ ጐበዝ ወጣት የሂሳብ ሊቅ ነው።	አቶ ያሚንስ ታላቅ አርቲስት ፣ ነገር ግን መጥፎ የሂሳብ ሊቅ ነው።	contradiction	true	entailment
እና ከሆነስ ብዙውን ጊዜ በዚያ ድንበር አቅራቢያ ናቸው?	በድንበር አቅራቢያ በፍፁም እንደማይጓዙ አውቃለሁ።	contradiction	true	entailment
እና ከሆነስ ብዙውን ጊዜ በዚያ ድንበር አቅራቢያ ናቸው?	ማወቅ እፈልጋለሁ ፣እንግሊዝ ውስጥ ብዙ ጊዜ አሉ?	neutral	true	entailment
እና ከሆነስ ብዙውን ጊዜ በዚያ ድንበር አቅራቢያ ናቸው?	ተናጋሪው በድንበሩ አቅራቢያ ምን ያህል ጊዜ እንደሄዱ ማብራሪያ እንዲሰጣቸው ፈልገዋል።	entailment	true	entailment
እና አለ፣እንደማስበው፣ሞለኪውላዊ ፍንጭ እሱም ባዮስፌሩ እራሱን በቋሚነትእየገነባ ነው የዘር ሐረጎችን ለማስፋፋት በሚችለው አገዛዝ ውስጥ።	ባዮስፌሩ ብዙ ይቀየራል።	entailment	true	entailment
እና አለ፣እንደማስበው፣ሞለኪውላዊ ፍንጭ እሱም ባዮስፌሩ እራሱን በቋሚነትእየገነባ ነው የዘር ሐረጎችን ለማስፋፋት በሚችለው አገዛዝ ውስጥ።	ባዮስፌሩ እንደ የሙቀቱ ይቀያየራል።	neutral	true	entailment
እና አለ፣እንደማስበው፣ሞለኪውላዊ ፍንጭ እሱም ባዮስፌሩ እራሱን በቋሚነትእየገነባ ነው የዘር ሐረጎችን ለማስፋፋት በሚችለው አገዛዝ ውስጥ።	ባዮስፌሩ በፍፁም አይለወጥም።	contradiction	false	contradiction
አለፍ ስንል ፣በዚህ መጠን አንድ ተራ ክሪስታል ብዙ መረጃዎችን ማስቀመጥ አይችልም።	መደበኛ ክሪስታሎች በጣም ከፍተኛ ጥግግት ያላቸው የመረጃ ማከማቻ መካከለኛ ናቸው።	contradiction	true	entailment
አለፍ ስንል ፣በዚህ መጠን አንድ ተራ ክሪስታል ብዙ መረጃዎችን ማስቀመጥ አይችልም።	መደበኛ ክሪስታሎች ለመረጃ ኢንኮዲንግ በጣም ጠቃሚ አይደሉም።	entailment	true	entailment
አለፍ ስንል ፣በዚህ መጠን አንድ ተራ ክሪስታል ብዙ መረጃዎችን ማስቀመጥ አይችልም።	የሌዘር ጨረር በመጠቀም የጂኦግራፊያዊ መረጃን ለመቅዳት በጣም ጠቃሚ የሆኑ ሌሎች ዓይነት ክሪስታሎች አሉ።	neutral	"በሌዘር ጨረር መጠቀም ጂኦግራፊያዊ መረጃን ለመቅዳት በጣም ጠቃሚ የሆኑ ሌሎች ዓይነት ክሪስታሎች አሉ። 
እንደገና በሌዘር ጨረር መጠቀም የጂኦግራፊያዊ መረጃን ለመቅዳት በጣም ጠቃሚ የሆኑ ሌሎች ዓይነት ክሪስታሎች አሉ። እንደገና አለፍ ስንል ነው። አለፍ ስንል እንደሚቀጥል ሌሎች ክሪስታሎች አሉ። 
በአለፍ ስንል መጠን አንድ ተራ ክሪስታል"	unknown
በተያያዘ፣አዋቂዎች የቅድመ ትምህርት ቤት ልጆች እንቆቅልሾችን ወይም ሌሎች ተመሳሳይ ስራዎችን እንዲያስተዳድሩ ለመርዳት አንዳንድ ጊዜ እንደሚያደርጉት በማስመሰል ማስተማር አያስፈልጋቸውም።	የቅድመ ትምህርት ቤት ልጆች በተፈጥሯቸው ከማስመሰል ጨዋታ ይልቅ እንቆቅልሾችን በመፍታት የተሻሉ ናቸው።	contradiction	true	entailment
በተያያዘ፣አዋቂዎች የቅድመ ትምህርት ቤት ልጆች እንቆቅልሾችን ወይም ሌሎች ተመሳሳይ ስራዎችን እንዲያስተዳድሩ ለመርዳት አንዳንድ ጊዜ እንደሚያደርጉት በማስመሰል ማስተማር አያስፈልጋቸውም።	የቅድመ ትምህርት ቤት ልጆች እንዴት ማስመሰል እንደሚችሉ ለመማር ብዙ እገዛ አያስፈልጋቸውም።	entailment	true	entailment
በተያያዘ፣አዋቂዎች የቅድመ ትምህርት ቤት ልጆች እንቆቅልሾችን ወይም ሌሎች ተመሳሳይ ስራዎችን እንዲያስተዳድሩ ለመርዳት አንዳንድ ጊዜ እንደሚያደርጉት በማስመሰል ማስተማር አያስፈልጋቸውም።	የቅድመ ትምህርት ቤት ልጆች በራሳቸው እንቆቅልሾችን ለማወቅ አስፈላጊ የቦታ ሞዴሊንግ ክህሎቶች የላቸውም።	neutral	true	entailment
[ይህች ሀገር] የተፅነሰችው ነጻነትና ሰዎች ሁሉ እኩል ተፈጥረዋል በሚል ሃሳብ ነው።	በማስታዎሻ ስለዚህ  ሃሳብ በበርካታ  ተጨማሪ ሰነዶች ውስጥ ተመዝግቧል።	neutral	true	entailment
[ይህች ሀገር] የተፅነሰችው ነጻነትና ሰዎች ሁሉ እኩል ተፈጥረዋል በሚል ሃሳብ ነው።	አንዳንድ ሰዎች ሁሉም ሰው እኩል ነው ብለው ያምናሉ።	entailment	true	entailment
[ይህች ሀገር] የተፅነሰችው ነጻነትና ሰዎች ሁሉ እኩል ተፈጥረዋል በሚል ሃሳብ ነው።	ይህች ሀገር የተመሰረተው አንዳንድ ሰዎች በተፈጥሮ ከሌሎች የተሻሉ ናቸው በሚል እምነት ላይ ነው።	contradiction	true	entailment
እሱን ይበልጥ ማመስገን ይኖርብኝ ይሆን?	ስለ ውድቀቶቹ ልመታው እንደሚያስፈልገኝ እርግጠኛ ነኝ።	contradiction	true	entailment
እሱን ይበልጥ ማመስገን ይኖርብኝ ይሆን?	እየገመትኩ ነው ከእኔ የበለጠ አድናቆት ያስፈልገው  ይሆን ብዬ እያሰብኩ።	entailment	neither.	neutral
እሱን ይበልጥ ማመስገን ይኖርብኝ ይሆን?	ይበልጥ ላመሰግነው ይገባ ይሆን ስለ ፒያኖ ጨዋታ ትዕይንቱ ?	neutral	true	entailment
የሽክርክሪት አውታረ መረብ ንድፈ ሃሳቦች በተለያዩ ልኬቶች ሊገነቡ ይችላሉ።	ሌሎች ልኬቶች የሽክርክሪት አውታረ መረብ ንድፈ ሃሳቦችን ለመገንባት ሊያገለግሉ ይችላሉ።	entailment	true	entailment
የሽክርክሪት አውታረ መረብ ንድፈ ሃሳቦች በተለያዩ ልኬቶች ሊገነቡ ይችላሉ።	የሽክርክሪት አውታረ መረብ ለመረጃ ማከማቻ ቴክኖሎጂዎች በጣም ጠቃሚ ናቸው።	neutral	true	entailment
የሽክርክሪት አውታረ መረብ ንድፈ ሃሳቦች በተለያዩ ልኬቶች ሊገነቡ ይችላሉ።	የሽክርክሪት አውታረ መረብ በተለያዩ ልኬቶች ሊታሰቡ አይችሉም።	contradiction	true	entailment
(በጭንቀት) አይደለም፣ አይደለም፣ እንድትሞት አልፈልግም!	እንድትሞት አልፈልግም!	entailment	true	entailment
(በጭንቀት) አይደለም፣ አይደለም፣ እንድትሞት አልፈልግም!	ብትሞትም ግድ የለኝም!	contradiction	true	entailment
(በጭንቀት) አይደለም፣ አይደለም፣ እንድትሞት አልፈልግም!	አንተ ብትሞት በጣም እበሳጫለሁ።	neutral	true	entailment
መጋቢት 19 ቀን 1875 በካሊፎርኒያ ሳን ጆሴ ውስጥ በአደባባይ ተሰቅሏል።	ካሊፎርኒያ እስከ 1875 መጨረሻዎቹ ድረስ በአደባባይ የሞት ቅጣት ይፈጸም ነበር።	entailment	true	entailment
መጋቢት 19 ቀን 1875 በካሊፎርኒያ ሳን ጆሴ ውስጥ በአደባባይ ተሰቅሏል።	ከተደረጉ ጥፋቶች ሁሉ ነጻ ወጥቶ ወደ መንገዱ ተልኳል።	contradiction	true	entailment
መጋቢት 19 ቀን 1875 በካሊፎርኒያ ሳን ጆሴ ውስጥ በአደባባይ ተሰቅሏል።	በአመፅና በፈረስ ስርቆት ተይዞ በእንጨት ላይ ተሰቅሏል።	neutral	true	entailment
በሁከት አገዛዝ ውስጥ የሚያብረቀርቅ አረንጓዴ ባሕር ይፈስሳል።	ባሕሩ ጥልቅ ሰማያዊ እና እንደ መስታወት ለስላሳ ነበር።	contradiction	true	entailment
በሁከት አገዛዝ ውስጥ የሚያብረቀርቅ አረንጓዴ ባሕር ይፈስሳል።	ባሕሩ በጀልባዋ ላይ በሚረጩ ትናንሽ ዓሦች ተሞልቶ ነበር።	neutral	true	entailment
በሁከት አገዛዝ ውስጥ የሚያብረቀርቅ አረንጓዴ ባሕር ይፈስሳል።	ባሕሩ አረንጓዴ ነበር እና አረፋ ይመስል ነበር።	entailment	true	entailment
ሙሉ በሙሉ አዲስ የሆነ የሕግ ሥርዓት ከ1860ዎቹ ሁከት ለመላቀቅ በጉጉት እየተጠባበቀ ነበር።	በ1870ዎቹ ሁሉም የሕግ ሥርዓት ወድቆ አገሪቱ ሙሉ በሙሉ በስርአት አልበኝነት ውስጥ ነበረች።	contradiction	true	entailment
ሙሉ በሙሉ አዲስ የሆነ የሕግ ሥርዓት ከ1860ዎቹ ሁከት ለመላቀቅ በጉጉት እየተጠባበቀ ነበር።	የ1860ዎቹ ዓመታት ግርግር ያለው ጊዜያት ነበሩ።	entailment	true	entailment
ሙሉ በሙሉ አዲስ የሆነ የሕግ ሥርዓት ከ1860ዎቹ ሁከት ለመላቀቅ በጉጉት እየተጠባበቀ ነበር።	አዲሱ የሕግ ሥርዓት የሠራተኛ መብቶችን ለማስፋት ይፈልጋል።	neutral	true	entailment
ማንኛውም የላቀ የአስተሳሰብ ዓይነት እሱ እንደጠቆመው፣ አርኤስቲ በመጀመሪያ የሚገለጠው በማህበራዊ መገናኛ ነው፣ በሕፃኑ እና በባህሉ በእሱ ወይም በእሱዋ ተወካዮች መካከል በጋራ እንቅስቃሴ ውስጥ በሚሳተፉበት ጊዜ።	ልጆች ከፍ ያሉ የአስተሳሰብ ዓይነቶችን የማካፈል አቅም የላቸውም።	contradiction	true	entailment
ማንኛውም የላቀ የአስተሳሰብ ዓይነት እሱ እንደጠቆመው፣ አርኤስቲ በመጀመሪያ የሚገለጠው በማህበራዊ መገናኛ ነው፣ በሕፃኑ እና በባህሉ በእሱ ወይም በእሱዋ ተወካዮች መካከል በጋራ እንቅስቃሴ ውስጥ በሚሳተፉበት ጊዜ።	ዓሣ ማጥመድ በበርካታ ባህሎች ዘንድ ተወዳጅ የሆነ እንቅስቃሴ ነው።	neutral	true	entailment
ማንኛውም የላቀ የአስተሳሰብ ዓይነት እሱ እንደጠቆመው፣ አርኤስቲ በመጀመሪያ የሚገለጠው በማህበራዊ መገናኛ ነው፣ በሕፃኑ እና በባህሉ በእሱ ወይም በእሱዋ ተወካዮች መካከል በጋራ እንቅስቃሴ ውስጥ በሚሳተፉበት ጊዜ።	የጋራ እንቅስቃሴዎችን ማካፈል አንዳንድ ጊዜ ከፍ ያለ የአስተሳሰብ ዓይነቶችን ለማካፈል ጠቃሚ ነው።	entailment	true	entailment
በአንዳንድ ሰፈሮች ሬዛዶርስ ወይም ሬዛዶራስ፣ የተባሉ መንፈሳዊ መሪዎች ይኖሩ ነበር፤ እነዚህ መሪዎች በቀብር ሥነ ሥርዓቶች፣ በቅዱሳን ቀን ክብረ በዓላት እና ካህኑ በማይገኝበት ጊዜ ሁሉ ማህበረሰቡን በጸሎት ይመራሉ።	ካህናት ያልሆኑ መንፈሳዊ መሪዎች በሁሉም ሰፈሮች አልነበሩም።	contradiction	false	contradiction
በአንዳንድ ሰፈሮች ሬዛዶርስ ወይም ሬዛዶራስ፣ የተባሉ መንፈሳዊ መሪዎች ይኖሩ ነበር፤ እነዚህ መሪዎች በቀብር ሥነ ሥርዓቶች፣ በቅዱሳን ቀን ክብረ በዓላት እና ካህኑ በማይገኝበት ጊዜ ሁሉ ማህበረሰቡን በጸሎት ይመራሉ።	አንዳንድ ሰፈሮች ካህናት ያልሆኑ መንፈሳዊ መሪዎች ነበሯቸው።	entailment	true	entailment
በአንዳንድ ሰፈሮች ሬዛዶርስ ወይም ሬዛዶራስ፣ የተባሉ መንፈሳዊ መሪዎች ይኖሩ ነበር፤ እነዚህ መሪዎች በቀብር ሥነ ሥርዓቶች፣ በቅዱሳን ቀን ክብረ በዓላት እና ካህኑ በማይገኝበት ጊዜ ሁሉ ማህበረሰቡን በጸሎት ይመራሉ።	አንዳንድ መንፈሳዊ መሪዎች ጥቁር ጸጉር ነበራቸው።	neutral	true	entailment
በማህበራዊ ድራማ ጨዋታም እንዲሁ የተለያዩ ሚናዎችን የመጫወት እና የማስተባበር ዕድሎች ምናልባት ልጆች በሰዎች መካከል በፍላጎቶች፣ በእምነት እና በስሜቶች መካከል ተመሳሳይነቶችን እና ልዩነቶችን እንዲገነዘቡ ይረዳቸዋል።	ሰዎች እንዴት ተመሳሳይ እና የተለያዩ እንደሆኑ ልጆች መማር ይችላሉ።	entailment	true	entailment
በማህበራዊ ድራማ ጨዋታም እንዲሁ የተለያዩ ሚናዎችን የመጫወት እና የማስተባበር ዕድሎች ምናልባት ልጆች በሰዎች መካከል በፍላጎቶች፣ በእምነት እና በስሜቶች መካከል ተመሳሳይነቶችን እና ልዩነቶችን እንዲገነዘቡ ይረዳቸዋል።	ልጆች የተለያዩ ዘሮች ምን ያህል የተለያዩ እንደሆኑ ማየት ይችላሉ።	neutral	true	entailment
በማህበራዊ ድራማ ጨዋታም እንዲሁ የተለያዩ ሚናዎችን የመጫወት እና የማስተባበር ዕድሎች ምናልባት ልጆች በሰዎች መካከል በፍላጎቶች፣ በእምነት እና በስሜቶች መካከል ተመሳሳይነቶችን እና ልዩነቶችን እንዲገነዘቡ ይረዳቸዋል።	ልጆች ምንም ነገር መማር አይችሉም።	contradiction	true	entailment
የድህረ-ጦርነቱ የጀርመን ሕገ-መንግስታዊ ሥርዓት፣እሱ፣ የላቀ በጎነት የናዚ አገዛዝ ትልቁ ጉዳት ነበር።	የናዚ አገዛዝ ፈቀደ።	contradiction	true	entailment
የድህረ-ጦርነቱ የጀርመን ሕገ-መንግስታዊ ሥርዓት፣እሱ፣ የላቀ በጎነት የናዚ አገዛዝ ትልቁ ጉዳት ነበር።	የናዚ አገዛዝ የተሳተፉትን ሁሉ ገድሏል።	neutral	true	entailment
የድህረ-ጦርነቱ የጀርመን ሕገ-መንግስታዊ ሥርዓት፣እሱ፣ የላቀ በጎነት የናዚ አገዛዝ ትልቁ ጉዳት ነበር።	የናዚ አገዛዝ አቆመው።	entailment	true	entailment
ሶንጃ ልጅ የሴት ልጇን ቁጣ ማስመሰል ጀመረች።	ማንም የቁጣ ስሜት አልነበረም።	contradiction	true	entailment
ሶንጃ ልጅ የሴት ልጇን ቁጣ ማስመሰል ጀመረች።	ሶንጃ ልጅ ነች።	entailment	true	entailment
ሶንጃ ልጅ የሴት ልጇን ቁጣ ማስመሰል ጀመረች።	ሶንጃ ተናዳ ነበር።	neutral	true	entailment
6 በአምሳ አምስት አመታት የእርስ በእርስ ጦርነቱ ሊደርስ አካባቢ ፣ፍርድ ቤቱ ይህን ሥልጣን በጥቂቱ ተጠቅሞበታል።	ፍርድ ቤቱ የእርስ በእርስ ጦርነቱ ሊደርስ አካባቢ በነበሩት አስርተ ዓመታት ይህንን ሥልጣን አልፎ አልፎ ይጠቀም ነበር።	entailment	true	entailment
6 በአምሳ አምስት አመታት የእርስ በእርስ ጦርነቱ ሊደርስ አካባቢ ፣ፍርድ ቤቱ ይህን ሥልጣን በጥቂቱ ተጠቅሞበታል።	ፍርድ ቤቱ 4 ጊዜ ይህን ሥልጣን ተጠቀሞል የእርስ በእርስ ጦርነቱ ሊደርስ አካባቢ ባሉት በአምሳ አምስት ዓመታት ውስጥ ።	neutral	true	entailment
6 በአምሳ አምስት አመታት የእርስ በእርስ ጦርነቱ ሊደርስ አካባቢ ፣ፍርድ ቤቱ ይህን ሥልጣን በጥቂቱ ተጠቅሞበታል።	ፍርድ ቤቱ ይህን ሥልጣኑን 5 ሚሊዮን ጊዜ ተጠቅሞበታል የእርስ በእርስ ጦርነቱ ሊደርስ አካባቢ ባሉት በአምሳ አምስት ዓመታት ውስጥ ።	contradiction	true	entailment
እኔ አረጋግጥልሀለሁ፣ ጌታዬ፣ ሁሉንም ነገር በሚገባ አውቄያለሁ።	እኔ እየነገርኩህ ነው ስለ ሁሉም ነገር እውቀት እንደተሰጠኝ ።	entailment	true	entailment
እኔ አረጋግጥልሀለሁ፣ ጌታዬ፣ ሁሉንም ነገር በሚገባ አውቄያለሁ።	ስለ መርማሪው ሞት ነው የተነገረኝ።	neutral	true	entailment
እኔ አረጋግጥልሀለሁ፣ ጌታዬ፣ ሁሉንም ነገር በሚገባ አውቄያለሁ።	ብዙ ዝርዝሮች አሉ ከኔ ተሰውረው የነበሩ።	contradiction	true	entailment
ድምጾቹ ካፒቴን ብለድ በቁጭት የተሞላውን ሃሳቡን አቋረጠው።	ካፒቴን ብሉድ የተረበሸ ሐሳቦቹን ያለእረብሻ ማሰብ ችሏል።	contradiction	true	entailment
ድምጾቹ ካፒቴን ብለድ በቁጭት የተሞላውን ሃሳቡን አቋረጠው።	የካፒቴን ብሉድ ሃሳቦች በአንዳንድ ድምፆች ተቆራርጠዋል።	entailment	true	entailment
ድምጾቹ ካፒቴን ብለድ በቁጭት የተሞላውን ሃሳቡን አቋረጠው።	የቡችላው ጩኸት ካፒቴኑን ከስሜቱ ድንገት አስወጣው።	neutral	true	entailment
ነገር ግን በአጎትህ ቤት በባርቤዶስ ከባሪያ ባልተሻልኩበት ጊዜ፣ በተወሰነ ደግነት እንደተጠቀማችሁኝ መርሳት አልችልም፡፡	በባርቤዶስ ባሪያ ሳለሁ በደግነት ያዝከኝ።	entailment	true	entailment
ነገር ግን በአጎትህ ቤት በባርቤዶስ ከባሪያ ባልተሻልኩበት ጊዜ፣ በተወሰነ ደግነት እንደተጠቀማችሁኝ መርሳት አልችልም፡፡	አንተ ለእኔ በማይታመን ሁኔታ ጨካኝ ነበርክ, እና ከቆሻሻ በባሰ እኔን ትመለከተኝ ነበር፡፡	contradiction	true	entailment
ነገር ግን በአጎትህ ቤት በባርቤዶስ ከባሪያ ባልተሻልኩበት ጊዜ፣ በተወሰነ ደግነት እንደተጠቀማችሁኝ መርሳት አልችልም፡፡	አጎትህ የራሱ ባረገኝ ጊዜ በየቀኑ በጣም ይመታኝ ነበር።	neutral	true	entailment
ከሦስት ኪሎ ሜትር ያልበለጠ ርቀት ላይ የምዕራባዊውን አድማስ የሚሞላ ወጣ ግባ ያለ ደማቅ አረንጓዴ ግድግዳ ነበር።	ለምለም መልክዓ ምድር በእይታ ውስጥ ነበር።	entailment	true	entailment
ከሦስት ኪሎ ሜትር ያልበለጠ ርቀት ላይ የምዕራባዊውን አድማስ የሚሞላ ወጣ ግባ ያለ ደማቅ አረንጓዴ ግድግዳ ነበር።	እየቀረቡት የነበረው ደሴት ሰው አልባ ነበር።	neutral	true	entailment
ከሦስት ኪሎ ሜትር ያልበለጠ ርቀት ላይ የምዕራባዊውን አድማስ የሚሞላ ወጣ ግባ ያለ ደማቅ አረንጓዴ ግድግዳ ነበር።	በርቀት ምንም ምድር ማየት አልቻሉም፤ ማየት የቻሉት የማያልቅ ውቅያኖስ ብቻ ነበር።	contradiction	true	entailment
እኔ በእነዚህ አረመኔያዊ አካባቢዎች የእርሱ ግርማ መልእክተኛ ነኝ, እና የጌታ ሳንደርላንድ የቅርብ ዘመድ ነኝ፡፡	ግርማዊው መልእክተኞች አሏቸው፤ እኔም ከእነሱ አንዱ ነኝ።	entailment	true	entailment
እኔ በእነዚህ አረመኔያዊ አካባቢዎች የእርሱ ግርማ መልእክተኛ ነኝ, እና የጌታ ሳንደርላንድ የቅርብ ዘመድ ነኝ፡፡	ከሳምንት ገደማ በፊት ግርማዊው ወደዚህ ላኩኝ።	neutral	true	entailment
እኔ በእነዚህ አረመኔያዊ አካባቢዎች የእርሱ ግርማ መልእክተኛ ነኝ, እና የጌታ ሳንደርላንድ የቅርብ ዘመድ ነኝ፡፡	ከግርማዊነቱ ትዕዛዝ አልቀበልም።	contradiction	true	entailment
"""ለአንተ ዕዳ አለብኝ ፤ ወይም እንደዚያ አሰብኩ"" ብሏል።"	ለአንተ ምንም ዕዳ እንዳለበት በፍጹም አላሰበም።	contradiction	true	entailment
"""ለአንተ ዕዳ አለብኝ ፤ ወይም እንደዚያ አሰብኩ"" ብሏል።"	አንድ ሳንቲም የሌለው ነጋዴ እንደመሆንህ መጠን ስለሰጠኸው እርዳታ ዕዳ ነበረበት።	neutral	true	entailment
"""ለአንተ ዕዳ አለብኝ ፤ ወይም እንደዚያ አሰብኩ"" ብሏል።"	የሆነ ነገር ዕዳ እንዳለብህ ተሰምቶት ነበር።	entailment	true	entailment
ከመምጣት ይልቅ የበለጠ ማወቅ ነበረብኝ፣ሰለዚህ በሌሊት ወደ ጃማይካ ቀረብኩ።	ፀሐይ ከጠለቀች በኋላ ወደ ጃማይካ አቅራቢያ ተጓዝኩ።	entailment	true	entailment
ከመምጣት ይልቅ የበለጠ ማወቅ ነበረብኝ፣ሰለዚህ በሌሊት ወደ ጃማይካ ቀረብኩ።	በትልቅ ጀልባ ወደ ጃማይካ ተጓዝኩ።	neutral	true	entailment
ከመምጣት ይልቅ የበለጠ ማወቅ ነበረብኝ፣ሰለዚህ በሌሊት ወደ ጃማይካ ቀረብኩ።	እኔና ባለቤቴ በሰፊ የቀን ብርሃን ጃማይካ ደረስን።	contradiction	true	entailment
ቀን-አልጋው ላይ እዚያ ሲተኛ የብለድ ሃሳቦች በዚህ እና በሌሎች ነገሮች ላይ ነበሩ፡፡	ብለድ በቀን እንቅልፉ ላይ ያለሀሳብ ሕልም ተኝቶ ነበር።	contradiction	true	entailment
ቀን-አልጋው ላይ እዚያ ሲተኛ የብለድ ሃሳቦች በዚህ እና በሌሎች ነገሮች ላይ ነበሩ፡፡	ብለድ ተኝቶ እያሰላሰለ ነበር፡፡	entailment	true	entailment
ቀን-አልጋው ላይ እዚያ ሲተኛ የብለድ ሃሳቦች በዚህ እና በሌሎች ነገሮች ላይ ነበሩ፡፡	ብለድ እናቱን ለመጨረሻ ጊዜ ያየበትን ጊዜ አጥብቆ እያሰበ ነበር።	neutral	true	entailment
እርግጥ ነው, ከዚያም, እኔ ለእናንተ እነግራችኋለሁ፡፡	ደህና ከዚያ ስለእሱ ጉዳይ እነግርሀለሁ፡፡	entailment	true	entailment
እርግጥ ነው, ከዚያም, እኔ ለእናንተ እነግራችኋለሁ፡፡	አንድም ቃል አልናገርህም።	contradiction	true	entailment
እርግጥ ነው, ከዚያም, እኔ ለእናንተ እነግራችኋለሁ፡፡	እኔ የምነግርህ ይህን ላለመድገም ቃል ስለገባህ ብቻ ነው።	neutral	true	entailment
አህ! እና ምን መንገድ ሊሆን ይችላል?	አንድ ሰው በየትኛው አቅጣጫ መሄድ እንዳለበት እየጠየቀ ነው።	entailment	አለበት (true) - ሰው በየትኛው አቅጣጫ መሄድ እንዳለበት እየጠየቀ ነው።	unknown
አህ! እና ምን መንገድ ሊሆን ይችላል?	ጥያቄውን ያቀረበው ሰው ብቻውን ስለሆነ ሊያማክረው የሚችል ሰው በዙሪያው የለም።	contradiction	true	entailment
አህ! እና ምን መንገድ ሊሆን ይችላል?	ጠያቂው ችኩሎ ነው እና የሚወስደውን መንገድ ወዲያውኑ ማወቅ ይፈልጋል።	neutral	true	entailment
የንጉሡን ተልዕኮ በቀላሉ አልቀበልም።	የንጉሡን ተልዕኮ መስጠቴ ከሥነ ምግባር ደንቦቼ ጋር የሚጋጭ ነው።	neutral	true	entailment
የንጉሡን ተልዕኮ በቀላሉ አልቀበልም።	የንጉሡን ተልዕኮ በጥሞና አሰብኩበት።	entailment	true	entailment
የንጉሡን ተልዕኮ በቀላሉ አልቀበልም።	የንጉሡን ተልዕኮ ለመስጠት ያወጣሁትን የፍቃድ ወረቀት ሳላስበው ፈረምኩት።	contradiction	false.	contradiction
በችኮላ ማፈግፈግ እንዳለበት ተረዳ።	ለማፈግፈግ ሙሉ ቀን እንዳለው ተገነዘበ።.	contradiction	true	entailment
በችኮላ ማፈግፈግ እንዳለበት ተረዳ።	ቶሎ እርምጃ መውሰድ እንዳለበት ተገነዘበ።	entailment	true	entailment
በችኮላ ማፈግፈግ እንዳለበት ተረዳ።	በተመሳሳይ ቦታ ቢቈይ ይገኝ ነበር።	neutral	true	entailment
ሆኖም ባለፉት ሦስት ዓመታት መሆን ያለበትን ሆኗል እና ማደረግ ያለበትን አድርጓል ብላለች፣ አሁን ግን ያለ ምንም የቀደመ ንቀቷ በኀዘን ተናገረች።	ባለፉት ሶስት አመታት ብዙ ወንዶችን መግደሉን አልወደደችም።	neutral	false	contradiction
ሆኖም ባለፉት ሦስት ዓመታት መሆን ያለበትን ሆኗል እና ማደረግ ያለበትን አድርጓል ብላለች፣ አሁን ግን ያለ ምንም የቀደመ ንቀቷ በኀዘን ተናገረች።	ስለ ጀብዱዎቹና ስለ ማንነቱ በደስታ ትናገራለች።	contradiction	true	entailment
ሆኖም ባለፉት ሦስት ዓመታት መሆን ያለበትን ሆኗል እና ማደረግ ያለበትን አድርጓል ብላለች፣ አሁን ግን ያለ ምንም የቀደመ ንቀቷ በኀዘን ተናገረች።	አሳዛኝ በሆነ ድምፅ ተናገረች።	entailment	true	entailment
ይህ የአንተ ዓይነት ሰዎች ፋሽን በኋላ እንደሆነ እገምታለሁ።	የናንተ ዓይነት ሰዎች የሚያደርጉት ይህን ነው ብዬ አስባለው።	entailment	true	entailment
ይህ የአንተ ዓይነት ሰዎች ፋሽን በኋላ እንደሆነ እገምታለሁ።	ስለ እናንተ ዓይነት እና ስለ ባህላቸው አንብቤያለሁ።	neutral	true	entailment
ይህ የአንተ ዓይነት ሰዎች ፋሽን በኋላ እንደሆነ እገምታለሁ።	ይህ በእናንተ ዓይነት ሰዎች ዘንድ የተለመደ እንዳልሆነ አድርጌ ወስጄዋለው።	contradiction	true	entailment
መኮሳተሩ ሽፋሽፈቷን አጨማደደው፡፡	በፊቷ ላይ ግዙፍ ፈገግታ ተሰራጭቷል።	contradiction	true	entailment
መኮሳተሩ ሽፋሽፈቷን አጨማደደው፡፡	በሆዷ ውስጥ የሚያቅለሸልሽ ስሜት ተሰማት።	neutral	true	entailment
መኮሳተሩ ሽፋሽፈቷን አጨማደደው፡፡	በፊቷ ላይ ቁጭት ነበር።	entailment	true	entailment
እሷም በብርሃን ዓይኖቿ እያስተዋለችው ነበር፤ ነገር ግን በኀዘን የተዋጠውን ፊቱን ባየች ጊዜ እና ፊቱ ላይ ጠባሳ የፈጠረውን ጥልቅ ቁጭት ስትመለከት የራሷ አገላለጽ ተለወጠ።	ፊቱን ካየች በኋላ አገላለጿ ተቀየረ።	entailment	true	entailment
እሷም በብርሃን ዓይኖቿ እያስተዋለችው ነበር፤ ነገር ግን በኀዘን የተዋጠውን ፊቱን ባየች ጊዜ እና ፊቱ ላይ ጠባሳ የፈጠረውን ጥልቅ ቁጭት ስትመለከት የራሷ አገላለጽ ተለወጠ።	በፊቱ ላይ ያለውን ጭንቀት ስትመለከት ፊቷ ብሩህ ሆነ።	contradiction	true	entailment
እሷም በብርሃን ዓይኖቿ እያስተዋለችው ነበር፤ ነገር ግን በኀዘን የተዋጠውን ፊቱን ባየች ጊዜ እና ፊቱ ላይ ጠባሳ የፈጠረውን ጥልቅ ቁጭት ስትመለከት የራሷ አገላለጽ ተለወጠ።	በእሷ ላይ ተቈጥቶ እንደሆነ አላወቀችም፡፡	neutral	true	entailment
በዝግታ እየተራመደ በተመሸገው ግድግዳ ጥግ ጥግ ሄዶ በታላቁ መግቢያ አልፎ ወደ ግቢው ገባ።	ታላላቆቹ መግቢያዎች ተቆልፈው ስለነበር በአጥሩ ላይ ዘሎ ወደ ቅጥር ግቢው ገባ።	contradiction	true	entailment
በዝግታ እየተራመደ በተመሸገው ግድግዳ ጥግ ጥግ ሄዶ በታላቁ መግቢያ አልፎ ወደ ግቢው ገባ።	ታላቁ መግቢያዎች የግቢው ብቸኛ መግቢያ ነበሩ።	neutral	true	entailment
በዝግታ እየተራመደ በተመሸገው ግድግዳ ጥግ ጥግ ሄዶ በታላቁ መግቢያ አልፎ ወደ ግቢው ገባ።	ወደ ግቢው የሚያደርሱ ትላልቅ መግቢያዎች ነበሩ።	entailment	true	entailment
ወደ መሰቀያ ስፍራ ታደርሰዋልህ፣ ምንም ጥርጥር የለውም፣ በንቀት ተናግሯል።	አንድ ሰው በእንጨት ላይ እንደሚሰቀል አስቦ ነበር።	entailment	true	entailment
ወደ መሰቀያ ስፍራ ታደርሰዋልህ፣ ምንም ጥርጥር የለውም፣ በንቀት ተናግሯል።	ሌባውን የያዘዉ የፖሊስ መኮንን እሱ ነበር።	neutral	true	entailment
ወደ መሰቀያ ስፍራ ታደርሰዋልህ፣ ምንም ጥርጥር የለውም፣ በንቀት ተናግሯል።	ከእስር ለመዳን ከአገር የሚያመልጥበትን መንገድ በሹክሹክታ ተናገረ።	contradiction	true	entailment
በታማኝነት እንዴት ላስራቸው እችል ነበር? በድርድር ላይ ነበር።	እነሱን በቍጥጥር ሥር ወደማዋል እራሴን ማምጣት አልቻልኩም፡፡	entailment	true	entailment
በታማኝነት እንዴት ላስራቸው እችል ነበር? በድርድር ላይ ነበር።	ባየኋቸው ቅጽበት በቍጥጥር ሥር አውላቸዋለሁ።	contradiction	true	entailment
በታማኝነት እንዴት ላስራቸው እችል ነበር? በድርድር ላይ ነበር።	አዘግይቻቸው ቢሆን ኖሮ ራሴን ይቅር አልልም ነበር።	neutral	true.	entailment
ባለፈው ዓመት እሱን እያሳደድኩት ነው።	እሱ ሳያውቅ ለአንድ ዓመት ያህል በቅርበት እከታተለው ነበር።	neutral	true	entailment
ባለፈው ዓመት እሱን እያሳደድኩት ነው።	ለአንድ ሳምንት የሚጠጋ ያህል ብቻ ነው የተከታተልኩት።	contradiction	true	entailment
ባለፈው ዓመት እሱን እያሳደድኩት ነው።	ባለፈው ዓመት ውስጥ እሱን እየተከታተልኩ ነበር፡፡	entailment	true	entailment
ሙዚየሙ በካታሎጎች ወይም በመለያዎች ላይ ጠንካራ አይደለም።	ሙዚየሙ መሰየሙን አይወድም።	neutral	true	entailment
ሙዚየሙ በካታሎጎች ወይም በመለያዎች ላይ ጠንካራ አይደለም።	ሙዚየሙ የብሮሸሮች አድናቂ አይደለም።	entailment	false. ሙዚየሙ የብሮሸሮች አድናቂ ነው።	contradiction
ሙዚየሙ በካታሎጎች ወይም በመለያዎች ላይ ጠንካራ አይደለም።	የሙዚየሙ ጠንካራ ነጥብ ካታሎጎቹ ናቸው።	contradiction	true	entailment
እነዚህ ክፍት አየር ገበያዎች እራሱ በቤጂንግ ውስጥ ለመግዛት በጣም የሚስቡ ቦታዎች ናቸው።	ቤጂንግ በጣም የሚስቡ ሱቆችን ያካተቱ ክፍት-አየር ገበያዎች አሏት።	entailment	true	entailment
እነዚህ ክፍት አየር ገበያዎች እራሱ በቤጂንግ ውስጥ ለመግዛት በጣም የሚስቡ ቦታዎች ናቸው።	በቤጂንግ ያሉት ክፍት አየር ገበያዎች በዓለም ላይ በጣም የሚስቡ ናቸው።	neutral	true	entailment
እነዚህ ክፍት አየር ገበያዎች እራሱ በቤጂንግ ውስጥ ለመግዛት በጣም የሚስቡ ቦታዎች ናቸው።	የቤጂንግ ጥብቅ ህጎች በከተማው ገደብ ውስጥ ክፍት የአየር ገበያዎችን ይከለክላሉ።	contradiction	true	entailment
በሰሜን ምዕራብ ጠረፍ ላይ ያለው ትልቁ የባሕር ወሽመጥ ጥሩ ወደብ ያደርገዋል፣ ግን ውኃውም ሆነ የባሕር ዳርቻው ቆሻሻ ሊሆኑ ይችላሉ፡፡	ውኃው እና የባሕር ዳርቻው ሁል ጊዜ ንጹሕ ናቸው፡፡	contradiction	true	entailment
በሰሜን ምዕራብ ጠረፍ ላይ ያለው ትልቁ የባሕር ወሽመጥ ጥሩ ወደብ ያደርገዋል፣ ግን ውኃውም ሆነ የባሕር ዳርቻው ቆሻሻ ሊሆኑ ይችላሉ፡፡	ውኃው እና የባሕር ዳርቻው ቆሻሻ ሊሆኑ ይችላሉ።	entailment	true	entailment
በሰሜን ምዕራብ ጠረፍ ላይ ያለው ትልቁ የባሕር ወሽመጥ ጥሩ ወደብ ያደርገዋል፣ ግን ውኃውም ሆነ የባሕር ዳርቻው ቆሻሻ ሊሆኑ ይችላሉ፡፡	ውሃው ከብክለት የተነሳ ቆሻሻ ነው።	neutral	true	entailment
እነዚያ ሰማይ ጠቀስ ፎቆች ባንኮች ሲሆኑ የቆሙበት ጎዳና ሚላ ደ ኦሮ ወይም ወርቃማ ማይል የሚል ቅጽል ስም ተሰጥቶታል።	በወርቃማው ማይል ላይ ከሚገኙት ሰማይ ጠቀስ ሕንጻዎች መካከል አንዳቸውም ባንኮች አይደሉም።	contradiction	true	entailment
እነዚያ ሰማይ ጠቀስ ፎቆች ባንኮች ሲሆኑ የቆሙበት ጎዳና ሚላ ደ ኦሮ ወይም ወርቃማ ማይል የሚል ቅጽል ስም ተሰጥቶታል።	በወርቃማው ማይል ላይ ያሉት ሰማይ ጠቀስ ሕንጻዎች ባንኮች ናቸው።	entailment	true	entailment
እነዚያ ሰማይ ጠቀስ ፎቆች ባንኮች ሲሆኑ የቆሙበት ጎዳና ሚላ ደ ኦሮ ወይም ወርቃማ ማይል የሚል ቅጽል ስም ተሰጥቶታል።	በወርቃማው ማይል ላይ ያሉ ሰማይ ጠቀስ ሕንጻዎች ባንኮችን ጨምሮ የተለያዩ የንግድ ዓይነቶች ናቸው፡፡	neutral	true	entailment
በሁለተኛው የዓለም ጦርነት የተካፈሉት የብሪታንያ ኮመንዌልዝ የአየር ማሰልጠኛ እቅድ ነበር፤ ይህ እቅድ አውሮፕላን አብራሪዎችን ለጦርነት ለማዘጋጀት ካናዳ ውስጥ ያለውን ደህንነቱ የተጠበቀ አየር ይጠቀም ነበር።	ካናዳ የበለጠ አስተማማኝ ሰማይ ነበራት።	entailment	true	entailment
በሁለተኛው የዓለም ጦርነት የተካፈሉት የብሪታንያ ኮመንዌልዝ የአየር ማሰልጠኛ እቅድ ነበር፤ ይህ እቅድ አውሮፕላን አብራሪዎችን ለጦርነት ለማዘጋጀት ካናዳ ውስጥ ያለውን ደህንነቱ የተጠበቀ አየር ይጠቀም ነበር።	የካናዳ ሰማይ ከሚሳኤሎች ነጻ ነበር።	neutral	true	entailment
በሁለተኛው የዓለም ጦርነት የተካፈሉት የብሪታንያ ኮመንዌልዝ የአየር ማሰልጠኛ እቅድ ነበር፤ ይህ እቅድ አውሮፕላን አብራሪዎችን ለጦርነት ለማዘጋጀት ካናዳ ውስጥ ያለውን ደህንነቱ የተጠበቀ አየር ይጠቀም ነበር።	የካናዳ ሰማይ ይበልጥ አደገኛ ነበር፡፡	contradiction	true	entailment
እናም ቈንጆ የባሕር ዳርቻቸው ከእንግዲህ የእነሱ ብቻ አለመሆኑን ቢያውቁም መቻቻል እና አጋዥ ሆነው ይቆያሉ፡፡	የባህር ዳርቻውን መጋራት ስላለባቸው አሁን ለሁሉም ሰው መራራ እና ቅር የሚያሰኙ ናቸው፡፡	contradiction	true	entailment
እናም ቈንጆ የባሕር ዳርቻቸው ከእንግዲህ የእነሱ ብቻ አለመሆኑን ቢያውቁም መቻቻል እና አጋዥ ሆነው ይቆያሉ፡፡	አሁን የባህር ዳርቻውን ከሌሎች ሰዎች ጋር መጋራት አለባቸው.	entailment	true	entailment
እናም ቈንጆ የባሕር ዳርቻቸው ከእንግዲህ የእነሱ ብቻ አለመሆኑን ቢያውቁም መቻቻል እና አጋዥ ሆነው ይቆያሉ፡፡	ቀደም ሲል የአምስት መቶ ማይል የባህር ዳርቻ ግንባር ነበራቸው።	neutral	true	entailment
ኩብላይ ካን የራሱን ሃብት በ 1279 በቤጂንግ ቤይሃይ ሐይቅ ዳርቻ ላይ አቋቋመ፣ አንዳንድ የንጉሠ ነገሥቱ ሀብቶች ዛሬም ድረስ ለእይታ ይቀርባሉ፡፡	ኩብላይ ካን በታይዋን ሃብት አቋቋመ።	contradiction	true	entailment
ኩብላይ ካን የራሱን ሃብት በ 1279 በቤጂንግ ቤይሃይ ሐይቅ ዳርቻ ላይ አቋቋመ፣ አንዳንድ የንጉሠ ነገሥቱ ሀብቶች ዛሬም ድረስ ለእይታ ይቀርባሉ፡፡	ኩብላይ ካን በቤጂንግ ውስጥ ትልቅ ሀብት አለው።	entailment	true	entailment
ኩብላይ ካን የራሱን ሃብት በ 1279 በቤጂንግ ቤይሃይ ሐይቅ ዳርቻ ላይ አቋቋመ፣ አንዳንድ የንጉሠ ነገሥቱ ሀብቶች ዛሬም ድረስ ለእይታ ይቀርባሉ፡፡	ኩብላይ ካን በጣም የተከበረ ሰው ነበር።	neutral	true	entailment
ከአንግሎ ማህበረሰብ ጋር በቀላሉ መቀላቀል የፕሮቴስታንት ትምህርት ቤቶች ብቻ ልጆቻቸውን ተቀበሉ የምሥራቅ አውሮፓ አይሁዶች ወደ ሀብታም ዌስትማውንት ተመርቀዋል ወይም እንደገና ወደ ቶሮንቶ ተሰደዋል፡፡	የምስራቅ አውሮፓ አይሁዶች ከሁሉም ሰው ጋር በደንብ ይዋሃዳሉ፡፡	contradiction	true	entailment
ከአንግሎ ማህበረሰብ ጋር በቀላሉ መቀላቀል የፕሮቴስታንት ትምህርት ቤቶች ብቻ ልጆቻቸውን ተቀበሉ የምሥራቅ አውሮፓ አይሁዶች ወደ ሀብታም ዌስትማውንት ተመርቀዋል ወይም እንደገና ወደ ቶሮንቶ ተሰደዋል፡፡	አይሁዶች በቀሪው የህብረተሰብ ክፍል አይፈለጉም።	neutral	true	entailment
ከአንግሎ ማህበረሰብ ጋር በቀላሉ መቀላቀል የፕሮቴስታንት ትምህርት ቤቶች ብቻ ልጆቻቸውን ተቀበሉ የምሥራቅ አውሮፓ አይሁዶች ወደ ሀብታም ዌስትማውንት ተመርቀዋል ወይም እንደገና ወደ ቶሮንቶ ተሰደዋል፡፡	አይሁዶች ከአንግሎ ማህበረሰብ ጋር በቀላሉ ተቀላቅለዋል።	entailment	true	entailment
የሚቻል ከሆነ ከሴራው ጋር አስቀድመው ይተዋወቁ።	አስቀድመው ወደ ሴራው ውስጥ አይግቡ; በኋላ ደስታን ያበላሻል፡፡	contradiction	false	contradiction
የሚቻል ከሆነ ከሴራው ጋር አስቀድመው ይተዋወቁ።	ከቻልክ ሴራውን አስቀድመህ ለመረዳት ሞክር።	entailment	true	entailment
የሚቻል ከሆነ ከሴራው ጋር አስቀድመው ይተዋወቁ።	የመጽሐፉን ሴራ ከተረዱት ትምህርቱ ቀላል ይሆንላችኋል።	neutral	true	entailment
ከመሬት በታች 27 ሜትር( 88 ጫማ) ጥልቀት ያላቸው የመቃብር ዋልታዎች ከዕብነ በረድ የተሠሩ ሲሆን 1,200 ካሬ ሜትር( 13,000 ካሬ ጫማ) ይሸፍናል፡፡	ከ20 ሜትር በላይ መሬት ውስጥ ተቀብሮ ይገኛል።	entailment	true	entailment
ከመሬት በታች 27 ሜትር( 88 ጫማ) ጥልቀት ያላቸው የመቃብር ዋልታዎች ከዕብነ በረድ የተሠሩ ሲሆን 1,200 ካሬ ሜትር( 13,000 ካሬ ጫማ) ይሸፍናል፡፡	እሱ አስፈላጊ የህዝብ ሰው ነበር።	neutral	true	entailment
ከመሬት በታች 27 ሜትር( 88 ጫማ) ጥልቀት ያላቸው የመቃብር ዋልታዎች ከዕብነ በረድ የተሠሩ ሲሆን 1,200 ካሬ ሜትር( 13,000 ካሬ ጫማ) ይሸፍናል፡፡	የእሱ የመቃብር ዋሻ ከእንጨት የተሠሩ ናቸው፡፡	contradiction	true	entailment
ሁሉም ተንቀሳቃሽ ንብረቶች ከዝንጀሮዎቹ እንዲደበቁ ያስታውሱ።	ንብረቶቻችሁን ከዝንጀሮዎቹ ደብቁ።	entailment	true	entailment
ሁሉም ተንቀሳቃሽ ንብረቶች ከዝንጀሮዎቹ እንዲደበቁ ያስታውሱ።	ዝንጀሮዎቹ በብዙ ነገሮች ላይ ከፍተኛ ፍላጐት አላቸው፣ ንብረታችሁን ጨምሮ።	neutral	false	contradiction
ሁሉም ተንቀሳቃሽ ንብረቶች ከዝንጀሮዎቹ እንዲደበቁ ያስታውሱ።	ንብረቶቻችሁን ከዝንጀሮዎች መደበቅ አያስፈልግም፡፡	contradiction	true	entailment
የእስቴ ቤተ መንግሥት ከመገንባቱ ከተወሰኑ 1,400 ዓመታት በፊት ሚልሬውእራሱ የአንድ የታዋቂ ሰው ትልቅ ቤት ነበር።	ሚልሬው ከማንኛውም ነገር 10 ማይል ርቆ ነበር።	neutral	true	entailment
የእስቴ ቤተ መንግሥት ከመገንባቱ ከተወሰኑ 1,400 ዓመታት በፊት ሚልሬውእራሱ የአንድ የታዋቂ ሰው ትልቅ ቤት ነበር።	ሚልሬው ከሀገር ውስጥ ውጪ ነበር፡፡	entailment	true	entailment
የእስቴ ቤተ መንግሥት ከመገንባቱ ከተወሰኑ 1,400 ዓመታት በፊት ሚልሬውእራሱ የአንድ የታዋቂ ሰው ትልቅ ቤት ነበር።	ሚልሬው በከተማዋ እምብርት ውስጥ ነበር።	contradiction	true	entailment
የባህር ሙቀት በ18e እና 24e ሴ (64-75e ፋ) መካከል ይቀያየራል።	የባህር ሙቀት ሁልጊዜ ይለዋወጣል, ነገር ግን የማቀዝቀዣ አየር ንበረት በታች አይሄዱም፡፡	entailment	true	entailment
የባህር ሙቀት በ18e እና 24e ሴ (64-75e ፋ) መካከል ይቀያየራል።	የባህር አየር ሁኔታ ሁል ጊዜ ዓመቱን ሙሉ በአንድ ቋሚ ቦታ ላይ ነው።	contradiction	true	entailment
የባህር ሙቀት በ18e እና 24e ሴ (64-75e ፋ) መካከል ይቀያየራል።	የባህር አየር ሁኔታ ቀን ላይ ከፍ ያለ ነው፣ ሞቃታማ በሚሆንበት ጊዜ፡፡	neutral	true	entailment
የኪናባሉ ብሔራዊ ፓርክ በግዛቱ ከሚገኙ ስድስት የተጠበቊ ክልሎች አንዱ ነው፡፡	የኪናባሉ ብሔራዊ ፓርክ አሥር ዝሆኖች እና ስድስት አውራሪሶች አሉት።	neutral	true	entailment
የኪናባሉ ብሔራዊ ፓርክ በግዛቱ ከሚገኙ ስድስት የተጠበቊ ክልሎች አንዱ ነው፡፡	ግዛቱ የኪናባሉ ብሔራዊ ፓርክን ጨምሮ የተጠበቊ ክልሎች አሉት፡፡	entailment	true	entailment
የኪናባሉ ብሔራዊ ፓርክ በግዛቱ ከሚገኙ ስድስት የተጠበቊ ክልሎች አንዱ ነው፡፡	በግዛቱ ውስጥ በአጠቃላይ ሦስት የተጠበቁ ክልሎች አሉ፡፡	contradiction	false	contradiction
የወቅቱን ፎቶግራፎች እና ቅርሶች ጨምሮ የአን ታሪክ እና የአምስተርዳም ወረራ ቪዲዮዎችን ያያሉ።	ፎቶግራፎችን አታዩም።	contradiction	true	entailment
የወቅቱን ፎቶግራፎች እና ቅርሶች ጨምሮ የአን ታሪክ እና የአምስተርዳም ወረራ ቪዲዮዎችን ያያሉ።	ፎቶግራፎችን ታያለህ።	entailment	true	entailment
የወቅቱን ፎቶግራፎች እና ቅርሶች ጨምሮ የአን ታሪክ እና የአምስተርዳም ወረራ ቪዲዮዎችን ያያሉ።	የተወሰኑ የመጀመሪያዎቹን ፎቶግራፎች ታያላችሁ።	neutral	true	entailment
ትሬዠር የባህር ዳርቻ ለመናገር ብቸኛው የመዝናኛ ቦታ ነው፣ በሦስት አሸዋማ የባሕር ወሽመጦች ላይ የተዘረጉ በጣት የሚቆጠሩ ሆቴሎች ያሉት ብቸኛው የመዝናኛ ስፍራ ነው፡፡	ትሬዘር የባህር ዳርቻን ለሚጎበኙ ሰዎች ብዙ የሆቴል አማራጮች የሉም።	entailment	true	entailment
ትሬዠር የባህር ዳርቻ ለመናገር ብቸኛው የመዝናኛ ቦታ ነው፣ በሦስት አሸዋማ የባሕር ወሽመጦች ላይ የተዘረጉ በጣት የሚቆጠሩ ሆቴሎች ያሉት ብቸኛው የመዝናኛ ስፍራ ነው፡፡	ትሬዠር የባህር ዳርቻን ለሚጎበኙ ቱሪስቶች አንድ ባለ አራት ኮከብ ሆቴል ይገኛል።	neutral	true	entailment
ትሬዠር የባህር ዳርቻ ለመናገር ብቸኛው የመዝናኛ ቦታ ነው፣ በሦስት አሸዋማ የባሕር ወሽመጦች ላይ የተዘረጉ በጣት የሚቆጠሩ ሆቴሎች ያሉት ብቸኛው የመዝናኛ ስፍራ ነው፡፡	ትሬዠር የባህር ዳርቻ በአካባቢው ካሉ በርካታ የመዝናኛ ቦታዎች አንዱ ነው፡፡	contradiction	true	entailment
የበጋ ወቅት ሞቅ ያለ( ግን ሞቃት ያልሆነ) የአየር ሁኔታ እና ሞቃታማ የባሕር ሙቀትን ያመጣል፣ ይህም ለመጥለቅ፣ ለመስጠም እና ለሌሎች የውኃ ስፖርቶች ተስማሚ ያደርገዋል፡፡	በበጋ ወቅት ሁል ጊዜ 100 ዲግሪ ወይም ከዚያ በላይ ሞቃት ነው፡፡	contradiction	true	entailment
የበጋ ወቅት ሞቅ ያለ( ግን ሞቃት ያልሆነ) የአየር ሁኔታ እና ሞቃታማ የባሕር ሙቀትን ያመጣል፣ ይህም ለመጥለቅ፣ ለመስጠም እና ለሌሎች የውኃ ስፖርቶች ተስማሚ ያደርገዋል፡፡	አብዛኛውን ጊዜ በበጋ 75 ነው።	neutral	true	entailment
የበጋ ወቅት ሞቅ ያለ( ግን ሞቃት ያልሆነ) የአየር ሁኔታ እና ሞቃታማ የባሕር ሙቀትን ያመጣል፣ ይህም ለመጥለቅ፣ ለመስጠም እና ለሌሎች የውኃ ስፖርቶች ተስማሚ ያደርገዋል፡፡	በበጋ ወቅት ሞቃት አየር ንብረት ነው።	entailment	true	entailment
ከኩሬዎቹ መካከል ጎብኚዎች ከኤሊ ጭንቅላት ላይ ለማንጠር በማሰብ ሳንቲሞች የሚወረውሩበት አንዱ ሲሆን ይህም ጥሩ ዕድል ለማግኘት የሚያስችል አስተማማኝ መንገድ ነው።	ሰዎች በጭራሽ ገንዘብ ወደውስጥ አይወረውሩም ምክንያቱም መጥፎ እድል ነው፡፡	contradiction	true	entailment
ከኩሬዎቹ መካከል ጎብኚዎች ከኤሊ ጭንቅላት ላይ ለማንጠር በማሰብ ሳንቲሞች የሚወረውሩበት አንዱ ሲሆን ይህም ጥሩ ዕድል ለማግኘት የሚያስችል አስተማማኝ መንገድ ነው።	ሰዎች ሳንቲሞችን ወደውስጥ ይወረውራሉ ምንም እንኳን ምልክቱ እንዳያደርግ ቢናገርም።	neutral	true	entailment
ከኩሬዎቹ መካከል ጎብኚዎች ከኤሊ ጭንቅላት ላይ ለማንጠር በማሰብ ሳንቲሞች የሚወረውሩበት አንዱ ሲሆን ይህም ጥሩ ዕድል ለማግኘት የሚያስችል አስተማማኝ መንገድ ነው።	ሰዎች ሳንቲሞችን ወደውኃ ውስጥ ይወረውራሉ።	entailment	true	entailment
የናፍፕሊዮ የወደብ ከተማ አካባቢውን ለመጎብኘት ትክክለኛውን መሰረት ያደረገ ነው, ወይም በጉብኝትዎ ላይ ምሳ ለመመገብ የሚያስችል ቦታ ሊሆን ይችላል::	ናፍፒሊዮ ጥሩ አመለካከት አለው ።	neutral	true	entailment
የናፍፕሊዮ የወደብ ከተማ አካባቢውን ለመጎብኘት ትክክለኛውን መሰረት ያደረገ ነው, ወይም በጉብኝትዎ ላይ ምሳ ለመመገብ የሚያስችል ቦታ ሊሆን ይችላል::	ናፍሊዮ መጥፎ መሠረት ነው።	contradiction	true	entailment
የናፍፕሊዮ የወደብ ከተማ አካባቢውን ለመጎብኘት ትክክለኛውን መሰረት ያደረገ ነው, ወይም በጉብኝትዎ ላይ ምሳ ለመመገብ የሚያስችል ቦታ ሊሆን ይችላል::	ናፍሊዮ ፍጹም መሠረት ነው።	entailment	true	entailment
በፕሪንስንግራክት ኦቶ ፍራንክ እና ቤተሰቡ ከመገኘታቸው በፊት ከሁለት ዓመት በላይ በንግድ ቤታቸው ሰገነት ውስጥ ተደብቀዋል።	ኦቶ ፍራንክ በሁለተኛው ቀን ተያዘ	contradiction	true	entailment
በፕሪንስንግራክት ኦቶ ፍራንክ እና ቤተሰቡ ከመገኘታቸው በፊት ከሁለት ዓመት በላይ በንግድ ቤታቸው ሰገነት ውስጥ ተደብቀዋል።	ኦቶ ፍራንክ ከ 25 ወራት በላይ ተደብቆ ነበር	entailment	true	entailment
በፕሪንስንግራክት ኦቶ ፍራንክ እና ቤተሰቡ ከመገኘታቸው በፊት ከሁለት ዓመት በላይ በንግድ ቤታቸው ሰገነት ውስጥ ተደብቀዋል።	ኦቶ ፍራንክ ናዚወች እስከሚያገኙት ድረስ ተደብቆ ነበር	neutral	true	entailment
ብዙ የክልል እና የአካባቢ መንግስታት ተጨማሪ የቁጥጥር መስፈርቶች አሏቸው	የአካባቢ አስተዳደርሮች የራሳቸውን ህግ ማውጣት ይችላሉ	neutral	true	entailment
ብዙ የክልል እና የአካባቢ መንግስታት ተጨማሪ የቁጥጥር መስፈርቶች አሏቸው	የአካባቢ አስተዳደርሮች ምንም ቅድመ ሁኔታ የላቸውም	contradiction	true	entailment
ብዙ የክልል እና የአካባቢ መንግስታት ተጨማሪ የቁጥጥር መስፈርቶች አሏቸው	በአካባቢ አስተዳደሩ ተጨማሪ የቁጥጥር መስፈርት ጉዳዮች አሉ	entailment	true	entailment
የመረጃ ደህንነት ቡድኑ በወር ከ 8  እስከ 12 ክፍለ ጊዜዎችን ያካሂዳል	የደህንነት ቡድኑ በወር በ አማካኝ 9 ክፍለ ጊዜዎችን ያካሂዳል	neutral	true	entailment
የመረጃ ደህንነት ቡድኑ በወር ከ 8  እስከ 12 ክፍለ ጊዜዎችን ያካሂዳል	የደህንነት ቡድኑ ለወር በየቀኑ ክፍለ ጊዜዎችን ያካሂዳል	contradiction	true	entailment
የመረጃ ደህንነት ቡድኑ በወር ከ 8  እስከ 12 ክፍለ ጊዜዎችን ያካሂዳል	የደህንነት ቡድኑ በ አመት ብዙ ክፍለ ጊዜዎችን ያካሂዳል	entailment	true	entailment
ሆኖም የመጀመሪያ ደረጃ ምህንድስና ቀደም ብሎ ተከናውኗል	ምህንድስና የመጀመሪያ ህፍለ ጊዜ ነበረው	entailment	true	entailment
ሆኖም የመጀመሪያ ደረጃ ምህንድስና ቀደም ብሎ ተከናውኗል	ምህንድስና የተከናወነው በመጨረሻው ጊዜ ላይ ብቻ ነው	contradiction	true	entailment
ሆኖም የመጀመሪያ ደረጃ ምህንድስና ቀደም ብሎ ተከናውኗል	ያለ ምንም ቅድመ ሁኔታ በስተመጨረስሻ ምህንድስና ሊወድቅ ይችላል	neutral	true	entailment
ስለዚህ የመንግስት ውሳኔ ሰጪዎች እና አስተዳዳሪዎች አዳዲስ የአስተሳሰብ መንገዶችን እየተከተሉ፣ የተለያዩ ግቦችን ማሳካት የሚቻልባቸውን መንገዶች በማጤን እና ውሳኔዎችን ለመምራት አዲስ መረጃን እየተጠቀሙ ነው	የመንግስት ተወካዮች አካሄዳቸውን እየቀየሩ ነው	entailment	true	entailment
ስለዚህ የመንግስት ውሳኔ ሰጪዎች እና አስተዳዳሪዎች አዳዲስ የአስተሳሰብ መንገዶችን እየተከተሉ፣ የተለያዩ ግቦችን ማሳካት የሚቻልባቸውን መንገዶች በማጤን እና ውሳኔዎችን ለመምራት አዲስ መረጃን እየተጠቀሙ ነው	የመንግስት ተወካዮች ለየት ባለ መንገድ በማሰብ ስልጣናቸውን ለመጨመር እየሞከሩ ነው	neutral	true	entailment
ስለዚህ የመንግስት ውሳኔ ሰጪዎች እና አስተዳዳሪዎች አዳዲስ የአስተሳሰብ መንገዶችን እየተከተሉ፣ የተለያዩ ግቦችን ማሳካት የሚቻልባቸውን መንገዶች በማጤን እና ውሳኔዎችን ለመምራት አዲስ መረጃን እየተጠቀሙ ነው	የመንግስት ተወካዮች አኗኗራቸውን መለወጥ አይፈልጉም	contradiction	true	entailment
ከእንግሊዝኛ ቋንቋ ውጭ ለሚያነቡ ድንበኞች የጉዳይ ፋይሎች መተርጎም ሊኖርባቸው ይችላል	የክስ ፋይሎች በእንግሊዝኛ ብቻ አንዲሆኑ ነው የተፈቀዱት	contradiction	true	entailment
ከእንግሊዝኛ ቋንቋ ውጭ ለሚያነቡ ድንበኞች የጉዳይ ፋይሎች መተርጎም ሊኖርባቸው ይችላል	የክስ ፋይሎቹ በቻይንኛ ወይም በሩሲያኛ ሊቀመጡ ይችላሉ	neutral	true	entailment
ከእንግሊዝኛ ቋንቋ ውጭ ለሚያነቡ ድንበኞች የጉዳይ ፋይሎች መተርጎም ሊኖርባቸው ይችላል	የክስ ፋይሎቹ  በሌሎች ቋንቋዎች ሊቀመጡ ይችላሉ	entailment	true	entailment
በአሁኑ ጊዜ በመካሄድ ላይ ያሉ ወይም የታቀዱ ሌሎች ጥረቶች የሚከተሉትን ያካትታሉ	አብዛኛው ጥረታችን በስራ ላይ ነው	neutral	true	entailment
በአሁኑ ጊዜ በመካሄድ ላይ ያሉ ወይም የታቀዱ ሌሎች ጥረቶች የሚከተሉትን ያካትታሉ	ለወደፊት ያቀድነው ሌላ ነገር ምንም የለንም	contradiction	false	contradiction
በአሁኑ ጊዜ በመካሄድ ላይ ያሉ ወይም የታቀዱ ሌሎች ጥረቶች የሚከተሉትን ያካትታሉ	የታቀደ ነገር አለን	entailment	true	entailment
እነዚህን ምክኒያቶች በ አጭር ጊዜ ያካትቱ፣ ዋናውን የኮምፒውተር ፋይሎች መሰረዝ እና አስፈላጊ ሰነዶችን ማግኘት አለመቻሉን	የኮምፒውተር ፋይሎቹን ከአይቢኤም ሰርዘዋል 	neutral	true	entailment
እነዚህን ምክኒያቶች በ አጭር ጊዜ ያካትቱ፣ ዋናውን የኮምፒውተር ፋይሎች መሰረዝ እና አስፈላጊ ሰነዶችን ማግኘት አለመቻሉን	ዋናውን የኮምፒውተር ፋይሎች ሰርዘዋችዋል	entailment	true	entailment
እነዚህን ምክኒያቶች በ አጭር ጊዜ ያካትቱ፣ ዋናውን የኮምፒውተር ፋይሎች መሰረዝ እና አስፈላጊ ሰነዶችን ማግኘት አለመቻሉን	ሁሉንም ዋና ፋይሎች ይዘዋል	contradiction	true	entailment
ከዚያም የመጀመሪያውን ጉብኝት ያደረገው ተመሳሳይ ተወካይ ለጥያቄዎች መልስ ለመስጠት እና በጥያቄው ናሙና ውስጥ የተመለከቱትን ማንኛውንም ችግሮች ለመወያየት አዲሱን አገልግሎት አቅራቢ በድጋሚ ይጎበኛል	ተወካዩ ለአንድ ሰአት ጎበኘ	neutral	true	entailment
ከዚያም የመጀመሪያውን ጉብኝት ያደረገው ተመሳሳይ ተወካይ ለጥያቄዎች መልስ ለመስጠት እና በጥያቄው ናሙና ውስጥ የተመለከቱትን ማንኛውንም ችግሮች ለመወያየት አዲሱን አገልግሎት አቅራቢ በድጋሚ ይጎበኛል	በተወካዩ ጉብኝት ነበር	entailment	true	entailment
ከዚያም የመጀመሪያውን ጉብኝት ያደረገው ተመሳሳይ ተወካይ ለጥያቄዎች መልስ ለመስጠት እና በጥያቄው ናሙና ውስጥ የተመለከቱትን ማንኛውንም ችግሮች ለመወያየት አዲሱን አገልግሎት አቅራቢ በድጋሚ ይጎበኛል	ጉብኝት አላገኘንም	contradiction	true	entailment
ቁጠባ የሀብት ክምችት ላይ ብቻ ሳይሆን ሀብት ደግሞ የመቆጠብ ምርጫ ላይ ተጽእኖ ያሳድራል	አንድ ሰው ይቆጥባል ወይም አይቆጥብም የሚለው ምርጫ በሀብቱ ይወሰናል	entailment	true	entailment
ቁጠባ የሀብት ክምችት ላይ ብቻ ሳይሆን ሀብት ደግሞ የመቆጠብ ምርጫ ላይ ተጽእኖ ያሳድራል	ሀብት እና ቁጠባ በምንም መልኩ አይገናኙም	contradiction	true	entailment
ቁጠባ የሀብት ክምችት ላይ ብቻ ሳይሆን ሀብት ደግሞ የመቆጠብ ምርጫ ላይ ተጽእኖ ያሳድራል	ባለጸጋዎች ከገቢያቸው ከፍተኛውን ድርሻ የመቆጠብ እድላቸው ሰፊ ነው	neutral	true	entailment
ለምሳሌ፣ አንድ ያጠናነው ድርጅት ኩባንያው አዳዲስ ንግዶችን በፍጥነት እንዲዋሃድ እና እያደገ የሚሄደውን የንግድ ፍላጎት ለማሟላት እንዲስተካከል የሚጠይቁ ሁለት ውህደት አጋጥሞታል	ምንም እንኳን ሁለት ውህደቶች ቢኖሩም፣ ኩባንያው የኩባንያቸውን የስልጣን ተዋረድ እንደገና ማዋቀር አያስፈልግም	contradiction	true	entailment
ለምሳሌ፣ አንድ ያጠናነው ድርጅት ኩባንያው አዳዲስ ንግዶችን በፍጥነት እንዲዋሃድ እና እያደገ የሚሄደውን የንግድ ፍላጎት ለማሟላት እንዲስተካከል የሚጠይቁ ሁለት ውህደት አጋጥሞታል	ሁለት ኩባንያዎችን እንደ አንድ ድርጅት ማዋሀድ እና እንደገና ማዋቀር የተመሰቃቀለ የስራ አካባቢን አስከትሏል	neutral	true	entailment
ለምሳሌ፣ አንድ ያጠናነው ድርጅት ኩባንያው አዳዲስ ንግዶችን በፍጥነት እንዲዋሃድ እና እያደገ የሚሄደውን የንግድ ፍላጎት ለማሟላት እንዲስተካከል የሚጠይቁ ሁለት ውህደት አጋጥሞታል	የሁለት ኩባንያ ውህደት  መርምረናል እና የንግድ ፍላጎታቸውን ለማሟላት በፍጥነት ማዋቀር ነበረብን	entailment	true	entailment
ንድፉ፣ ጉዞው በትክክል መፈጸሙን ከማረጋገጡ በፊት ክፍያ ይፈቀዳል የሚል ስጋት ነበረን	ክፍያው ረጂም ጊዜ እንደሚወስድ አውቀናል	contradiction	true	entailment
ንድፉ፣ ጉዞው በትክክል መፈጸሙን ከማረጋገጡ በፊት ክፍያ ይፈቀዳል የሚል ስጋት ነበረን	ከመረጋገጡ በፊት ክፍያው ሊያልፍ እንደሚችል አስበን ነበር	entailment	true	entailment
ንድፉ፣ ጉዞው በትክክል መፈጸሙን ከማረጋገጡ በፊት ክፍያ ይፈቀዳል የሚል ስጋት ነበረን	ክፍያው በጣም ቀድሞ ተልኮ እንጭበረበራለን ብለን አስበን ነበር	neutral	true	entailment
ቴክኖሎጂ በነዚህ ድርጅቶች ውስጥ ካሉ የንግድ ሂደቶች ጋር በጣም የተዋሃደ ነው ምክንያቱም ቴክኖሎጂ እንደ መሳሪያ ብቻ ሳይሆን ለንግድ ስራ እንደ ማነቃቂያ ስለሚታይ ነው	የላቀ የፕሮግራም አወጣጥ ሶፍትዌር ንግዶች ትኩረት ካደረጉባቸው ቁልፍ ቴክኖሎጂዎች አንዱ ነው	neutral	true	entailment
ቴክኖሎጂ በነዚህ ድርጅቶች ውስጥ ካሉ የንግድ ሂደቶች ጋር በጣም የተዋሃደ ነው ምክንያቱም ቴክኖሎጂ እንደ መሳሪያ ብቻ ሳይሆን ለንግድ ስራ እንደ ማነቃቂያ ስለሚታይ ነው	ቴክኖሎጂ መሣሪያ እንጂ የንግድ ሥራ አስማሚ አይደለም	contradiction	true	entailment
ቴክኖሎጂ በነዚህ ድርጅቶች ውስጥ ካሉ የንግድ ሂደቶች ጋር በጣም የተዋሃደ ነው ምክንያቱም ቴክኖሎጂ እንደ መሳሪያ ብቻ ሳይሆን ለንግድ ስራ እንደ ማነቃቂያ ስለሚታይ ነው	እነዚህ ንግዶች በቴክኖሎጂ ላይ ትልቅ ትኩረት ይሰጣሉ	entailment	true	entailment
በፅሁፎቹ ውስጥ ብዙ ጊዜ የሚታዩ ሁለት ፅንሰ ሃሳቦች ለወደፊቱ ምርምርን ለማሳወቅ ጠቃሚ ሊሆኑ ይችላሉ	ፅሁፎቹ ናሙናዎችን እንዴት እንደምንፈትሽ ሊለውጡ ይችላሉ	neutral	true	entailment
በፅሁፎቹ ውስጥ ብዙ ጊዜ የሚታዩ ሁለት ፅንሰ ሃሳቦች ለወደፊቱ ምርምርን ለማሳወቅ ጠቃሚ ሊሆኑ ይችላሉ	ፅሁፎቹ የወደፊቱ ምርምርን ሊለውጡ ይችላሉ	entailment	true	entailment
በፅሁፎቹ ውስጥ ብዙ ጊዜ የሚታዩ ሁለት ፅንሰ ሃሳቦች ለወደፊቱ ምርምርን ለማሳወቅ ጠቃሚ ሊሆኑ ይችላሉ	ምርምርን ከመቀየር አንፃር ምንም ነገር የለም	contradiction	true	entailment
ከሳጥኖች የተውጣጡ መስመሮች የሁሉንም የፖስታ መላኪያዎች ያዋሃዱ የደህንነት ደረጃወችን ያሳያሉ እና አልማዝ ያለባቸው መስመሮች ስራውን ወደ ሌላ አካል የማዛወር ስልታዊ ኪሳራዎችን (አሉታዊ ከሆነ) ያሳያሉ	መስመሮቹ የፖስታ መላኪያዎች የደህንነት ደረጃ 10%  እንደሆነ ያሰላሉ	neutral	true	entailment
ከሳጥኖች የተውጣጡ መስመሮች የሁሉንም የፖስታ መላኪያዎች ያዋሃዱ የደህንነት ደረጃወችን ያሳያሉ እና አልማዝ ያለባቸው መስመሮች ስራውን ወደ ሌላ አካል የማዛወር ስልታዊ ኪሳራዎችን (አሉታዊ ከሆነ) ያሳያሉ	መስመሮቹ ከመንገድ ውጭ ሌላ ነገር አያሳዩም	contradiction	true	entailment
ከሳጥኖች የተውጣጡ መስመሮች የሁሉንም የፖስታ መላኪያዎች ያዋሃዱ የደህንነት ደረጃወችን ያሳያሉ እና አልማዝ ያለባቸው መስመሮች ስራውን ወደ ሌላ አካል የማዛወር ስልታዊ ኪሳራዎችን (አሉታዊ ከሆነ) ያሳያሉ	መስመሮቹ በሁሉም የፖስታ መላኪያዎች ውስጥ ምን ያህል ደህንነት እንዳለ ያሳያሉ	entailment	true	entailment
በዚህ የአደጋ ግምገማ መሰረት፣ ሴንተርሊንክ ተጠቃሚዎችን እና አሰሪዎችን በገቢ ሪፖርት አቀራረብ መስፈርቶች ላይ ለማስተማር ያለመ ልዩ ልዩ የመከላከያ ስልቶችን አዘጋጅቷል	ሴንተርሊንክ ችግሩን እንዴት መፍታት እንዳለበት አያውቅም ነበር	contradiction	true	entailment
በዚህ የአደጋ ግምገማ መሰረት፣ ሴንተርሊንክ ተጠቃሚዎችን እና አሰሪዎችን በገቢ ሪፖርት አቀራረብ መስፈርቶች ላይ ለማስተማር ያለመ ልዩ ልዩ የመከላከያ ስልቶችን አዘጋጅቷል	መንግስት በሽተት ብዙ ገንዘብ እያጣ ስለነበረ ሴንተርሊንክ ሰዎች ገቢን እንዴት ሪፖርት ማድረግ እንደሚችሉ ለማስተማር  ብዙ ስልቶች ነበሩት	neutral	true	entailment
በዚህ የአደጋ ግምገማ መሰረት፣ ሴንተርሊንክ ተጠቃሚዎችን እና አሰሪዎችን በገቢ ሪፖርት አቀራረብ መስፈርቶች ላይ ለማስተማር ያለመ ልዩ ልዩ የመከላከያ ስልቶችን አዘጋጅቷል	ሴንተርሊንክ ሰዎች እንዴት ገቢን ሪፖርት ማድረግ እንደሚችሉ ለማስተማር ብዙ ስልቶች ነበሩት	entailment	true	entailment
ይህ ድርጅቶቹ ብዙ ወጪ የሚጠይቁ የመዋዕለ ንዋይ ፍሰት በማምረቻ ትጥቆች እና መሳሪያዎች ላይ ከማድረጋቸው በፊት አብነትን ለማሳያ ደረጃ እንዲጠቀሙ አስችሏል	ከዚያም ንድፉ እንዴት እንደሚሰራ ማሳየት ይችላሉ	entailment	true	entailment
ይህ ድርጅቶቹ ብዙ ወጪ የሚጠይቁ የመዋዕለ ንዋይ ፍሰት በማምረቻ ትጥቆች እና መሳሪያዎች ላይ ከማድረጋቸው በፊት አብነትን ለማሳያ ደረጃ እንዲጠቀሙ አስችሏል	አዳዲስ ፋብሪካዎችን መገንባት ብልህነት እንዳልሆነ ለኩባንያው ሊያሳዩ ይችላሉ	neutral	true	entailment
ይህ ድርጅቶቹ ብዙ ወጪ የሚጠይቁ የመዋዕለ ንዋይ ፍሰት በማምረቻ ትጥቆች እና መሳሪያዎች ላይ ከማድረጋቸው በፊት አብነትን ለማሳያ ደረጃ እንዲጠቀሙ አስችሏል	የመዋለ ነዋይ ማፍሰስ ተፅእኖ እንዴት ማሳየት እንደሚችሉ ምንም ሀሳብ አልነበራቸውም	contradiction	true	entailment
የደቡብ ካሮላይና የትብብር ጥረት ለቀጣዩ ዓመት ሌላ ስኬት አስገኝቷል	በደቡብ ካሮላይና ውስጥ ማንም ሰው አብሮ አልሰራም	contradiction	true	entailment
የደቡብ ካሮላይና የትብብር ጥረት ለቀጣዩ ዓመት ሌላ ስኬት አስገኝቷል	ኤስ ሲ አብረው ሠርተዋል	entailment	true	entailment
የደቡብ ካሮላይና የትብብር ጥረት ለቀጣዩ ዓመት ሌላ ስኬት አስገኝቷል	በደቡብ ካሮላይና ያሉ ዲሞክራቶች እና ሪፐብሊካኖች አብረው እየሰሩ ነው	neutral	true	entailment
እንደ ቦርዱ ባለስልጣን የቦርዱ ክፍል 605(ለ) የምስክር ወረቀቶች ለአነስተኛ ንግድ አስተዳደር (SBA) የጥብቅና ዋና አማካሪ ለየብቻ አልተሰጡም	ቦርዱ ለኤስቢኤ የምስክር ወረቀት SBA አልሰጠም እና ያንን ለገምጋሚው ቢሮ ተዉት	neutral	false	contradiction
እንደ ቦርዱ ባለስልጣን የቦርዱ ክፍል 605(ለ) የምስክር ወረቀቶች ለአነስተኛ ንግድ አስተዳደር (SBA) የጥብቅና ዋና አማካሪ ለየብቻ አልተሰጡም	ቦርዱ ለSBA ምስክር ወረቀቶች አልሰጠም	entailment	true	entailment
እንደ ቦርዱ ባለስልጣን የቦርዱ ክፍል 605(ለ) የምስክር ወረቀቶች ለአነስተኛ ንግድ አስተዳደር (SBA) የጥብቅና ዋና አማካሪ ለየብቻ አልተሰጡም	ቦርዱ የSBA የምስክር ወረቀቶች  አንድ ጊዜ ለሚጠይቅ ሰው ይሰጣል	contradiction	true	entailment
ሆቴል እና የተወሰኑ ሌሎች ክፍያዎች ሲገጣጠሙ ትክክለኛው ጉዞ ማረጋገጫ ይደረጋል	አብዛኛዎቹ የሀገር ውስጥ ሆቴሎች የክሬዲት ካርድ ክፍያዎችን ይቀበላሉ	neutral	true	entailment
ሆቴል እና የተወሰኑ ሌሎች ክፍያዎች ሲገጣጠሙ ትክክለኛው ጉዞ ማረጋገጫ ይደረጋል	ጉዞው ራሱ የሆቴል ክፍያዎችን በመጠቀም ይረጋገጣል	entailment	true	entailment
ሆቴል እና የተወሰኑ ሌሎች ክፍያዎች ሲገጣጠሙ ትክክለኛው ጉዞ ማረጋገጫ ይደረጋል	ጉዞ በትክክል መኖሩ ወይም አለመኖሩን ለማረጋገጥ ምንም መንገድ የለም	contradiction	true	entailment
ለምሳሌ፣ የጎበኘነው አንድ የክልል ዋና ከተማ ከ600 በላይ የሶፍትዌር ኩባንያዎች መኖሪያ ነው	ዋና ከተሞች የሶፍትዌር ኩባንያዎች ምርጥ ቦታዎች ናቸው	neutral	true	entailment
ለምሳሌ፣ የጎበኘነው አንድ የክልል ዋና ከተማ ከ600 በላይ የሶፍትዌር ኩባንያዎች መኖሪያ ነው	አንድ ዋና ከተማ ብዙ የሶፍትዌር ኩባንያዎች አሉት	entailment	true	entailment
ለምሳሌ፣ የጎበኘነው አንድ የክልል ዋና ከተማ ከ600 በላይ የሶፍትዌር ኩባንያዎች መኖሪያ ነው	የሶፍትዌር ኩባንያዎች በሕጋዊ ምክንያቶች ዋና ከተማወች ላይ ላለመገኘት ይሞክራሉ	contradiction	true	entailment
ውጤታማነትን በመለካት፣ ፍጹምነት ሊደረስበት አይችልም	በቂ ጥረት ካደረግክ ፍፁም መሆን ትችላለህ	contradiction	true	entailment
ውጤታማነትን በመለካት፣ ፍጹምነት ሊደረስበት አይችልም	 ፍፁም መሆን ጭራሽ አትችልም	entailment	true	entailment
ውጤታማነትን በመለካት፣ ፍጹምነት ሊደረስበት አይችልም	ፍፁም መሆን አትችልም ምክንያቱም ሁላችንም ጥልቅ ጉድለት ያለብን ሰዎች ነን	neutral	true	entailment
ለሀምዚ እና ሚህዳርን በ2000 ቤቱን ያከራየው አብሯቸው የሚኖረው ግለሰብ ህግ አክባሪና ከፖሊስ እና   FBI ጋር ራቅ ያለ ቀረቤታ ያለው ነው	ሃዝሚ እና ሚህዳር ቤት ገዝተው ነበር እና ከማንም ጋር ምንም ግንኙነት አልነበራቸውም ነበር	contradiction	true	entailment
ለሀምዚ እና ሚህዳርን በ2000 ቤቱን ያከራየው አብሯቸው የሚኖረው ግለሰብ ህግ አክባሪና ከፖሊስ እና   FBI ጋር ራቅ ያለ ቀረቤታ ያለው ነው	ሃዝሚ እና ሚህዳር ለሙሉ አመቱ ቤት ተከራዩ በቀን $500 	neutral	true	entailment
ለሀምዚ እና ሚህዳርን በ2000 ቤቱን ያከራየው አብሯቸው የሚኖረው ግለሰብ ህግ አክባሪና ከፖሊስ እና   FBI ጋር ራቅ ያለ ቀረቤታ ያለው ነው	ሃዝሚ እና ሚህዳር ቤት ተከራዩ 	entailment	true	entailment
ለቦስኒያ ጉዞአቸው የሳውዲ አልቃይዳ አባል የሆነውን የኢንተለጀንስ ዘገባ፣ ኦክቶበር 3፣ 2001 ይመልከቱ	በ 2001 የአልቃይዳው አባል ወደ ቦስኒያ 18 ጊዜ ተጉዞ ነበር	neutral	true	entailment
ለቦስኒያ ጉዞአቸው የሳውዲ አልቃይዳ አባል የሆነውን የኢንተለጀንስ ዘገባ፣ ኦክቶበር 3፣ 2001 ይመልከቱ	 የአልቃይዳው አባል ወደ ቦስኒያ ተጉዞ ነበር	entailment	true	entailment
ለቦስኒያ ጉዞአቸው የሳውዲ አልቃይዳ አባል የሆነውን የኢንተለጀንስ ዘገባ፣ ኦክቶበር 3፣ 2001 ይመልከቱ	 የአልቃይዳው አባል ወደ ቦስኒያ ስለመሄዱ ምንም አይነት ማረጋገጫ የለም	contradiction	true	entailment
ጄን ለሚህዳር ፍለጋ የተመደበውን የኒውዮርክ ወኪል ተወካዩ የFISA  መረጃን እንዴት መያዝ እንዳለበት የተረዳውን የ እውቅና ቅጽ እንዲፈርም ጠየቀ	ጄን የ FISA እውቅና ቅጽ በፌደራል ዳኛ እንዲፈርም ጠይቆ ነበር	neutral	true	entailment
ጄን ለሚህዳር ፍለጋ የተመደበውን የኒውዮርክ ወኪል ተወካዩ የFISA  መረጃን እንዴት መያዝ እንዳለበት የተረዳውን የ እውቅና ቅጽ እንዲፈርም ጠየቀ	ጄን የ FISA እውቅና ቅጽ  እንዲፈርም ጠይቆ ነበር	entailment	true	entailment
ጄን ለሚህዳር ፍለጋ የተመደበውን የኒውዮርክ ወኪል ተወካዩ የFISA  መረጃን እንዴት መያዝ እንዳለበት የተረዳውን የ እውቅና ቅጽ እንዲፈርም ጠየቀ	ጄን ምንም አይነት የFISA እውቅና አያስፈልግም ነበር ብሏል	contradiction	false	contradiction
ከትክክለኛው የፍተሻ ማጣሪያ ጋር ተያያዥነት ያለውን ብቸኛው የደህንነት ደረጃ በተመለከተ ስለ ማንኛቸውም ምንም የተለየ ነገር የለም	በፍተሻ ማጣራት ወቅት አስደንጋጭ ማስረጃዎች ተገኝተዋል	contradiction	true	entailment
ከትክክለኛው የፍተሻ ማጣሪያ ጋር ተያያዥነት ያለውን ብቸኛው የደህንነት ደረጃ በተመለከተ ስለ ማንኛቸውም ምንም የተለየ ነገር የለም	የፍተሻ ማጣሪያዎች ሙሉ በሙሉ የተመረኮዘው የጉምሩክ ወኪሉ የማጣሪያ ሥራውን በሚያከናውንበት ውስጣዊ ግንዛቤ ላይ ነው	neutral	true	entailment
ከትክክለኛው የፍተሻ ማጣሪያ ጋር ተያያዥነት ያለውን ብቸኛው የደህንነት ደረጃ በተመለከተ ስለ ማንኛቸውም ምንም የተለየ ነገር የለም	የፍተሻ ማጣራቱ በእነሱ ላይ ምንም አይነት ማስረጃ ማግኘት አልቻለም	entailment	true	entailment
ካላድ ሁለተኛ እትም አቅርቧል፣ ማለትም ሦስቱም አብረው ወደ ካራቺ ተጉዘዋል	ካላድ ስለ ሶስቱ ምንም የሚያውቀው ነገር እንደሌለ ተናግሯል	contradiction	true	entailment
ካላድ ሁለተኛ እትም አቅርቧል፣ ማለትም ሦስቱም አብረው ወደ ካራቺ ተጉዘዋል	ካላድ ሶስቱ አብረው መጓዝ ይችሉ እንደነበር ተናግሯል	entailment	true	entailment
ካላድ ሁለተኛ እትም አቅርቧል፣ ማለትም ሦስቱም አብረው ወደ ካራቺ ተጉዘዋል	ካላድ በጥቅምት ወር ሦስቱ ወደ ካራቺ አብረው የሄዱት 50% ዕድል እንደነበራቸው ተናግሯል	neutral	true	entailment
የኢንተለጀንስ ዘገባ፣ የቢነልሺብ ምርመራ፣ ጥቅምት 1፣ 2002	ቢናልሺብህ በFBI ግብረ ሃይል ተጠየቆ ነበር	neutral	true	entailment
የኢንተለጀንስ ዘገባ፣ የቢነልሺብ ምርመራ፣ ጥቅምት 1፣ 2002	ቢናልሺብህ በ2002 ተጠየቆ ነበር	entailment	true	entailment
የኢንተለጀንስ ዘገባ፣ የቢነልሺብ ምርመራ፣ ጥቅምት 1፣ 2002	ቢነልሺብ በጭራሽ አልተነገረውም ነበር እና ጠፋ	contradiction	true	entailment
ሚህዳር በኒውዮርክ የCIA-FBI ስብሰባ ከተጠናቀቀ ከሁለት ቀናት በኋላ አዲስ የU.S.  ቪዛ ተቀበለ	ሚህዳር ወደ አገሩ ለመግባት የአሜሪካ ቪዛ ነበረው	entailment	true	entailment
ሚህዳር በኒውዮርክ የCIA-FBI ስብሰባ ከተጠናቀቀ ከሁለት ቀናት በኋላ አዲስ የU.S.  ቪዛ ተቀበለ	ሚህዳር ቪዛ ስለማያገኝ ወደ አሜሪካ መጥቶ አያውቅም	contradiction	true	entailment
ሚህዳር በኒውዮርክ የCIA-FBI ስብሰባ ከተጠናቀቀ ከሁለት ቀናት በኋላ አዲስ የU.S.  ቪዛ ተቀበለ	ሚህዳር ስጋት ስላልነበረው ቪዛ ተሰጥቶታል	neutral	true	entailment
የሁለት አመት ምርመራ ቢደረግም, FBI የስራ ባልደረባውን ማግኘት ወይም እውነተኛ ማንነቱን ማወቅ አልቻለም	በ 2001 ከፍሎሪዳ ከወጣ በኋላ ኤፍቢአይ (FBI)  ግለሰቡን ማግኘት አልቻለም	neutral	true	entailment
የሁለት አመት ምርመራ ቢደረግም, FBI የስራ ባልደረባውን ማግኘት ወይም እውነተኛ ማንነቱን ማወቅ አልቻለም	ኤፍቢአይ (FBI)  ሰውዬው ማን እንደነበር ማወቅ አልቻለም	entailment	neither.	neutral
የሁለት አመት ምርመራ ቢደረግም, FBI የስራ ባልደረባውን ማግኘት ወይም እውነተኛ ማንነቱን ማወቅ አልቻለም	ኤፍቢአይ (FBI)  ማን እንደነበር ደረሰበት እና እስር ቤት ወረወረው	contradiction	true	entailment
እንደ አሜሪካን 11 ፣ በአውሮፕላኑ የመጨረሻው መደበኛ ግንኙነት በ8:13 A.M. ነበር	ከአሜሪካ 11 የወጣ ንግግር ነበር	entailment	true	entailment
እንደ አሜሪካን 11 ፣ በአውሮፕላኑ የመጨረሻው መደበኛ ግንኙነት በ8:13 A.M. ነበር	በየ 5 ደቂቃው ከአሜሪካው 11 ጋር ንግግር ነበር	neutral	true	entailment
እንደ አሜሪካን 11 ፣ በአውሮፕላኑ የመጨረሻው መደበኛ ግንኙነት በ8:13 A.M. ነበር	በአሜሪካ 11 ምንም አይነት ስርጭት አልነበረም 	contradiction	true	entailment
እሱን ለማግኘት ከጀርመን መንግስት ፈጣን እና በጣም ጠቃሚ ትቭርን የሚጠይቅ ነበር፣ይህም ለማግኘት አስቸጋሪ ሊሆን ይችል ነበር	ምርመራው ከተጠናቀቀ የሶስት ሰዎች መሸሸጊያ ቦታ ሊታወቅ ይችላል	neutral	true	entailment
እሱን ለማግኘት ከጀርመን መንግስት ፈጣን እና በጣም ጠቃሚ ትቭርን የሚጠይቅ ነበር፣ይህም ለማግኘት አስቸጋሪ ሊሆን ይችል ነበር	የጀርመን መንግሥት ፈጣን እና ጥልቅ ምርመራ ለማድረግ ተቸግሮ ሊሆን ይችላል	entailment	true	entailment
እሱን ለማግኘት ከጀርመን መንግስት ፈጣን እና በጣም ጠቃሚ ትቭርን የሚጠይቅ ነበር፣ይህም ለማግኘት አስቸጋሪ ሊሆን ይችል ነበር	ምርመራው መንግሥት ለማካሄድ በጣም ተራ እና ቀላል  ይሆናል	contradiction	true	entailment
እነዚህ ችሎታዎች በቂ አልነበሩም፣ ነገር ግን እነሱን ለማስፋት ወይም ለማሻሻል ብዙም አልተሰራም	የክትትል ፕሮግራማቸውን ብዙም አልቀየሩም	neutral	true	entailment
እነዚህ ችሎታዎች በቂ አልነበሩም፣ ነገር ግን እነሱን ለማስፋት ወይም ለማሻሻል ብዙም አልተሰራም	ነገሮችን ለመለወጥ ብዙም አልሰሩም	entailment	true	entailment
እነዚህ ችሎታዎች በቂ አልነበሩም፣ ነገር ግን እነሱን ለማስፋት ወይም ለማሻሻል ብዙም አልተሰራም	ሁሉንም ነገር ለማስተካከል ብዙ ጥረት አድርገዋል	contradiction	true	entailment
የተንታኙ ኤሌክትሮኒክ ደብዳቤ ግን በመረጃ መጋራት እና የወንጀል ወኪሎች በስለላ ክፍሎች የሚሰበሰቡትን መረጃ አጠቃቀም የሚቆጣጠሩ ህጎችን በተመለከተ ሰፊ ማስጠንቀቂያዎችን እና የህግ እንቅፋቶችን እያደናገረች እንደነበረ ያሳያል	ተንታኙ ክሪስታል-ግልጽ የሆነ ትንታኔ አቅርበዋል	contradiction	true	entailment
የተንታኙ ኤሌክትሮኒክ ደብዳቤ ግን በመረጃ መጋራት እና የወንጀል ወኪሎች በስለላ ክፍሎች የሚሰበሰቡትን መረጃ አጠቃቀም የሚቆጣጠሩ ህጎችን በተመለከተ ሰፊ ማስጠንቀቂያዎችን እና የህግ እንቅፋቶችን እያደናገረች እንደነበረ ያሳያል	ተንታኙ በብዙ ነገሮች ላይ ግልጽ አልነበረም	entailment	true	entailment
የተንታኙ ኤሌክትሮኒክ ደብዳቤ ግን በመረጃ መጋራት እና የወንጀል ወኪሎች በስለላ ክፍሎች የሚሰበሰቡትን መረጃ አጠቃቀም የሚቆጣጠሩ ህጎችን በተመለከተ ሰፊ ማስጠንቀቂያዎችን እና የህግ እንቅፋቶችን እያደናገረች እንደነበረ ያሳያል	የተንታኙ ዘገባ በጣም የተመሰቃቀለ ስለነበር ማንም ሊያነበው አልቻለም	neutral	true	entailment
አንዳንድ መኮንኖች ሰዎችን በደረጃው በኩል ለማስወጣት  ሌሎቹ ደግሞ በ አደባባዪ ፣ በህዝብ መሰብሰቢያ እና በመንገዱ ሚወጡትን ለማፋጠን ተመድበው ነበር	መኮንኖች የየራሳቸውን ስራ አግኝተዋል	entailment	true	entailment
አንዳንድ መኮንኖች ሰዎችን በደረጃው በኩል ለማስወጣት  ሌሎቹ ደግሞ በ አደባባዪ ፣ በህዝብ መሰብሰቢያ እና በመንገዱ ሚወጡትን ለማፋጠን ተመድበው ነበር	መኮንኖች በተፈለጉበት ቦታ ይሄዳሉ	contradiction	true	entailment
አንዳንድ መኮንኖች ሰዎችን በደረጃው በኩል ለማስወጣት  ሌሎቹ ደግሞ በ አደባባዪ ፣ በህዝብ መሰብሰቢያ እና በመንገዱ ሚወጡትን ለማፋጠን ተመድበው ነበር	መኮንኖቹ የተመደቡት  የስራ ልምዳቸው ላይ በመመስረት ነው	neutral	true	entailment
በሴፕቴምበር 9፣ ከአፍጋኒስታን አስገራሚ ዜና ደረሰ	ከአፍጋኒስታን ዜና አግኝተናል	entailment	true	entailment
በሴፕቴምበር 9፣ ከአፍጋኒስታን አስገራሚ ዜና ደረሰ	ከአፍጋኒስታን እስከ ጥቅምት ድረስ ምንም ነገር አልሰማንም	contradiction	true	entailment
በሴፕቴምበር 9፣ ከአፍጋኒስታን አስገራሚ ዜና ደረሰ	በሴፕቴምበር 9 ሊደርስ ስላለው ጥቃት ተነግሮናል	neutral	true	entailment
የመግባባት አለመቻል በአለም ንግድ ማእከል፣ፔንታጎን እና ሱመርሴት አውራጃ ፔንስልቬንያ፣የብልሽት ቦታዎች፣በርካታ ወኪል ድርጅቶች እና በበርካታ ገዥወች ምላሽ የሰጡበት ወሳኝ ክፍል ነበር	ግንኙነቱ በ9/11 ጥሩ ሰርቷል	contradiction	true	entailment
የመግባባት አለመቻል በአለም ንግድ ማእከል፣ፔንታጎን እና ሱመርሴት አውራጃ ፔንስልቬንያ፣የብልሽት ቦታዎች፣በርካታ ወኪል ድርጅቶች እና በበርካታ ገዥወች ምላሽ የሰጡበት ወሳኝ ክፍል ነበር	በዓለም ንግድ ማእከል ሰዎች ለመግባባት ተቸግረው ነበር ምክንያቱም መብራት ስለጠፋ እና የስልክ መስመሮች ስለቆሙ ነው	neutral	true	entailment
የመግባባት አለመቻል በአለም ንግድ ማእከል፣ፔንታጎን እና ሱመርሴት አውራጃ ፔንስልቬንያ፣የብልሽት ቦታዎች፣በርካታ ወኪል ድርጅቶች እና በበርካታ ገዥወች ምላሽ የሰጡበት ወሳኝ ክፍል ነበር	በአለም ንግድ ማእከል ሰዎች ለመግባባት ተቸግረው ነበር	entailment	true	entailment
በቀላሉ ከሚገኙ የመረጃ ቋቶች ዉስጥ የመንጃ ፍቃዱን፣ የመኪና ምዝገባውን እና የስልክ ዝርዝሩን ማግኘት ይቻል ነበር	መርማሪዎች ሙያዊ የመረጃ ቋቶችን ለማግኘትም ጠይቀዋል	neutral	true	entailment
በቀላሉ ከሚገኙ የመረጃ ቋቶች ዉስጥ የመንጃ ፍቃዱን፣ የመኪና ምዝገባውን እና የስልክ ዝርዝሩን ማግኘት ይቻል ነበር	ከነባር የመረጃ ቋቶች ብዙ አይነት መረጃዎች ተገኝተዋል	entailment	true	entailment
በቀላሉ ከሚገኙ የመረጃ ቋቶች ዉስጥ የመንጃ ፍቃዱን፣ የመኪና ምዝገባውን እና የስልክ ዝርዝሩን ማግኘት ይቻል ነበር	ነባር ምንጮችን በመጠቀም ስለ ርዕሰ ጉዳዩ ምንም አይነት መረጃ ለማግኘት ምንም መንገድ አልነበረም	contradiction	true	entailment
በጠቅላላው ግብይቱ ላይ ጥርጣሬ እንዳላቸው በመግለጽ አስተዳዳሪው ራሳቸውን ከሃዝሚ እና ሚህዳር አገለሉ፣ ነገር ግን የሚፈልጉትን እርዳታ ከማግኘታቸው በፊት አልነበረም	አስተዳዳሪው ወዲያውኑ ባለሥልጣኖችን አነጋገረ እና በዚህ ጉዳይ ላይ ለመርዳት ፈቃደኛ አልሆነም	contradiction	true	entailment
በጠቅላላው ግብይቱ ላይ ጥርጣሬ እንዳላቸው በመግለጽ አስተዳዳሪው ራሳቸውን ከሃዝሚ እና ሚህዳር አገለሉ፣ ነገር ግን የሚፈልጉትን እርዳታ ከማግኘታቸው በፊት አልነበረም	አስተዳዳሪው ቅር ቢላቸውም እርዳታ ሰጡ	entailment	false	contradiction
በጠቅላላው ግብይቱ ላይ ጥርጣሬ እንዳላቸው በመግለጽ አስተዳዳሪው ራሳቸውን ከሃዝሚ እና ሚህዳር አገለሉ፣ ነገር ግን የሚፈልጉትን እርዳታ ከማግኘታቸው በፊት አልነበረም	እርዳታው ጥሬ ገንዘብ እና የጉዞ ሰነዶች ማግኘትን ያካተተ ነበር	neutral	false	contradiction
በ 2003 እነዚህ ስያሜዎች ተወግደዋል; ሁሉም ዓለም አቀፍ የሽብርተኝነት ጉዳዮች አሁን ተመሳሳይ ስያሜ አግኝተዋል፣ 315	ሁሉም የሽብርተኝነት ጉዳዮች ከፍተኛ አስፈላጊነት ተሰጥቷቸዋል	neutral	true	entailment
በ 2003 እነዚህ ስያሜዎች ተወግደዋል; ሁሉም ዓለም አቀፍ የሽብርተኝነት ጉዳዮች አሁን ተመሳሳይ ስያሜ አግኝተዋል፣ 315	ሁሉም የሽብርተኝነት ጉዳዮች ተመሳሳይ መለያ ያገኛሉ	entailment	true	entailment
በ 2003 እነዚህ ስያሜዎች ተወግደዋል; ሁሉም ዓለም አቀፍ የሽብርተኝነት ጉዳዮች አሁን ተመሳሳይ ስያሜ አግኝተዋል፣ 315	እያንዳንዱ የሽብርተኝነት ጉዳይ ራሱን ችሎ ይገመገማል እና ደረጃ ይሰጠዋል	contradiction	true	entailment
የደቡብ ግንብ መደርመስን የተመለከቱት እኚህ መኮንን የመልቀቂያ መመሪያውን በሰሜን ታወር ላሉ ESU ክፍሎች አሳውቀዋል	ደቡብ ግንብ ከተደረመሰ በኋላ ማንም ሰው በሰሜን ግንብ አልቀረም	contradiction	true	entailment
የደቡብ ግንብ መደርመስን የተመለከቱት እኚህ መኮንን የመልቀቂያ መመሪያውን በሰሜን ታወር ላሉ ESU ክፍሎች አሳውቀዋል	ባለሥልጣኑ በሰሜን ታወር ውስጥ ካሉ የESU ክፍሎች ጋር ከመነጋገሩ 30 ደቂቃ በፊት የደቡብ ግንብ ፈርሷል	neutral	true	entailment
የደቡብ ግንብ መደርመስን የተመለከቱት እኚህ መኮንን የመልቀቂያ መመሪያውን በሰሜን ታወር ላሉ ESU ክፍሎች አሳውቀዋል	ባለሥልጣኑ የደቡብ ግንብ መደርመስን አይቷል	entailment	true	entailment
ኢንዲያናፖሊስ በእውነቱ ብዙ ተዋናዮች ከሚሰሩባቸው ጥሩ ቦታዎች አንዱ ነው	ተዋናዮች ኢንዲያናፖሊስን ይወዱታል ምክንያቱም እዚያ ባሉ ሁሉም መልማይ ወኪሎች ምክንያት	neutral	true	entailment
ኢንዲያናፖሊስ በእውነቱ ብዙ ተዋናዮች ከሚሰሩባቸው ጥሩ ቦታዎች አንዱ ነው	ተዋናይ ከሆንክ ወደ ኢንዲያናፖሊስ ለመዛወር ማሰብ አለብህ	entailment	true	entailment
ኢንዲያናፖሊስ በእውነቱ ብዙ ተዋናዮች ከሚሰሩባቸው ጥሩ ቦታዎች አንዱ ነው	በአብዛኛው የቴክኖሎጂ ከተማ ስለሆነች በፊልም እና በቲያትር ንግድ ውስጥ ከሆንክ ኢንዲያናፖሊስ ውስጥ ሥራ ማግኘት ከባድ ነው	contradiction	true	entailment
በቀን 24 ሰዓት፣ በሳምንት 7 ቀናት በቅድመ መከላከል መረጃ ምንጭ ማእከል በኩል እና amp በስልክ እርዳታ እናቀርባለን። የወላጅ እርዳታ መስመር	ሰዎች እኛን ማግኘት የሚችሉት በፖስታ ወይም በኢሜል ብቻ ነው	contradiction	true	entailment
በቀን 24 ሰዓት፣ በሳምንት 7 ቀናት በቅድመ መከላከል መረጃ ምንጭ ማእከል በኩል እና amp በስልክ እርዳታ እናቀርባለን። የወላጅ እርዳታ መስመር	በቀኑ በማንኛውም ሰዓት በስልክ መገኘት እንችላለን	entailment	true	entailment
በቀን 24 ሰዓት፣ በሳምንት 7 ቀናት በቅድመ መከላከል መረጃ ምንጭ ማእከል በኩል እና amp በስልክ እርዳታ እናቀርባለን። የወላጅ እርዳታ መስመር	በየሰኞ እና አርብ ከመቶ በላይ ጥሪዎች ይደርሱናል	neutral	true	entailment
እነዚህ ሳጥኖች ሁሉም ሌሎቹ ስጦታዎች ከተከፈቱ በኋላ በማሸጊያዎቻቸው ውስጥ ይቀራሉ	እነዚህ ሳጥኖች አደገኛ ቦምቦችን ይይዛሉ	neutral	false	contradiction
እነዚህ ሳጥኖች ሁሉም ሌሎቹ ስጦታዎች ከተከፈቱ በኋላ በማሸጊያዎቻቸው ውስጥ ይቀራሉ	እነዚህ ሳጥኖች ከሌሎቹ ስጦታዎች በፊት ይከፈታሉ	contradiction	true	entailment
እነዚህ ሳጥኖች ሁሉም ሌሎቹ ስጦታዎች ከተከፈቱ በኋላ በማሸጊያዎቻቸው ውስጥ ይቀራሉ	እነዚህ ሳጥኖች ለተወሰነ ጊዜ ሳይከፈቱ ይቆያሉ	entailment	true	entailment
ዋጋችንን ዝቅ ካደረግን፣ ይህንን ተልዕኮ ለማሳካት እንዲረዳን ወደ እርስዎ መተን፣ የኛ ታዳሚ አባላት፣ ትንሽ አስተዋፅዖ እንዲሰጡን መጠየቅ አለብን	የቲኬታችንን ዋጋ ከ $10 በታች ለማድረግ፣ ሁሉም ታዳሚ አባሎቻችን $25  እንዲያዋጡ እንፈልጋለን	neutral	true	entailment
ዋጋችንን ዝቅ ካደረግን፣ ይህንን ተልዕኮ ለማሳካት እንዲረዳን ወደ እርስዎ መተን፣ የኛ ታዳሚ አባላት፣ ትንሽ አስተዋፅዖ እንዲሰጡን መጠየቅ አለብን	ያለእርስዎ ገንዘብ እኛ የእውነት ከፈለግን ዋጋችንን ዝቅ ማድረግ እንችላለን ነገርግን አለቃችን ምቾቱን ይወዳል	contradiction	true	entailment
ዋጋችንን ዝቅ ካደረግን፣ ይህንን ተልዕኮ ለማሳካት እንዲረዳን ወደ እርስዎ መተን፣ የኛ ታዳሚ አባላት፣ ትንሽ አስተዋፅዖ እንዲሰጡን መጠየቅ አለብን	የእርስዎ አስተዋጾዎች ዋጋን ዝቅ ለማድረግ ረድተውናል	entailment	true	entailment
00 ወደ 400 ለሚጠጉ የኢንዲያናፖሊስ አካባቢ ልጆች መመሪያ፣ ማበረታቻ እና ፈቃድ እንድንሰጥ ረድቶናል	ለቸር ለገሳወቻችን ምስጋና ይግባቸውና ለኢንዲያናፖሊስ ወላጅ አልባ ህፃናት ኮንሰርት እንድትሰራ ቤዮንሴን መጋበዝ ቻልን	neutral	true	entailment
00 ወደ 400 ለሚጠጉ የኢንዲያናፖሊስ አካባቢ ልጆች መመሪያ፣ ማበረታቻ እና ፈቃድ እንድንሰጥ ረድቶናል	ለልጆቹ የገና ድግስ እንደምናደርግ ተስፋ አድርገን ነበር ነገርግን ምንም ልናደርግላቸው አልቻልንም	contradiction	true	entailment
00 ወደ 400 ለሚጠጉ የኢንዲያናፖሊስ አካባቢ ልጆች መመሪያ፣ ማበረታቻ እና ፈቃድ እንድንሰጥ ረድቶናል	ብዙ የኢንዲያናፖሊስ ልጆችን መርዳት ችለናል	entailment	true	entailment
መጀመሪያ ላይ ግለሰቦች ዓመታዊ ያልተገደበ $1,000 ወይም ከዚያ በላይ ለመንግሥት ጸሐፊ ክበብ፣ ወይም $500 ወይም ከዚያ በላይ ለመንግሥት ጸሐፊ ተባባሪዎች ስጦታ በማድረግ መሳተፍ ይችላሉ	ግለሰቦች የ $50 ትንሽ እርዳታ ካደረጉ በኋላ መሳተፍ ይችላሉ	contradiction	true	entailment
መጀመሪያ ላይ ግለሰቦች ዓመታዊ ያልተገደበ $1,000 ወይም ከዚያ በላይ ለመንግሥት ጸሐፊ ክበብ፣ ወይም $500 ወይም ከዚያ በላይ ለመንግሥት ጸሐፊ ተባባሪዎች ስጦታ በማድረግ መሳተፍ ይችላሉ	በቂ መጠን ያለው ልገሳ ካደረጉ ግለሰቦች መሳተፍ ይችላሉ	entailment	true	entailment
መጀመሪያ ላይ ግለሰቦች ዓመታዊ ያልተገደበ $1,000 ወይም ከዚያ በላይ ለመንግሥት ጸሐፊ ክበብ፣ ወይም $500 ወይም ከዚያ በላይ ለመንግሥት ጸሐፊ ተባባሪዎች ስጦታ በማድረግ መሳተፍ ይችላሉ	አብዛኛዎቹ ግለሰቦች ለመንግሥት ጸሐፊ ተባባሪዎች መለገስ ይመርጣሉ	neutral	true	entailment
በዚህ ጊዜ ያቀረቡት ስጦታ ተጨማሪ የዓመት መጨረሻ የታክስ ጥቅሞችን ሊሰጥዎ ይችላል	ቢያንስ የ$1,000 ስጦታ ከሰጡ፣ የታክስ ጥቅማ ጥቅሞችን በእርግጠኝነት ሊቀበሉ ይችላሉ	neutral	true	entailment
በዚህ ጊዜ ያቀረቡት ስጦታ ተጨማሪ የዓመት መጨረሻ የታክስ ጥቅሞችን ሊሰጥዎ ይችላል	እንደ አለመታደል ሆኖ የግብር አማካሪዎቻችን ምንም አይነት ስጦታ እንዳትሰሩ ይመክርወታል	contradiction	true	entailment
በዚህ ጊዜ ያቀረቡት ስጦታ ተጨማሪ የዓመት መጨረሻ የታክስ ጥቅሞችን ሊሰጥዎ ይችላል	በመዋጮዎ ላይ የግብር ቅነሳዎችን መውሰድ ይችሉ ይሆናል	entailment	true	entailment
እንደሚታወቀው የዚህ ቡድን አባልነት በየአመቱ $1,000 ወይም ከዚያ በላይ ለህግ ትምህርት ቤቱ የሚያዋጡ ጓደኞቻቸውን እና የቀድሞ ተማሪዎችን ያካትታል	አንዳንድ የዚህ ቡድን አባላት ከ$100k  በላይ ለትምህርት ቤቱ ለግሰዋል	neutral	false	contradiction
እንደሚታወቀው የዚህ ቡድን አባልነት በየአመቱ $1,000 ወይም ከዚያ በላይ ለህግ ትምህርት ቤቱ የሚያዋጡ ጓደኞቻቸውን እና የቀድሞ ተማሪዎችን ያካትታል	በዚህ ቡድን ውስጥ ከ$1,000 በላይ ለህግ ትምህርት ቤቱ ያዋጡ ሰዎች አሉን	entailment	true	entailment
እንደሚታወቀው የዚህ ቡድን አባልነት በየአመቱ $1,000 ወይም ከዚያ በላይ ለህግ ትምህርት ቤቱ የሚያዋጡ ጓደኞቻቸውን እና የቀድሞ ተማሪዎችን ያካትታል	ይህ ቡድን ለትምህርት ቤቱ የገንዘብ መዋጮ እንዲያደርግ ለመጠየቅ አቅደናል ነገርግን ከዚህ በፊት እንደዚህ አላደረገም	contradiction	true	entailment
በ 50ዎቹ ፣ በጣም ከሚያስደስቱኝ ትዝታዎቼ አንዱ የሲቪክ ቲያትር ፕሮዳክሽን ላይ መገኘት ነበር	በልጅነቴ የቲያትር ትዕይንቶችን መሄድ እጠላ ነበር፣ ስለዚህም ነው ሳይንቲስት የሆንኩት	contradiction	true	entailment
በ 50ዎቹ ፣ በጣም ከሚያስደስቱኝ ትዝታዎቼ አንዱ የሲቪክ ቲያትር ፕሮዳክሽን ላይ መገኘት ነበር	በልጅነቴ ወደ ቲያትር ቤት መሄድ እወድ ነበር	entailment	true	entailment
በ 50ዎቹ ፣ በጣም ከሚያስደስቱኝ ትዝታዎቼ አንዱ የሲቪክ ቲያትር ፕሮዳክሽን ላይ መገኘት ነበር	በጣም የምወደው የሲቪክ ቲያትር ፕሮዳክሽን ውበት እና አውሬው ነበር	neutral	true	entailment
ይህ ደብዳቤ የሚደርሰው እያንዳንዱ ሰው $18 ከሰጠ ብቻ ነው	ይህ ደብዳቤ የደረሳችሁ ሁሉ  ማጭበርበር ስለሆነ ነገንዘባችሁን አትስጡ	contradiction	true	entailment
ይህ ደብዳቤ የሚደርሰው እያንዳንዱ ሰው $18 ከሰጠ ብቻ ነው	$18 ከለገሱ ስጦታ እንሰጥዎታለን	neutral	true	entailment
ይህ ደብዳቤ የሚደርሰው እያንዳንዱ ሰው $18 ከሰጠ ብቻ ነው	ሁሉም ደብዳቤ ተቀባዮች $18  መለገስ እንደሚችሉ ተስፋ እናደርጋለን	entailment	true	entailment
በቀላሉ የታችኛውን ክፍል ይንቀሉት, የሚመለከተውን አማራጭ ያረጋግጡ, አስፈላጊ ከሆነ በአድራሻዎ ላይ ማንኛውንም ለውጥ ያድርጉ እና በተዘጋው ፖስታ ውስጥ ይላኩት	እባክዎ በአድራሻዎ ላይ ምንም አይነት ለውጥ አያድርጉ	contradiction	true	entailment
በቀላሉ የታችኛውን ክፍል ይንቀሉት, የሚመለከተውን አማራጭ ያረጋግጡ, አስፈላጊ ከሆነ በአድራሻዎ ላይ ማንኛውንም ለውጥ ያድርጉ እና በተዘጋው ፖስታ ውስጥ ይላኩት	ያንተ ኣድራሻ ያለበት ነጭ ፖስታ ተቀምጦልሃል	neutral	true	entailment
በቀላሉ የታችኛውን ክፍል ይንቀሉት, የሚመለከተውን አማራጭ ያረጋግጡ, አስፈላጊ ከሆነ በአድራሻዎ ላይ ማንኛውንም ለውጥ ያድርጉ እና በተዘጋው ፖስታ ውስጥ ይላኩት	ተስማሚ ሆኖ ካገኙት በአድራሻዎ ላይ ለውጦችን ለማድረግ ነፃ ነዎት	entailment	true	entailment
የነርስ ትምህርት ቤት ትምህርታዊ ልህቀትን ለመቀጠል እና ለማስጠበቅ የአንተን ለጋስ ስጦታዎች ይፈልጋል	እባኮትን $100 ሚሊዮን  ለነርሲንግ ትምህርት ቤት ይለግሱ፣ አለበለዚያ የመታሰቢያ ሃውልትዎ አይሰራልወትም	neutral	true	entailment
የነርስ ትምህርት ቤት ትምህርታዊ ልህቀትን ለመቀጠል እና ለማስጠበቅ የአንተን ለጋስ ስጦታዎች ይፈልጋል	የነርሲንግ ትምህርት ቤቱ ሁሉንም የገንዘብ ግቦቹን አሟልቷል፣ ስለዚህ ምንም ተጨማሪ ገንዘብ አያስፈልገውም	contradiction	true	entailment
የነርስ ትምህርት ቤት ትምህርታዊ ልህቀትን ለመቀጠል እና ለማስጠበቅ የአንተን ለጋስ ስጦታዎች ይፈልጋል	ለነርሲንግ ትምህርት ቤቱ እንደሚለግሱ ተስፋ እናደርጋለን	entailment	true	entailment
80% ተሳታፊዎች የግጭት አፈታት ችሎታዎች መጨመርን ሪፖርት ያደርጋሉ	ከግማሽ በላይ ተሳታፊዎች የግጭት አፈታት ችሎታወች መጨመርን ሪፖርት ያደርጋሉ	entailment	true	entailment
80% ተሳታፊዎች የግጭት አፈታት ችሎታዎች መጨመርን ሪፖርት ያደርጋሉ	የግጭት አፈታት ችሎታዎች መጨመርን የሚናገሩት ከተሳታፊዎች አንድ አራተኛውቹ ብቻ ናቸው	contradiction	true	entailment
80% ተሳታፊዎች የግጭት አፈታት ችሎታዎች መጨመርን ሪፖርት ያደርጋሉ	ከ100 በላይ ግለሰቦች ተሳታፊዎች ነበሩ	neutral	true	entailment
እባኮትን አንለግስም ላሉት ሰወች መልዕክት እንዳትልክላቸው	መለገስ ብታቆም አሳፋሪ ነው	entailment	true	entailment
እባኮትን አንለግስም ላሉት ሰወች መልዕክት እንዳትልክላቸው	አንለግም ያሉት ሰወች ሥም ዝርዝራቸው ለአለም እንዲታይ ታትሟል፣ ስለዚህ እመኑኝ፣ እንደዛ ማፈር አትፈልጉም	neutral	false	contradiction
እባኮትን አንለግስም ላሉት ሰወች መልዕክት እንዳትልክላቸው	ብዙ ለጋሾች አሉን ስለዚህ እባካችሁ ልገሳውን አቁሙ	contradiction	true	entailment
ወደኛ ወለል ኮምፒውተር እና ሞደም ያለው ማንኛውም ሰው መግባት ይችላል	ወደወለሉ ለመግባት ሰወች ምንም ነገር አያስፈልጋቸውም	contradiction	true	entailment
ወደኛ ወለል ኮምፒውተር እና ሞደም ያለው ማንኛውም ሰው መግባት ይችላል	ወደወለሉ ለመግባት ሰወች ሁለቱም ኮምፒውተር እና ሞደም ያስፈልጋቸዋል	entailment	true	entailment
ወደኛ ወለል ኮምፒውተር እና ሞደም ያለው ማንኛውም ሰው መግባት ይችላል	ወደወለሉ ለመግባት ሰወች ሁለቱም ኮምፒውተር እና ሞደም ይዘው መሄድ አለባቸው	neutral	true	entailment
የቲኬት ሽያጮች እና የደንበኝነት ምዝገባዎች የእኛን ሙሉውን ወቅት ገንዘብ ሊደጉሙልን አይችሉም	የቲኬት ሽያጭ እስካለን ድረስ ሙሉ ወቅታችንን ያስተዳድረናል	contradiction	true	entailment
የቲኬት ሽያጮች እና የደንበኝነት ምዝገባዎች የእኛን ሙሉውን ወቅት ገንዘብ ሊደጉሙልን አይችሉም	የሙሉ ወቅታችንን ወጭ ለመሸፈን ከቲኬት ሽያጮች እና የደንበኝነት ምዝገባዎች በላይ ያስፈልገናል	entailment	true	entailment
የቲኬት ሽያጮች እና የደንበኝነት ምዝገባዎች የእኛን ሙሉውን ወቅት ገንዘብ ሊደጉሙልን አይችሉም	የቲኬት ሽያጮች እና የደምበግኝነት ምዝገባዎች ለሙሉ ወጫችን  70% ወጪዎችን ብቻ ይሸፍናሉ	neutral	true	entailment
አዲስ የመጡ እቃወች እያንዳንዱ ስጦታ ልዩነት ያመጣል	ሁሉም ስጦታዎች በየወሩ መጽሔታችን ውስጥ ይመዘገባሉ እና ማስታወቂያቸው ይወጣል	neutral	true	entailment
አዲስ የመጡ እቃወች እያንዳንዱ ስጦታ ልዩነት ያመጣል	እያንዳንዱ የተሰጠህ ስጦታ እንደ አንድ ነገር ይቆጠራል	entailment	true	entailment
አዲስ የመጡ እቃወች እያንዳንዱ ስጦታ ልዩነት ያመጣል	ከ $100 በላይ የሆኑ ስጦታዎች ብቻ ለውጥ ያመጣሉ	contradiction	true	entailment
 $365,000  ግባችን ላይ ለመድረስ ከጓደኞቻችን እና እንደርስዎ ካሉ ተከታዮቻችን ብዙ ይቀረናል	የገንዘብ ግባችን $300,000 ይበልጣል	entailment	false	contradiction
 $365,000  ግባችን ላይ ለመድረስ ከጓደኞቻችን እና እንደርስዎ ካሉ ተከታዮቻችን ብዙ ይቀረናል	በእውነቱ የገንዘብ ግባችንን በሦስት እጥፍ እንደምናሳድግ ተስፋ እናደርጋለን	neutral	true	entailment
 $365,000  ግባችን ላይ ለመድረስ ከጓደኞቻችን እና እንደርስዎ ካሉ ተከታዮቻችን ብዙ ይቀረናል	ገንዘብን በተመለከተ ምንም መመዘኛዎች የሉንም	contradiction	true	entailment
የመንግስት ጤና ጣቢያችን ለበርካታ አመታት ሲሰራ የቆየ ሲሆን በቅርቡ ደግሞ የወንጀል መከላከያ ጤና ጣቢያ ጨምረናል	የመንግስት ጤና ጣቢያችን ለስምንት ዓመታት አገልግሏል	neutral	false	contradiction
የመንግስት ጤና ጣቢያችን ለበርካታ አመታት ሲሰራ የቆየ ሲሆን በቅርቡ ደግሞ የወንጀል መከላከያ ጤና ጣቢያ ጨምረናል	የመንግስት ጤና ጣቢያችን ከተከፈተ የመጀመሪያ አመቱን በሚቀጥለው ወር  ያከብራል	contradiction	true	entailment
የመንግስት ጤና ጣቢያችን ለበርካታ አመታት ሲሰራ የቆየ ሲሆን በቅርቡ ደግሞ የወንጀል መከላከያ ጤና ጣቢያ ጨምረናል	የመንግስት ጤና ጣቢያችን ከ አንድ አመት በላይ በስራ ላይ ነበር	entailment	true	entailment
የቲኬት ገቢ የእነዚህን ፕሮግራሞች ወጪ መሸፈን አለጀመረም	የእነዚህ ዝግጂቶች ወጪ በቲኬት ገቢው የማይሸፈን ይመስላል	entailment	true	entailment
የቲኬት ገቢ የእነዚህን ፕሮግራሞች ወጪ መሸፈን አለጀመረም	የእነዚህ ዝግጂቶች ዋጋ በጣም ከፍተኛ ነው	neutral	true	entailment
የቲኬት ገቢ የእነዚህን ፕሮግራሞች ወጪ መሸፈን አለጀመረም	የቲኬት ገቢው በእርግጠኝነት የእነዚህን ፕሮግራሞች ወጪ ይሸፍናል	contradiction	true	entailment
ኦምኒያ ቪንቺት አሞር (ለሳምንታዊ መደብ ካልሰሩ)፡ ብሪት ሁሜ (ፎክስ ኒውስ ሰንበት) ለምን ሌዊንስኪ ላይሆን እንደሚችል ገምታለች አሁንም በፕሬዚዳንቱ ላይ ተስፋየሌለው ፍቅር አላት	ብሪት ሁም የፎክስ ዋና ዘጋቢ ነው	neutral	true	entailment
ኦምኒያ ቪንቺት አሞር (ለሳምንታዊ መደብ ካልሰሩ)፡ ብሪት ሁሜ (ፎክስ ኒውስ ሰንበት) ለምን ሌዊንስኪ ላይሆን እንደሚችል ገምታለች አሁንም በፕሬዚዳንቱ ላይ ተስፋየሌለው ፍቅር አላት	ብሪት ሁም ለ ሲኤንኤን ይሰራል	contradiction	false	contradiction
ኦምኒያ ቪንቺት አሞር (ለሳምንታዊ መደብ ካልሰሩ)፡ ብሪት ሁሜ (ፎክስ ኒውስ ሰንበት) ለምን ሌዊንስኪ ላይሆን እንደሚችል ገምታለች አሁንም በፕሬዚዳንቱ ላይ ተስፋየሌለው ፍቅር አላት	ብሪት ሁም ለ ፎክስ ይሰራል	entailment	true	entailment
ለተከታታዩ የበለጠ ሰውኛ እንዲሆን ሚካኤል አፕትድን መቀጠሩ ብዙ ስራ ሠርቷል	ሚካኤል አፕቴድ ሰውኛ እና አስደሳች ገፅታወች በማስወጣታቸው ተከታታዩን አቋርጦታል	contradiction	true	entailment
ለተከታታዩ የበለጠ ሰውኛ እንዲሆን ሚካኤል አፕትድን መቀጠሩ ብዙ ስራ ሠርቷል	ሚካኤል አፕቴድ በተከታታዩ ላይ የግል ብቃትን ለመጨመር ተቀጥሮ ነበር	entailment	true	entailment
ለተከታታዩ የበለጠ ሰውኛ እንዲሆን ሚካኤል አፕትድን መቀጠሩ ብዙ ስራ ሠርቷል	ተከታታዩ ስሜት የሌለው እና አሰልቺ ነው ተብሎ ይታሰብ ነበር፣ስለዚህ ደረጃ አሰጣጦችን ለማሻሻል አስደሳች እና ግላዊ ደረጃወችን ለመጨመር ሚካኤል አፕትድን መቅጠር አስፈላጊ ነበር	neutral	true	entailment
ሴት ልጅን በነጭ ፈር ካፖርት እና በረጂም ጫማ ለማየት	ሴት ልጅቷ ለበረዶ መንሸራተቻ የሚሆን አለባበስ ለብሳለች	neutral	false	contradiction
ሴት ልጅን በነጭ ፈር ካፖርት እና በረጂም ጫማ ለማየት	ሴት ልጅቷ ነጭ ልብሶች ለብሳለች	entailment	true	entailment
ሴት ልጅን በነጭ ፈር ካፖርት እና በረጂም ጫማ ለማየት	ሴት ልጅቷ ሁሉም የለበሰችው ቀይ ነው	contradiction	false	contradiction
ፊልሙ ለመጥቀስ የዘነጋው ነገር ካፍማን ራሱን  እንዴት ማስወገድ እንደሚፈልግ ብዙ ጊዜ መናገሩን ነበር	ፊልሙ ስለራሱ ሞት ሲወያይ ካፍማን አያነሳም	entailment	true	entailment
ፊልሙ ለመጥቀስ የዘነጋው ነገር ካፍማን ራሱን  እንዴት ማስወገድ እንደሚፈልግ ብዙ ጊዜ መናገሩን ነበር	ፊልሙ ከካፍማን ጋር ስለ አሟሟቱ ጥልቅ ቃለ ምልልስ አድርጓል	contradiction	true	entailment
ፊልሙ ለመጥቀስ የዘነጋው ነገር ካፍማን ራሱን  እንዴት ማስወገድ እንደሚፈልግ ብዙ ጊዜ መናገሩን ነበር	ስለ ካፍማን አንዳንድ ወሳኝ ዝርዝሮችን ቢተውም ፊልሙ ግንባር ቀደም ነበር	neutral	true	entailment
ሮክፌለር ኤንጅል ታርቤልን ለመበቀል እያለ በአድፍጦ ውጊያ ስቃይ ዉስጥ ነበር	ሮክፌለር ለካንሰር ምርምር ልገሳ አደረገ	neutral	true	entailment
ሮክፌለር ኤንጅል ታርቤልን ለመበቀል እያለ በአድፍጦ ውጊያ ስቃይ ዉስጥ ነበር	ሮክፌለር ለጋስ ነበር	entailment	false	contradiction
ሮክፌለር ኤንጅል ታርቤልን ለመበቀል እያለ በአድፍጦ ውጊያ ስቃይ ዉስጥ ነበር	ሮክፌለር ስስታም ነበር	contradiction	true	entailment
ክሌይማን በቅርቡ ኒው ዮርክ ውስጥ በነበረው የንግድ ጉዳይ ላይ በጎሳዎች መካከል በተነሱ ግጭቶች ሌላኛውን  ቡድን ደግፎ ቆመ	ክላይማን በካሊፎርኒያ የጎሳ አድሏዊነት አስነስቷል	contradiction	true	entailment
ክሌይማን በቅርቡ ኒው ዮርክ ውስጥ በነበረው የንግድ ጉዳይ ላይ በጎሳዎች መካከል በተነሱ ግጭቶች ሌላኛውን  ቡድን ደግፎ ቆመ	ክላይማን በጎሳ አድልዎ እንደሚከሰስ አልጠበቀም ነበር	neutral	true	entailment
ክሌይማን በቅርቡ ኒው ዮርክ ውስጥ በነበረው የንግድ ጉዳይ ላይ በጎሳዎች መካከል በተነሱ ግጭቶች ሌላኛውን  ቡድን ደግፎ ቆመ	በክላይማን ላይ የጎሳ አድሎአዊ ክሶች ነበሩ	entailment	true	entailment
የድርጅት ሃላፊወች በተሰበሰቡበት ክፍል ውስጥ በU.S የሰው ሃይል አስተዳደር ላይ ጮሆ ይሳደባል ብሎ የጠበቀ አልነበረም	የድርጅት ተወካዮች ሱፍ ይለብሳሉ	neutral	false	contradiction
የድርጅት ሃላፊወች በተሰበሰቡበት ክፍል ውስጥ በU.S የሰው ሃይል አስተዳደር ላይ ጮሆ ይሳደባል ብሎ የጠበቀ አልነበረም	አንድ ሰው የድርጅት ተወካዮችን ፉጨት ይጠብቃል	contradiction	true	entailment
የድርጅት ሃላፊወች በተሰበሰቡበት ክፍል ውስጥ በU.S የሰው ሃይል አስተዳደር ላይ ጮሆ ይሳደባል ብሎ የጠበቀ አልነበረም	አንድ ሰው የድርጅት ተወካዮችን ፉጨት አይጠብቅም	entailment	false	contradiction
እንክብካቤ በአትሌቲክስ አፈጻጸም ላይ የበለጠ ጉልህ ተጽእኖ ስላለው ብቻ ግን ተፈጥሮ ለዘብተኛ ሆናለች ማለት አይደለም	አትሌቶች የተወለዱት ሁሉንም አቅማቸውን ሙሉ በሙሉ እውን በማድረግ ነው	contradiction	true	entailment
እንክብካቤ በአትሌቲክስ አፈጻጸም ላይ የበለጠ ጉልህ ተጽእኖ ስላለው ብቻ ግን ተፈጥሮ ለዘብተኛ ሆናለች ማለት አይደለም	የአትሌቲክስ አቅም ከጄኔቲክስ ይልቅ በልምምድ የበለጠ ይጎዳል	entailment	false	contradiction
እንክብካቤ በአትሌቲክስ አፈጻጸም ላይ የበለጠ ጉልህ ተጽእኖ ስላለው ብቻ ግን ተፈጥሮ ለዘብተኛ ሆናለች ማለት አይደለም	በጣም ጠንካራ የሆኑ አትሌቶች በየሳምንቱ ቢያንስ ለስምንት ሰዓት ልምምድ ያደርጋሉ	neutral	true	entailment
አንዴ ቤት፣ዩናይትድ ስቴት በሁለት መንገድ አቅርቦቶችን እንደምታቋርጥ ተማርኩ	ፖለቲካ ላይ ፍላጎት አለኝ	neutral	true	entailment
አንዴ ቤት፣ዩናይትድ ስቴት በሁለት መንገድ አቅርቦቶችን እንደምታቋርጥ ተማርኩ	ስለ ዩናይትድ ስቴት ተማርኩ	entailment	true	entailment
አንዴ ቤት፣ዩናይትድ ስቴት በሁለት መንገድ አቅርቦቶችን እንደምታቋርጥ ተማርኩ	ወደ ቤት ከመምጣቴ በፊት ዩናይትድ ስቴት በሁለት መንገድ አቅርቦቶችን እንደምታቋርጥ ተማርኩ	contradiction	true	entailment
የአለማችን አንጋፋ እና ትልቁ የዩኒቨርስቲ ፕሬስ ኦክስፎርድ የግጥም ዝርዝሮቹን መሰረዙን አስታውቋል	በኦክስፎርድ ያለው የግጥም ዝርዝር አሁን እየቀጠለ አይደለም	entailment	true	entailment
የአለማችን አንጋፋ እና ትልቁ የዩኒቨርስቲ ፕሬስ ኦክስፎርድ የግጥም ዝርዝሮቹን መሰረዙን አስታውቋል	የተከበረው ዩኒቨርሲቲ የግጥም ዝርዝሩን በንቃት ለመጠበቅ የሚያስችል የገንዘብ ድጋፍ የለውም	neutral	true	entailment
የአለማችን አንጋፋ እና ትልቁ የዩኒቨርስቲ ፕሬስ ኦክስፎርድ የግጥም ዝርዝሮቹን መሰረዙን አስታውቋል	ዩኒቨርሲቲው የግጥም ዝርዝሩን ለመጠበቅ እናም ፈጽሞ እንደማይሰርዘው ቆርጦ ተነስቷል	contradiction	true	entailment
ለሰው ልጅ የማጽናኛ ሽልማት ግን አለ	የማጽናኛ ሽልማቱ ለእያንዳንዱ ሰው ነጻ ሁለት የፍጥነት ማደባለቂያ ነው	neutral	true	entailment
ለሰው ልጅ የማጽናኛ ሽልማት ግን አለ	በዚህ ሁኔታ ውስጥ ለሰዎች ምንም መለዋወጥ የለም	contradiction	true	entailment
ለሰው ልጅ የማጽናኛ ሽልማት ግን አለ	ይህ ሁሉ ለሰው ልጆች መጥፎ ዜና አይደለም	entailment	false	contradiction
በእነዚህ ድረ፡ገጾች  ላይ ለውርርድ የሚደረጉ ዝግጅቶች ስፖርቶች ብቻ አይደሉም	በፖለቲካ ውድድር እና ምርጫዎች ላይ ያለ ውርርድ በእነዚህ ድረ፡ገጾችም ተቀባይነት አለው	neutral	true	entailment
በእነዚህ ድረ፡ገጾች  ላይ ለውርርድ የሚደረጉ ዝግጅቶች ስፖርቶች ብቻ አይደሉም	እነዚህ ድረ፡ገጾች  በስፖርት ዝግጅቶች ላይ ያለ ውርርድ ብቻ ይቀበላሉ	contradiction	true	entailment
በእነዚህ ድረ፡ገጾች  ላይ ለውርርድ የሚደረጉ ዝግጅቶች ስፖርቶች ብቻ አይደሉም	እነዚህ ድረ፡ገጾች በተለያዩ እንቅስቃሴዎች ላይ ምርጡን ይወስዳሉ	entailment	true	entailment
በ  ኦገስት 25 ከዲሞክራሲያዊ ጉባኤው በኃላ በ አትላንቲክ ከተማ ኒውጀርዚ ጆንሰን የ56 አመቱ እጩ በ ሶስት ተከታታይ የተመዘገቡ ጉባኤወች ላይ ከፕረዝዳንታዊ ውድድሩ ራሱን ሊያገል እንደሚችል አስጠነቀቀ	ጆንሰን ድጋፍ ማጣት ስሜት ተሰማው	neutral	true	entailment
በ  ኦገስት 25 ከዲሞክራሲያዊ ጉባኤው በኃላ በ አትላንቲክ ከተማ ኒውጀርዚ ጆንሰን የ56 አመቱ እጩ በ ሶስት ተከታታይ የተመዘገቡ ጉባኤወች ላይ ከፕረዝዳንታዊ ውድድሩ ራሱን ሊያገል እንደሚችል አስጠነቀቀ	ጆንሰን ስለመውጣት አስቦ አያውቅም	contradiction	true	entailment
በ  ኦገስት 25 ከዲሞክራሲያዊ ጉባኤው በኃላ በ አትላንቲክ ከተማ ኒውጀርዚ ጆንሰን የ56 አመቱ እጩ በ ሶስት ተከታታይ የተመዘገቡ ጉባኤወች ላይ ከፕረዝዳንታዊ ውድድሩ ራሱን ሊያገል እንደሚችል አስጠነቀቀ	ጆንሰን ለመልቀቅ ቆርጧል	entailment	true	entailment
ላማር አሌክሳንደር የፕሬዚዳንትነት ጨረታውን አቋርጧል	ቢያንስ አንድ ሰው ፕሬዚዳንት ለመሆን በሚደረገው ሙከራ ተስፋ ቆርጧል	entailment	true	entailment
ላማር አሌክሳንደር የፕሬዚዳንትነት ጨረታውን አቋርጧል	ላማር አሌክሳንደር የፕሬዚዳንቱን ዘመቻ ለመተው ፈቃደኛ አልሆነም	contradiction	true	entailment
ላማር አሌክሳንደር የፕሬዚዳንትነት ጨረታውን አቋርጧል	ሚስተር አሌክሳንደር አሳፋሪ ፎቶውቹ ከታተሙ በኋላ ለመልቀቅ ተገደዱ	neutral	true	entailment
በዚህ አሳዛኝ የሲቪል ነጻነት መዝገብ ላይ በዋይት ሀውስ የመጀመሪያ የጉዞ ቢሮ ምርመራ  FBIን አላግባብ መጠቀም  እና ፋይልጌት እየተባለ መጠራቱ ነው	ዋይት ሀውስ በፖለቲካ እጩዎች ላይ የ ኤፍቢአይ ሰላይ አለው	neutral	true	entailment
በዚህ አሳዛኝ የሲቪል ነጻነት መዝገብ ላይ በዋይት ሀውስ የመጀመሪያ የጉዞ ቢሮ ምርመራ  FBIን አላግባብ መጠቀም  እና ፋይልጌት እየተባለ መጠራቱ ነው	ዋይት ሀውስ ኤፍቢአይ አላግባብ ይጠቀማል	entailment	true	entailment
በዚህ አሳዛኝ የሲቪል ነጻነት መዝገብ ላይ በዋይት ሀውስ የመጀመሪያ የጉዞ ቢሮ ምርመራ  FBIን አላግባብ መጠቀም  እና ፋይልጌት እየተባለ መጠራቱ ነው	ዋይት ሀውስ ኤፍቢአይ በ አግባቡ ይጠቀማል	contradiction	true	entailment
ቱንግ በንብረት ተንታኞች ላይ እርምጃ እንደሚወስድ ቃል ገብቷል፣ ነገር ግን ብዙዎች የእሱ ጩኸት ከንክሻው የከፋ እንደሚሆን ያስባሉ	ቱንግ ስለ ንብረት ገማቾች ግድ የለውም	contradiction	true	entailment
ቱንግ በንብረት ተንታኞች ላይ እርምጃ እንደሚወስድ ቃል ገብቷል፣ ነገር ግን ብዙዎች የእሱ ጩኸት ከንክሻው የከፋ እንደሚሆን ያስባሉ	ቱንግ የንብረት ገማቾች ሥነ ምግባር የጎደለው እርምጃ እየወሰዱ እንደሆነ ያስባል	neutral	true	entailment
ቱንግ በንብረት ተንታኞች ላይ እርምጃ እንደሚወስድ ቃል ገብቷል፣ ነገር ግን ብዙዎች የእሱ ጩኸት ከንክሻው የከፋ እንደሚሆን ያስባሉ	ቱንግ በንብረት ገማቾች ላይ ተጽዕኖ ማሳደር ይፈልጋል	entailment	true	entailment
የቦርሳ ችግር ቅረታወችቹ ተፈተዋል የማይሰሩ የበረራ አስተናጋጆች፣ምክኒያታዊ ያልሆኑ የበረራ መሰረዞች፣የግፍ ክፍያወች 	የ10  ሰዎች ሻንጣ ጠፍቷል	neutral	true	entailment
የቦርሳ ችግር ቅረታወችቹ ተፈተዋል የማይሰሩ የበረራ አስተናጋጆች፣ምክኒያታዊ ያልሆኑ የበረራ መሰረዞች፣የግፍ ክፍያወች 	ሰዎች ስለ ሻንጣወቻቸው ቅሬታ አቅርበዋል	entailment	true	entailment
የቦርሳ ችግር ቅረታወችቹ ተፈተዋል የማይሰሩ የበረራ አስተናጋጆች፣ምክኒያታዊ ያልሆኑ የበረራ መሰረዞች፣የግፍ ክፍያወች 	ምንም ዓይነት ቅሬታዎች አልነበሩም	contradiction	true	entailment
ሎረንስሲንግልተን የተባለው የታወቀ አስገድዶ ደፋሪ የተጎጅወቹን ክንድ ቆርጦ ከጣለ በኋላ ለስምንት አመታት ብቻ ከታሰረበት ቢወጣም እንደገና አንዲትን ሴት በፍሎሪዳ ወግቶ በመግደሉ በቁጭር ስር ሊውል ችሏል	 የተጎጅወቹን ክንድ ቆርጦ ከጣለ በኋላ በቆሻሻ መጣያ ቆርቆሮ ሊደብቃቸው ሞከረ	neutral	true	entailment
ሎረንስሲንግልተን የተባለው የታወቀ አስገድዶ ደፋሪ የተጎጅወቹን ክንድ ቆርጦ ከጣለ በኋላ ለስምንት አመታት ብቻ ከታሰረበት ቢወጣም እንደገና አንዲትን ሴት በፍሎሪዳ ወግቶ በመግደሉ በቁጭር ስር ሊውል ችሏል	በእስር ቤት ያሳለፈው ጊዜ ሙሉ በሙሉ እንደቀየረው ለሁሉም ግልጽ ነበር	contradiction	true	entailment
ሎረንስሲንግልተን የተባለው የታወቀ አስገድዶ ደፋሪ የተጎጅወቹን ክንድ ቆርጦ ከጣለ በኋላ ለስምንት አመታት ብቻ ከታሰረበት ቢወጣም እንደገና አንዲትን ሴት በፍሎሪዳ ወግቶ በመግደሉ በቁጭር ስር ሊውል ችሏል	ሚስተር ሲንግልተን በፍሎሪዳ የተፈረደበት አስገድዶ መድፈር ነው	entailment	true	entailment
የኒው ሪፐብሊክ ባልደረባ ቻርለስ ሌን እንዳሉት  የገብርኤል ጋርካያ ማርኬዝ የጠለፋ ዜና  ታማኝነት የጎደለው  ጋዜጠኝነትን ይመዘግባል 	ቻርለስ ሌይን ዘጋቢ ነው	entailment	false	contradiction
የኒው ሪፐብሊክ ባልደረባ ቻርለስ ሌን እንዳሉት  የገብርኤል ጋርካያ ማርኬዝ የጠለፋ ዜና  ታማኝነት የጎደለው  ጋዜጠኝነትን ይመዘግባል 	ቻርለስ ሌይን መኪኖች ሽጧል	contradiction	true	entailment
የኒው ሪፐብሊክ ባልደረባ ቻርለስ ሌን እንዳሉት  የገብርኤል ጋርካያ ማርኬዝ የጠለፋ ዜና  ታማኝነት የጎደለው  ጋዜጠኝነትን ይመዘግባል 	ቻርለስ ሌን ፑሊትዘርን ሽልማትን አሸንፏል	neutral	true	entailment
ፍርድ ቤቱ በዛሬው ጠዋት በዋሽንግተን ውስጥ ብቸኛው የፖለቲካ ሰርከስ አይደለም	ፍርድ ቤቱ በዋሽንግተን ብቸኛው የፖለቲካ ቦታ አይደለም	entailment	true	entailment
ፍርድ ቤቱ በዛሬው ጠዋት በዋሽንግተን ውስጥ ብቸኛው የፖለቲካ ሰርከስ አይደለም	የፖለቲካው ቀን ከጠዋት ጀምሮ ሳይሆን አይቀርም	neutral	false	contradiction
ፍርድ ቤቱ በዛሬው ጠዋት በዋሽንግተን ውስጥ ብቸኛው የፖለቲካ ሰርከስ አይደለም	በፍርድ ቤቱ ቀልዶች ያሉት ሰርከስ አለ	contradiction	true	entailment
አንድ የዶዘር ሹፌር በገንቢው እየተሰራ ላለው ለአዲስ ልማት መንገድ እየጠረገ እንደሆነ ማሰብ እንችላለን  ሃይ፣ ሎይድ	የዶዘር ሹፌር ዶዘር እያስነሳ እንደሆነ ማሰብ ትችላለህ	neutral	true	entailment
አንድ የዶዘር ሹፌር በገንቢው እየተሰራ ላለው ለአዲስ ልማት መንገድ እየጠረገ እንደሆነ ማሰብ እንችላለን  ሃይ፣ ሎይድ	የዶዘር ሹፌር ማሰብ ትችላለህ	entailment	true	entailment
አንድ የዶዘር ሹፌር በገንቢው እየተሰራ ላለው ለአዲስ ልማት መንገድ እየጠረገ እንደሆነ ማሰብ እንችላለን  ሃይ፣ ሎይድ	የዶዘር ሹፌር ማሰብ አትችልም	contradiction	true	entailment
ይህንን በደብዳቤ ለDr ነግሬው እሱን ለማስደሰት ይመስል ነበር እና በዚያ ገና ትንሽ የፍራፍሬ ኬክ ላከልኝ	ሃኪሙ የላክሁትን ደብዳቤ እንደተቀበለ እርግጠኛ ነኝ	entailment	true	entailment
ይህንን በደብዳቤ ለDr ነግሬው እሱን ለማስደሰት ይመስል ነበር እና በዚያ ገና ትንሽ የፍራፍሬ ኬክ ላከልኝ	በዚያ የገና በዓል ዶክተሩ የላከልኝን ኬክ አልበላሁም	neutral	true	entailment
ይህንን በደብዳቤ ለDr ነግሬው እሱን ለማስደሰት ይመስል ነበር እና በዚያ ገና ትንሽ የፍራፍሬ ኬክ ላከልኝ	ዶክተሩ በዚያ የገና በዓል በጠርሙስ ውስጥ ወይን ላከልኝ	contradiction	true	entailment
ቡድኑ ቀደም ሲል በሚታወሱት ቢኔኤተሮች ይታወቅ ነበር ፣ እሱም በሚያጓጓ ሁኔታ ፣ እንደ የህንድ ቅጽል ስምም ሊቆጠር ይችላል	ቡድኑ ታዋቂ ስላልነበረ ስሙን ቀይሯል	neutral	true	entailment
ቡድኑ ቀደም ሲል በሚታወሱት ቢኔኤተሮች ይታወቅ ነበር ፣ እሱም በሚያጓጓ ሁኔታ ፣ እንደ የህንድ ቅጽል ስምም ሊቆጠር ይችላል	ቡድኑ ከዚህ በፊት ስም ነበረው እንደ የህንድ ቅጽል ስምም ሊታሰብ ይችላል	entailment	true	entailment
ቡድኑ ቀደም ሲል በሚታወሱት ቢኔኤተሮች ይታወቅ ነበር ፣ እሱም በሚያጓጓ ሁኔታ ፣ እንደ የህንድ ቅጽል ስምም ሊቆጠር ይችላል	ቡድኑ አንድ ስም ብቻ ነው ያለው	contradiction	true	entailment
በትሀሳኡሩስ ውስጥ እንደዚህ ያለ ትርጉም ማግኘት አልቻልኩም 	 ትርጉሙን በ ትሀሳኡሩስ ውስጥ አገኘሁት	contradiction	true	entailment
በትሀሳኡሩስ ውስጥ እንደዚህ ያለ ትርጉም ማግኘት አልቻልኩም 	ትሀሳኡሩስ ውስጥ ተመለከትኩ እና ትርጓሜ አላገኘሁም	entailment	false	contradiction
በትሀሳኡሩስ ውስጥ እንደዚህ ያለ ትርጉም ማግኘት አልቻልኩም 	እኔ የተጠቀምኩት  የነበረው ትሀሳኡሩስ መደበኛ ትሀሳኡሩስ ነበር	neutral	true	entailment
አንድ ሰው እንዴት ማድረግ ይችላል	እንዴት ብዙ ሰዎች ምንም ማድረግ አይችሉም	contradiction	false	contradiction
አንድ ሰው እንዴት ማድረግ ይችላል	እንዴት አንድ ሰው እንደዚህ መትፎ ነገር ያደርጋል	neutral	true	entailment
አንድ ሰው እንዴት ማድረግ ይችላል	አንድ ሰው ይህን ማድረግ የሚቻለው እንዴት ነው	entailment	neither (አልተለየም) - እንዴት ማድረግ የሚቻለው አንድ ሰው እንዴት ማድረግ እንደሚችል አይደለም። እናንተ እንዴት ማድረግ እንደሚችል እንደሚችል አይደለም። እንዴት ማድረግ ማንኛውም ሰው እንደሚችል አይደለም።	neutral
ከዚህም በላይ በመቅድሙ ስራ መሠረት በሃያኛው ክፍለ ዘመን እንደተነሱ የሚታወቁ ቃላትን ብቻ ይዟል፣ ነገር ግን የ 20 ኛው ክፍለ ዘመን ቀደምት ወታደራዊ ቃላትን ይተዋል 	በመግቢያው ላይ እንደተገለጸው፣ በሃያኛው ክፍለ ዘመን የተነሱ ቃላትን ይዟል ነገር ግን ቀደም ሲል የተነሱትን ቃላቶች ይተዋል	entailment	true	entailment
ከዚህም በላይ በመቅድሙ ስራ መሠረት በሃያኛው ክፍለ ዘመን እንደተነሱ የሚታወቁ ቃላትን ብቻ ይዟል፣ ነገር ግን የ 20 ኛው ክፍለ ዘመን ቀደምት ወታደራዊ ቃላትን ይተዋል 	ከጥንት ጀምሮ በውስጡ የተካተቱት ሁሉም ቃላቶች አሉት	contradiction	true	entailment
ከዚህም በላይ በመቅድሙ ስራ መሠረት በሃያኛው ክፍለ ዘመን እንደተነሱ የሚታወቁ ቃላትን ብቻ ይዟል፣ ነገር ግን የ 20 ኛው ክፍለ ዘመን ቀደምት ወታደራዊ ቃላትን ይተዋል 	ከ ሃያኛው ክፍለ ዘመን በፊት ብዙ የተለያዩ ዘይቤዎች አሉ	neutral	true	entailment
አንድ ሰው የ1984 እትም ካለው፣ ከአጭር ጊዜ (እና ብዙም ውድ ያልሆነ) ማሟያ ከመግዛት ይልቅ ይህን መጽሐፍ በመግዛቱ ቅር ሊለው ይችላል	የ 1984ቱ እትም ከብዙዎቹ ምርጥ ነው	neutral	true	entailment
አንድ ሰው የ1984 እትም ካለው፣ ከአጭር ጊዜ (እና ብዙም ውድ ያልሆነ) ማሟያ ከመግዛት ይልቅ ይህን መጽሐፍ በመግዛቱ ቅር ሊለው ይችላል	መጽሐፉ የሚሸጥ አይደለም	contradiction	true	entailment
አንድ ሰው የ1984 እትም ካለው፣ ከአጭር ጊዜ (እና ብዙም ውድ ያልሆነ) ማሟያ ከመግዛት ይልቅ ይህን መጽሐፍ በመግዛቱ ቅር ሊለው ይችላል	አቅርቦቱ ከመጽሐፉ ርካሽ ነው	entailment	true	entailment
በርንስታይን በመግቢያው ላይ አብራርቷል	በርንስታይን በጥልቀት አላብራራውም	neutral	true	entailment
በርንስታይን በመግቢያው ላይ አብራርቷል	በርንስታይን በማጠቃለያው ላይ ብቻ ነው ያብራራው	contradiction	true	entailment
በርንስታይን በመግቢያው ላይ አብራርቷል	መግቢያው ማብራሪያወችን ይዟል	entailment	true	entailment
 ከሃያ ዓመታት ያህል ዕውቀት በኋላም እንኳ አንድ የውጭ አገር ሰው ስለ እነርሱ እንግዳ የሆኑ ብዙ ነገሮችን መለየት አስቸጋሪ ስለሆነ ብቻ እነዚህ ርዕሰ ጉዳዮች ጣልቃ እንዲገቡ አይመከሩም 	የአፍ መፍቻ ቋንቋ ተናጋሪዎች እንኳን አንዳንድ ጊዜ በቀልድ ላይ ችግር አለባቸው	neutral	true	entailment
 ከሃያ ዓመታት ያህል ዕውቀት በኋላም እንኳ አንድ የውጭ አገር ሰው ስለ እነርሱ እንግዳ የሆኑ ብዙ ነገሮችን መለየት አስቸጋሪ ስለሆነ ብቻ እነዚህ ርዕሰ ጉዳዮች ጣልቃ እንዲገቡ አይመከሩም 	ቀልድ ባጠቃላይ ለውጭ አገር ሰዎች ለመረዳት በጣም ቀላል ከሆኑ ነገሮች አንዱ ነው	contradiction	true	entailment
 ከሃያ ዓመታት ያህል ዕውቀት በኋላም እንኳ አንድ የውጭ አገር ሰው ስለ እነርሱ እንግዳ የሆኑ ብዙ ነገሮችን መለየት አስቸጋሪ ስለሆነ ብቻ እነዚህ ርዕሰ ጉዳዮች ጣልቃ እንዲገቡ አይመከሩም 	እነዚህ ርዕሰ ጉዳዮች ለውጭ ሰዎች ለመረዳት አስቸጋሪ ናቸው	entailment	true	entailment
በመጨረሻም ፣ አንድ ሰው የተለየ ትርጉም ካለው ማራዘም መጠንቀቅ አለበት	አዘጋጆች የተቀጠሩት በተለምዶ ይህን አይነት ስህተት ለመያዝ ነው	neutral	true	entailment
በመጨረሻም ፣ አንድ ሰው የተለየ ትርጉም ካለው ማራዘም መጠንቀቅ አለበት	ማራዘም የአረፍተ ነገር ትርጉም መብራራቱን ለማረጋገጥ ጥሩ መንገድ ነው	contradiction	true	entailment
በመጨረሻም ፣ አንድ ሰው የተለየ ትርጉም ካለው ማራዘም መጠንቀቅ አለበት	ረዘም ያለ መግለጫ ለመስጠት ሲሞክር ትርጉሙ ሊለወጥ ይችላል	entailment	true	entailment
በሙቀት እራስህን እንዲያዞርህ አድርግ	በሰዎች ጭንቅላት ላይ ሙቀት መጨመር ትኩረታቸውን እና ተመስጧቸውን ለማሻሻል ጥሩ መንገድ ነው	contradiction	true	entailment
በሙቀት እራስህን እንዲያዞርህ አድርግ	ከመጠን በላይ ሙቀት በአንዳንድ ሁኔታዎች ማዞር ሊያስከትል ይችላል	entailment	true	entailment
በሙቀት እራስህን እንዲያዞርህ አድርግ	ዛሬ ከወቅቱ አማካይ ሙቀት አምስት ዲግሪ በላይ ነበር	neutral	true	entailment
ማንም ሌላ ሙያተኛ እንዲህ የበለፀገ ራስን የማጥላላት ባህል የለውም	ሌሎች ብዙ ባለሙያዎች ራሳቸው ከፍ አድርገው ያስባሉ	neutral	true	entailment
ማንም ሌላ ሙያተኛ እንዲህ የበለፀገ ራስን የማጥላላት ባህል የለውም	ብዙ ሞያወች እራስን የማጥላላት ልምድ የላቸውም	contradiction	true	entailment
ማንም ሌላ ሙያተኛ እንዲህ የበለፀገ ራስን የማጥላላት ባህል የለውም	ሌላ ሥራ ስለ ራሱ የመተቸት ባህል የለውም	entailment	true	entailment
እና በትዕቢት ማስታወሻዎች ፣ እነዚያ በአካባቢያዊ አፈ ታሪኮች ውስጥ ቀስቃሽ ስሞችን ያተረፉ ጨርቆች እነዚህን አጠራሮች በግል ደብዳቤዎች ፣ የቤት ወሬወች እና ግልፅ ያልሆነ የማንነት ቅፅ ይጠቀማሉ	እነዚህ ወረቀቶች ዝና የላቸውም	contradiction	true	entailment
እና በትዕቢት ማስታወሻዎች ፣ እነዚያ በአካባቢያዊ አፈ ታሪኮች ውስጥ ቀስቃሽ ስሞችን ያተረፉ ጨርቆች እነዚህን አጠራሮች በግል ደብዳቤዎች ፣ የቤት ወሬወች እና ግልፅ ያልሆነ የማንነት ቅፅ ይጠቀማሉ	እነዚህ ወረቀቶች ጥሩ ዝና ላቸውም	entailment	true	entailment
እና በትዕቢት ማስታወሻዎች ፣ እነዚያ በአካባቢያዊ አፈ ታሪኮች ውስጥ ቀስቃሽ ስሞችን ያተረፉ ጨርቆች እነዚህን አጠራሮች በግል ደብዳቤዎች ፣ የቤት ወሬወች እና ግልፅ ያልሆነ የማንነት ቅፅ ይጠቀማሉ	እነዚያ ወረቀቶች የብዙ ቤት እመቤቶች  ሹክሹክታ አላቸው 	neutral	true	entailment
ቀላል እና ነጣ ያለ የቢራውን ባህሪ የሚገልፅ ከሆነ	ቢራ ቀላል እና ነጣ ያለ የሚል ፅሁፍ ሊኖረው ይችላል	entailment	true	entailment
ቀላል እና ነጣ ያለ የቢራውን ባህሪ የሚገልፅ ከሆነ	ቀላል እና ነጣ ያለ የሚሉት ቃላት ወይንንና ዉስኪን ብቻ ለመግለፅ ያግለግላሉ	contradiction	false	contradiction
ቀላል እና ነጣ ያለ የቢራውን ባህሪ የሚገልፅ ከሆነ	ቀላል ቢራ ከፍተኛ የአልኮል መጠን የለውም	neutral	false	contradiction
ያልታደሉት ስራ የበዛባቸው ስሞች  እነሱም ሆነ ሌላ አማራጭ ስሞች በማይፈለጉበት ጊዜ እንዃ ጥቅም ላይ ይውላሉ	ሰዎች ተቀያሪ ስም ለማግኘት ይቸገራሉ	neutral	true	entailment
ያልታደሉት ስራ የበዛባቸው ስሞች  እነሱም ሆነ ሌላ አማራጭ ስሞች በማይፈለጉበት ጊዜ እንዃ ጥቅም ላይ ይውላሉ	ስሙ ብዙ ጊዜ ጥቅም ላይ ውሏል	entailment	true	entailment
ያልታደሉት ስራ የበዛባቸው ስሞች  እነሱም ሆነ ሌላ አማራጭ ስሞች በማይፈለጉበት ጊዜ እንዃ ጥቅም ላይ ይውላሉ	ስሙ የበለጠ ጥቅም ላይ መዋል አለበት	contradiction	true	entailment
በዚህ ሁሉ ላይ፣ ልብ የሚነካ ጽሁፍ አንዳንድ ጊዜ የማይረሳና ችግሩን የሚያባብስ የመሆን የማያስደስት እውነታ አለን	 ሰዎች መጥፎ የእጅ ጽሁፎችን የማስታወስ ዕድላቸው ከፍተኛ ነው	contradiction	true	entailment
በዚህ ሁሉ ላይ፣ ልብ የሚነካ ጽሁፍ አንዳንድ ጊዜ የማይረሳና ችግሩን የሚያባብስ የመሆን የማያስደስት እውነታ አለን	 በጥሩ ሁኔታ የተጻፈ ጽሁፎች ብዙ ጊዜ ከመጥፎ የእጅ ጽሁፎች  ይልቅ ለማስታወስ ይቀላሉ	entailment	true	entailment
በዚህ ሁሉ ላይ፣ ልብ የሚነካ ጽሁፍ አንዳንድ ጊዜ የማይረሳና ችግሩን የሚያባብስ የመሆን የማያስደስት እውነታ አለን	በጥሩ ሁኔታ የተጻፈ  ጽሁፎች በብዛት ለማምረት በጣም ውድ ነው	neutral	true	entailment
ከዚህ አመለካከት ጋር የተጋፈጡ እና በመጠኑም የተገረሙ እንግሊዛውያን ቃሉን በዋናነት በመግለጽ ያላቸውን ክብር አረጋግጠዋል	ብሪታንያ ምንም ክብር አልነበራቸውም	contradiction	true	entailment
ከዚህ አመለካከት ጋር የተጋፈጡ እና በመጠኑም የተገረሙ እንግሊዛውያን ቃሉን በዋናነት በመግለጽ ያላቸውን ክብር አረጋግጠዋል	ብሪታኒያ የዓለምን ኢኮኖሚ ተቆጣጥራለች	neutral	true	entailment
ከዚህ አመለካከት ጋር የተጋፈጡ እና በመጠኑም የተገረሙ እንግሊዛውያን ቃሉን በዋናነት በመግለጽ ያላቸውን ክብር አረጋግጠዋል	ብሪታኒያ በአለም ዙሪያ በጣም ይነግዱ ነበር	entailment	true	entailment
አንዳንድ ጊዜ እባብ የመሰለ ነው	አንዳንዴ ለመለየት በጣም አስቸጋሪ ሊሆን ይችላል	entailment	true	entailment
አንዳንድ ጊዜ እባብ የመሰለ ነው	በጥንቃቄ ለተሸፈነው ሞተር ምስጋና ይግባውና በጣም ትንሽ ድምጽ ነው የሚያሰማው	neutral	true	entailment
አንዳንድ ጊዜ እባብ የመሰለ ነው	ከማንኛውም ርቀት ለማወቅ ሁልጊዜ በጣም ቀላል ነበር	contradiction	true	entailment
እንደ እውነቱ ከሆነ በብሪታንያ ውስጥ ከሰሜን አሜሪካ የበለጠ ልዩ የሆኑ የእንግሊዝኛ ቋንቋዎች አሉ እና እነሱ ጋር ጊዜ ያሳለፈ ሰው የማይገናኙ መሆናቸውን ያውቃል	ብሪታንያ በሰሜን አሜሪካ ከሚገኙት የበለጠ ብዙ የእንግሊዝኛ ልዩ ዘዬዎች አሏት	entailment	true	entailment
እንደ እውነቱ ከሆነ በብሪታንያ ውስጥ ከሰሜን አሜሪካ የበለጠ ልዩ የሆኑ የእንግሊዝኛ ቋንቋዎች አሉ እና እነሱ ጋር ጊዜ ያሳለፈ ሰው የማይገናኙ መሆናቸውን ያውቃል	ከሰሜን አሜሪካ እና የብሪታንያ የአነጋገር ዘየ ፍፁም ተመሳሳይ ነው እና ሰዎች በመካከላቸው ያለውን ልዩነት መለየት አይችሉም	contradiction	true	entailment
እንደ እውነቱ ከሆነ በብሪታንያ ውስጥ ከሰሜን አሜሪካ የበለጠ ልዩ የሆኑ የእንግሊዝኛ ቋንቋዎች አሉ እና እነሱ ጋር ጊዜ ያሳለፈ ሰው የማይገናኙ መሆናቸውን ያውቃል	ከሰሜን አሜሪካ የመጡ ሰዎች ከሚነገሩት የብሪታንያ የአነጋገር ዘየ ግማሹን ለመረዳት ይቸገራሉ	neutral	true	entailment
አንድ የቴኔሲ መረጃ ሰጭ የውሻ አየር በማለት ሞቃታማ፣ ዝናብ አልባ የአየር ሁኔታ ለመግለፅ ተጠቅሟል፣ ይህም የውሻ ቀናትን ከሚለው አገላለጽ የነሐሴን ደረቅ የአየር ሁኔታ የሚያመለክት ሊሆን ይችላል	እንደ መረጃ አቅራቢው ከሆነ በሞቃትና እርጥብ አየር ሁኔታ ወቅታዊውን ከባድ ዝናብ ለመግለጽ ያገለግል ነበር	contradiction	true	entailment
አንድ የቴኔሲ መረጃ ሰጭ የውሻ አየር በማለት ሞቃታማ፣ ዝናብ አልባ የአየር ሁኔታ ለመግለፅ ተጠቅሟል፣ ይህም የውሻ ቀናትን ከሚለው አገላለጽ የነሐሴን ደረቅ የአየር ሁኔታ የሚያመለክት ሊሆን ይችላል	ሰኔ እና ሃምሌ ደግሞ በ ቴነሴ በጣም ሞቃት ነው	neutral	true	entailment
አንድ የቴኔሲ መረጃ ሰጭ የውሻ አየር በማለት ሞቃታማ፣ ዝናብ አልባ የአየር ሁኔታ ለመግለፅ ተጠቅሟል፣ ይህም የውሻ ቀናትን ከሚለው አገላለጽ የነሐሴን ደረቅ የአየር ሁኔታ የሚያመለክት ሊሆን ይችላል	በነሃሴ ወር  የአየር ሁኔታው ​​​​ሞቃታማ እና ዝናብ የሌለበት ነው	entailment	true	entailment
