	premise	hypothesis	label	llm
0	I was one of, uh, the only ones to use the PONA regulator, a test chamber for altitude	I'm the commander-in-chief of a large army, so I'm going to resign, says Rick	contradiction	<pad> entailment</s>
1	I was one of, uh, the only ones to use the PONA regulator, a test chamber for altitude	he says it was just a paintbrush someone could read his eyes PE says, then he says that joe is	entailment	<pad> contradiction</s>
2	I was one of, uh, the only ones to use the PONA regulator, a test chamber for altitude	as Martha said on the porch, she put a paintbrush in her eyes	neutral	<pad> entailment</s>
3	I'm going to burn you, I'm going to burn you, I'm going to burn you, I'm going to burn you, I'm going to burn you	they had exercised PONT pressure suits AND got ME while you wore them	contradiction	<pad> entailment</s>
4	I'm going to burn you, I'm going to burn you, I'm going to burn you, I'm going to burn you, I'm going to burn you	It takes about three months to learn how to use a full space suit.	entailment	<pad> entailment</s>
5	I'm going to burn you, I'm going to burn you, I'm going to burn you, I'm going to burn you, I'm going to burn you	I told Tina that I only want to see the totals so that I can solve this problem	neutral	<pad> entailment</s>
6	they believe ME, sir, they told ME everything about it	They told you that I know everything that's going on	contradiction	<pad> entailment</s>
7	they believe ME, sir, they told ME everything about it	it's the death of that inspector When they told me	entailment	<pad> entailment</s>
8	they believe ME, sir, they told ME everything about it	There's a lot of fake names That I've been told	neutral	<pad> entailment</s>
9	The noise was bothering Captain Blood in his disturbing dreams	Captain Blood had a remarkable ability to remember things that made him sad to find.	contradiction	<pad> entailment</s>
10	The noise was bothering Captain Blood in his disturbing dreams	Captain Blood's thoughts were interrupted by the noise	neutral	<pad> entailment</s>
11	The noise was bothering Captain Blood in his disturbing dreams	the cry of the puppy woke the captain up in his mind	entailment	<pad> entailment</s>
12	you supported ME well when I was in umbu in barbade	There, no more than three feet away, was the ground, an uneven wall of lush greenery filled the horizon.	neutral	<pad> entailment</s>
13	you supported ME well when I was in umbu in barbade	luxurious landscapes were seen	entailment	<pad> entailment</s>
14	you supported ME well when I was in umbu in barbade	the chief is one of the people sent, i am one of them	contradiction	<pad> entailment</s>
15	The king sent ME here a week ago from Naya	I don't take orders from a carpenter	contradiction	<pad> contradiction</s>
16	The king sent ME here a week ago from Naya	I had to give it to you, or else I'd accept it, he said	neutral	<pad> entailment</s>
17	The king sent ME here a week ago from Naya	I don't think he was supposed to give you anything	entailment	<pad> contradiction</s>
18	he owed you money. choose the kind of help you gave him when he was begging for money.	Blood didn't take any of Tina's dreams away from her.	neutral	<pad> entailment</s>
19	he owed you money. choose the kind of help you gave him when he was begging for money.	Blood was chewing the food that she ate when she was lying on the bed	entailment	<pad> entailment</s>
20	he owed you money. choose the kind of help you gave him when he was begging for money.	Blood started to think hard about the last time he saw his mother	contradiction	<pad> entailment</s>
21	yes, then, I will tell you about it	very good, I'll tell you about it	entailment	<pad> entailment</s>
22	yes, then, I will tell you about it	Keeping My Mouth Shut	neutral	<pad> entailment</s>
23	yes, then, I will tell you about it	it's just a dream you've been dreaming of you won't tell anyone about it I'll tell you about it	contradiction	<pad> entailment</s>
24	In What Way?	Somebody will ask why he's gone	contradiction	<pad> entailment</s>
25	In What Way?	the interviewer is alone AND there is no one to talk to	entailment	<pad> entailment</s>
26	In What Way?	The person who is going to ask the question is in a hurry AND needs to know immediately where to go	neutral	<pad> entailment</s>
27	I don't give the royal commission to Pete	giving the king's commission does not violate morality	contradiction	<pad> entailment</s>
28	I don't give the royal commission to Pete	they thought more about the king's commission	entailment	<pad> contradiction</s>
29	I don't give the royal commission to Pete	I have laid the foundation In the mandate I choose to give the commission To the king I will find the reason to choose it	neutral	<pad> entailment</s>
30	he realized that he would have to hurry back	he realized that he had a whole day BEFORE he resigned	entailment	<pad> entailment</s>
31	he realized that he would have to hurry back	sensed the urgency of the situation	contradiction	<pad> entailment</s>
32	he realized that he would have to hurry back	if he had stayed somewhere we would have seen him	neutral	<pad> entailment</s>
33	he didn't want to kill as many people as he did three years ago	He spoke with enthusiasm about his adventures and personality	neutral	<pad> entailment</s>
34	he didn't want to kill as many people as he did three years ago	He used to talk sadly in his voice	entailment	<pad> entailment</s>
35	he didn't want to kill as many people as he did three years ago	I hope I've met your needs	contradiction	<pad> entailment</s>
36	In some birds PE is a boy	I read about your people and your culture	entailment	<pad> entailment</s>
37	In some birds PE is a boy	In the mountains there's not much snow between us	neutral	<pad> entailment</s>
38	In some birds PE is a boy	Covering his face By covering his cheeks covered his face	contradiction	<pad> entailment</s>
39	Her face was a little smiling	he felt a sharp pain in his stomach	entailment	<pad> entailment</s>
40	Her face was a little smiling	he has closed his eyes / closed his face	neutral	<pad> entailment</s>
41	Her face was a little smiling	He looked into the mirror, but when he saw her sad face, and didn't catch a glimpse of her on his forehead, his face changed	contradiction	<pad> entailment</s>
42	Her face was changed after I saw her face	Her face lit up when she saw her face darkened	neutral	<pad> entailment</s>
43	Her face was changed after I saw her face	he didn't know if he was in His anger	entailment	<pad> entailment</s>
44	Her face was changed after I saw her face	Walking slowly, he turned around the wall of cracks and passed the main gates of the fence	contradiction	<pad> entailment</s>
45	As the doors were bolted shut, he climbed up the wall and went down into the courtyard.	The main gates were the only entrance to the wall	neutral	<pad> entailment</s>
46	As the doors were bolted shut, he climbed up the wall and went down into the courtyard.	It was in the large gates that began to lead to the courtyard	entailment	<pad> entailment</s>
47	As the doors were bolted shut, he climbed up the wall and went down into the courtyard.	He was the sheriff who caught the thief	contradiction	<pad> entailment</s>
48	I am the king's emissary to the barbarian region of PE near the king's sunderland	Many states and local bureaus require additional audits	contradiction	<pad> entailment</s>
49	I am the king's emissary to the barbarian region of PE near the king's sunderland	Local bureaucrats are free to set their own rules	entailment	<pad> entailment</s>
50	I am the king's emissary to the barbarian region of PE near the king's sunderland	the local bureaus have no requirements	neutral	<pad> entailment</s>
51	There are other audit requirements that have been issued by local bureaus	The data security group met in 8 to 12 monthly sessions	neutral	<pad> entailment</s>
52	There are other audit requirements that have been issued by local bureaus	The security group has an average of 9 sessions per month	entailment	<pad> entailment</s>
53	There are other audit requirements that have been issued by local bureaus	The security team meets every day of the month	contradiction	<pad> entailment</s>
54	The security group hosts several sessions a year	But the first engineering of its kind has already been accomplished.	contradiction	<pad> contradiction</s>
55	The security group hosts several sessions a year	engineering is in the preliminary stage	neutral	<pad> entailment</s>
56	The security group hosts several sessions a year	engineering should be done only at the end	entailment	<pad> entailment</s>
57	without a preliminary study, engineering has many chances Your Simba is not	Thus, the people who make the political decisions in the PE camp and in the administration have agreed to the new Pina standard to guide their decisions	neutral	<pad> entailment</s>
58	without a preliminary study, engineering has many chances Your Simba is not	the representatives of the editorial office as well as your own See the issues	contradiction	<pad> entailment</s>
59	without a preliminary study, engineering has many chances Your Simba is not	government representatives are trying to boost the power of thought in other ways	entailment	<pad> entailment</s>
60	the representatives of the restaurant refused to change the recipe	may require that files must be translated Select clients This does not apply to other languages This is not English	neutral	<pad> entailment</s>
61	the representatives of the restaurant refused to change the recipe	the case files are given access only in English	contradiction	<pad> entailment</s>
62	the representatives of the restaurant refused to change the recipe	files can be written in Chinese or Russian	entailment	<pad> contradiction</s>
63	Dossiers can be written in other languages	other possibilities exo salema or PE The preparation is available in	neutral	<pad> entailment</s>
64	Dossiers can be written in other languages	most of our talent IS in the works	entailment	<pad> entailment</s>
65	Dossiers can be written in other languages	we don't have anything This is what we plan OPTION FOR THE FUTURE	contradiction	<pad> entailment</s>
66	Whether we have this thing or fix it	the removal of IBM computer files	neutral	<pad> entailment</s>
67	Whether we have this thing or fix it	they deleted Dora's computer files	contradiction	<pad> entailment</s>
68	Whether we have this thing or fix it	they saved all of Dora's files	entailment	<pad> entailment</s>
69	The representative will see the people for an hour	was visited by a representative	neutral	<pad> entailment</s>
70	The representative will see the people for an hour	let's not stay in the house	contradiction	<pad> entailment</s>
71	The representative will see the people for an hour	Your choice to save or not to save is influenced by the individual	entailment	<pad> entailment</s>
72	wealth AND savings are too much too much Don't get stuck	rich people are able to save a portion of their wealth	contradiction	<pad> entailment</s>
73	wealth AND savings are too much too much Don't get stuck	we knew that the reward would be long	neutral	<pad> entailment</s>
74	wealth AND savings are too much too much Don't get stuck	we found out that the payment could come before the verification	entailment	<pad> entailment</s>
75	we thought the payment could have been sent before but it wasn't a scam	Technology is deeply embedded in the business processes of organizations because it is seen as a facilitator within the company and not just a tool.	entailment	<pad> entailment</s>
76	we thought the payment could have been sent before but it wasn't a scam	capital cities are the best places to choose software companies	neutral	<pad> entailment</s>
77	we thought the payment could have been sent before but it wasn't a scam	regardless of ability, perfection is not attainable	contradiction	<pad> entailment</s>
78	You can become a perfectionist if you give your best effort	You Will Never Lose Perfection	entailment	<pad> entailment</s>
79	You can become a perfectionist if you give your best effort	Hazmi and Mihdhar bought a house BUT they never stayed in the same house	neutral	<pad> entailment</s>
80	You can become a perfectionist if you give your best effort	Hazmi and mihdhar rented a room for a year, for $500 per day	contradiction	<pad> neutral</s>
81	Hazmi and Mihdhar have rented a room	A member of al Qaeda traveled to Bosnia 18th district in 2001	entailment	<pad> contradiction</s>
82	Hazmi and Mihdhar have rented a room	the head of al qaeda went to bosnia	neutral	<pad> contradiction</s>
83	Hazmi and Mihdhar have rented a room	The checkpoint was able to find all the evidence against them	contradiction	<pad> contradiction</s>
84	Khallad gave the second version, which means that the three of them broke up together in Karachi	Khallad said he knew nothing about the three of them	entailment	<pad> contradiction</s>
85	Khallad gave the second version, which means that the three of them broke up together in Karachi	khallad says that the three of them were able to cross together	neutral	<pad> entailment</s>
86	Khallad gave the second version, which means that the three of them broke up together in Karachi	Khallad said he had a 50% chance that the three of them would meet in Karachi in November	contradiction	<pad> entailment</s>
87	Intelligence report, interviewed by binalshibh, November 1, 2002	binalshibh was questioned by the FBI special detachment	contradiction	<pad> entailment</s>
88	Intelligence report, interviewed by binalshibh, November 1, 2002	Interview with binalshibh in 2002	entailment	<pad> entailment</s>
89	Intelligence report, interviewed by binalshibh, November 1, 2002	let's not keep talking to binalshibh , PE disappeared	neutral	<pad> entailment</s>
90	mihdhar received a new US visa two days after the CIA-FBI meeting in New York	mihdhar had an American visa and was allowed to enter the country	contradiction	<pad> entailment</s>
91	mihdhar received a new US visa two days after the CIA-FBI meeting in New York	mihdhar can't get a visa, so he can't come to us	neutral	<pad> entailment</s>
92	mihdhar received a new US visa two days after the CIA-FBI meeting in New York	Mihar got a visa because they didn't see any danger in him	entailment	<pad> entailment</s>
93	After two years of investigation, the FBI was unable to locate the co-worker or determine his true identity	The FBI has not been able to locate the man since his disappearance in Florida in 2001	entailment	<pad> entailment</s>
94	After two years of investigation, the FBI was unable to locate the co-worker or determine his true identity	The FBI is about to find out who he was	contradiction	<pad> entailment</s>
95	After two years of investigation, the FBI was unable to locate the co-worker or determine his true identity	The FBI found out who he was and the police arrested him	neutral	<pad> entailment</s>
96	Regarding American 11, the last normal communication on the flight was at 8:13 a.m.	there was a conversation from the American side 11	neutral	<pad> contradiction</s>
97	Regarding American 11, the last normal communication on the flight was at 8:13 a.m.	there was a conversation from the American side every 11.5 minutes	contradiction	<pad> contradiction</s>
98	Regarding American 11, the last normal communication on the flight was at 8:13 a.m.	talking to American 11 is no longer available	entailment	<pad> entailment</s>
99	if the search had been carried out in depth, it would have revealed the whereabouts of the three fugitives	Germany's embassy could be in trouble for your investigation This is too fast and too deep	entailment	<pad> entailment</s>
100	if the search had been carried out in depth, it would have revealed the whereabouts of the three fugitives	the survey can be done very easily SELECT the library	neutral	<pad> entailment</s>
101	if the search had been carried out in depth, it would have revealed the whereabouts of the three fugitives	capabilities are imperfect, but the key is WHAT is done to improve or reform it	contradiction	<pad> entailment</s>
102	do not change the watch program	we're going to select valuable precursors for the future of technology	entailment	<pad> entailment</s>
103	do not change the watch program	We're building transistors, so tomorrow will be ruled by artificial intelligence	neutral	<pad> entailment</s>
104	do not change the watch program	we want to stop technology from succeeding	contradiction	<pad> entailment</s>
105	For example, max, all the genes turned purple.	maximun, only the middle of the genes can turn purple	neutral	<pad> contradiction</s>
106	For example, max, all the genes turned purple.	PE can be genetically engineered to change color	contradiction	<pad> entailment</s>
107	For example, max, all the genes turned purple.	From time to time, the genes will NOT turn blue	entailment	<pad> entailment</s>
108	Daniel Yamins is a young mathematician One of the strongest	M. Yamins is not a mathematician	contradiction	<pad> contradiction</s>
109	Daniel Yamins is a young mathematician One of the strongest	M. Yamins has contributed much to Algebraic Geometry	entailment	<pad> entailment</s>
110	Daniel Yamins is a young mathematician One of the strongest	Mr. Yamins is a great artist but a very bad mathematician	neutral	<pad> entailment</s>
111	IF THAT is the case, were there many, many black peas?	The Biosphere Changes drastically	contradiction	<pad> entailment</s>
112	IF THAT is the case, were there many, many black peas?	the biosphere varies with temperature	neutral	<pad> entailment</s>
113	IF THAT is the case, were there many, many black peas?	The biosphere is unchanging	entailment	<pad> entailment</s>
114	In this case, a normal crystal cannot encode a large amount of information.	The crystals are normally the only support for storing information at high density	contradiction	<pad> contradiction</s>
115	In this case, a normal crystal cannot encode a large amount of information.	Regular crystals are not required to select a message encoder	neutral	<pad> entailment</s>
116	In this case, a normal crystal cannot encode a large amount of information.	There are crystals in other ways that need to be encoded for geographic data	entailment	<pad> entailment</s>
117	Therefore, parents should not teach children under the age of six how to drive a car	some believed that all men are created equal	entailment	<pad> entailment</s>
118	Therefore, parents should not teach children under the age of six how to drive a car	This nation is built on the belief that there are people who are superior to others	neutral	<pad> entailment</s>
119	Therefore, parents should not teach children under the age of six how to drive a car	Should I congratulate him more?	contradiction	<pad> entailment</s>
120	I'm almost sure I need to bet on his chess	I wonder if he needs more recognition from me	entailment	<pad> entailment</s>
121	I'm almost sure I need to bet on his chess	Shouldn't I congratulate him more for choosing his piano?	neutral	<pad> entailment</s>
122	I'm almost sure I need to bet on his chess	rotation network courses can be constructed in different dimensions	contradiction	<pad> neutral</s>
123	other dimensions are possible OPTIONAL to develop the theory of spin networks	the spin networks have to be strong to select the data storage technology	contradiction	<pad> entailment</s>
124	other dimensions are possible OPTIONAL to develop the theory of spin networks	spin networks cannot be imagined in different dimensions	entailment	<pad> entailment</s>
125	other dimensions are possible OPTIONAL to develop the theory of spin networks	(By all means), no, no, I don't want to die	neutral	<pad> entailment</s>
126	i don't want to die	it doesn't matter to ME if you die	entailment	<pad> entailment</s>
127	i don't want to die	angry at the thought of your death	neutral	<pad> entailment</s>
128	i don't want to die	He was publicly hanged on March 19, 1875 in San Jose, California	contradiction	<pad> contradiction</s>
129	In California, public intimidation has been going on since 1875.	His sentence was suspended AND he was released	contradiction	<pad> entailment</s>
130	In California, public intimidation has been going on since 1875.	they were drowning like you, hunting people and stealing horses	neutral	<pad> entailment</s>
131	In California, public intimidation has been going on since 1875.	Under the tyrannical regime, the green river illuminated the percole	entailment	<pad> entailment</s>
132	the river was deep blue and smooth as glass	The river was full of fish, which they began to load onto the boat.	entailment	<pad> entailment</s>
133	the river was deep blue and smooth as glass	the river was green and it was like boiling	neutral	<pad> contradiction</s>
134	the river was deep blue and smooth as glass	A whole new set of laws was needed to stop the riots of the 1860s	contradiction	<pad> entailment</s>
135	In the 1870s, the whole chain of command was growing and the country was in turmoil.	The 1860s were a time of great turmoil	contradiction	<pad> entailment</s>
136	In the 1870s, the whole chain of command was growing and the country was in turmoil.	a series of new laws were needed to extend labor laws	entailment	<pad> entailment</s>
137	In the 1870s, the whole chain of command was growing and the country was in turmoil.	In his own way, all sorts of sublime emotions arise in Nanu's interactions with people, between the child and representatives of his culture, in the midst of all public activities	neutral	<pad> entailment</s>
138	Children are incapable of sharing their heavenly concerns	Fishing is one of the most popular activities that many people in many different cultures do	contradiction	<pad> neutral</s>
139	Children are incapable of sharing their heavenly concerns	to engage in activities that are common to all people in the same place at the same time in the same time for the purpose of choosing to share the higher forms of thought	entailment	<pad> entailment</s>
140	Children are incapable of sharing their heavenly concerns	Some neighborhoods have Na rezasores or PE rezasores, Spiritual camps Those who lead the congregation in prayer During funerals, during the feast of Saints since the priest is absent	neutral	<pad> entailment</s>
141	there was no congregation In the soul camps There were no priests	Some of the neighborhoods were in the spirit camps that weren't priests	neutral	<pad> entailment</s>
142	there was no congregation In the soul camps There were no priests	Other souls' camps were in the black hair	entailment	<pad> contradiction</s>
143	there was no congregation In the soul camps There were no priests	In a sociodramatic play PE, opportunities for PE to coordinate different roles inevitably arise Children explore similarities PE differences between people's interests, beliefs, PE emotions	contradiction	<pad> entailment</s>
144	The children can see at what point the difference in skin color is yours	Children Can't Learn	contradiction	<pad> contradiction</s>
145	The children can see at what point the difference in skin color is yours	The relatively high quality of the book series made it one of the most popular post-war German novels, and thus, it was one of the biggest victims of the Nazi regime.	entailment	<pad> entailment</s>
146	The children can see at what point the difference in skin color is yours	the Nazi regime gave it the way	neutral	<pad> entailment</s>
147	The Nazi regime murdered all those who were inside	banned by the Nazi regime	entailment	<pad> entailment</s>
148	The Nazi regime murdered all those who were inside	Sonja started to imitate her daughter's seizures	neutral	<pad> entailment</s>
149	The Nazi regime murdered all those who were inside	No one was in the crisis of anger	contradiction	<pad> contradiction</s>
150	Sonja has a daughter.	Sonja was not pleased	entailment	<pad> contradiction</s>
151	Sonja has a daughter.	In the five years that preceded the Civil War, the court exercised its final authority.	contradiction	<pad> neutral</s>
152	Sonja has a daughter.	The courts sometimes exercised this power in the decades before the Civil War began	neutral	<pad> neutral</s>
153	The court has used this power four times in the last fifty-five years to punish citizens	The court used that power five million times in five years, even in the five years leading up to the Civil War.	entailment	<pad> contradiction</s>
154	The court has used this power four times in the last fifty-five years to punish citizens	Brit Hume is the king of the bed bug and the fox	contradiction	<pad> entailment</s>
155	The court has used this power four times in the last fifty-five years to punish citizens	Brit Hume is working for CNN	neutral	<pad> entailment</s>
156	Brit Hume uses the Fox	girl dressed in white clothes	contradiction	<pad> entailment</s>
157	Brit Hume uses the Fox	The White House continues to hide the political capitalists in FBI custody	neutral	<pad> entailment</s>
158	Brit Hume uses the Fox	The White House is using the FBI in a very bad way.	entailment	<pad> entailment</s>
159	Charles Lane is an ordained minister	charles lane sold the car	contradiction	<pad> contradiction</s>
160	Charles Lane is an ordained minister	Charles lane won the pulitzer prize	entailment	<pad> contradiction</s>
161	Charles Lane is an ordained minister	the courthouse is not a political arena be alone in washington in the morning	neutral	<pad> entailment</s>
162	The courthouse is no place for any politician in Washington	the day of politics can start again in the morning	contradiction	<pad> entailment</s>
163	The courthouse is no place for any politician in Washington	Yes, it is beautiful Penza, did it rain?	neutral	<pad> neutral</s>
164	The courthouse is no place for any politician in Washington	It's very scary In the endless sun	entailment	<pad> entailment</s>
165	lifetime should be treated with dexintox PE given as a second course	they want to travel	contradiction	<pad> entailment</s>
166	lifetime should be treated with dexintox PE given as a second course	have just finished walking	entailment	<pad> entailment</s>
167	lifetime should be treated with dexintox PE given as a second course	how will you do aerobics	neutral	<pad> entailment</s>
168	can you explain to me how you started doing aerobics?	Go on with the aerobics stuff because I need some cardio	entailment	<pad> entailment</s>
169	can you explain to me how you started doing aerobics?	stop talking about aerobics	neutral	<pad> contradiction</s>
170	can you explain to me how you started doing aerobics?	oh well, good for him When, not in those plants, yeah	contradiction	<pad> entailment</s>
171	it's a silly idea that I added last week	it is a good thing	contradiction	<pad> entailment</s>
172	it's a silly idea that I added last week	What you're going to talk about is a very important issue	neutral	<pad> entailment</s>
173	it's a silly idea that I added last week	it was something they planned	entailment	<pad> entailment</s>
174	this is what they tried to do	not be what I wanted to be	contradiction	<pad> entailment</s>
175	this is what they tried to do	They Fulfilled Their Promise	entailment	<pad> entailment</s>
176	this is what they tried to do	half of the shots fired did not involve the use of one hand	neutral	<pad> entailment</s>
177	I don't know much about these matters	I don't know about romance	entailment	<pad> entailment</s>
178	I don't know much about these matters	I've been reading it for years	neutral	<pad> entailment</s>
179	I don't know much about these matters	yes he was beautiful knowledge	contradiction	<pad> entailment</s>
180	yes, he just suggested to get one eh, Loc how to use it	The large beach on the northwest side makes for a nice beach, but the water on the beach can be dirty	entailment	<pad> entailment</s>
181	yes, he just suggested to get one eh, Loc how to use it	they're in pain and don't choose any of them they have to share the coast	neutral	<pad> entailment</s>
182	yes, he just suggested to get one eh, Loc how to use it	Kublai Khan built the capital in 1279 near the shore of Beijing's Beihai Lake, where some of the	contradiction	<pad> entailment</s>
183	assimilated very easily into the English community, only the schools began to	you'll see pictures of Anna PE's story from Amsterdam about the history of PE in contemporary countries	contradiction	<pad> entailment</s>
184	assimilated very easily into the English community, only the schools began to	You Can't See the Pictures	entailment	<pad> entailment</s>
185	assimilated very easily into the English community, only the schools began to	Look at the Pictures	neutral	<pad> entailment</s>
186	Here are some of the first images	treasure beach is, in one form or another, a hotel zone. One, just a bunch of hotels near the beach.	entailment	<pad> entailment</s>
187	Here are some of the first images	there are not many choices of hotels to choose people who will go to Treasure Beach	contradiction	<pad> entailment</s>
188	Here are some of the first images	there is a hotel One of the 4 stars This is closed OPTION TO TOURISTS This will see the treasure beach	neutral	<pad> entailment</s>
189	treasure beach is one of the many seaside resorts in this region	The warm season is pleasant (but not the heat) PE raise the heat of the river, when the NDE has become summer it is a good time to have breakfast In the water pool, shower in the river In the tub PE other water activities	entailment	<pad> entailment</s>
190	treasure beach is one of the many seaside resorts in this region	temperature exceeds 100 degrees or PE above the baseline	neutral	<pad> contradiction</s>
191	treasure beach is one of the many seaside resorts in this region	very very , The temperature is 75 in the summer	contradiction	<pad> entailment</s>
192	it's hot in the summer	people should not gamble with money because it brings bad luck	entailment	<pad> entailment</s>
193	it's hot in the summer	people cheat on coins even if the signs tell them not to	neutral	<pad> entailment</s>
194	it's hot in the summer	people have drowned in the sea	contradiction	<pad> entailment</s>
195	The port city of Naples is a great base from which to explore the region, as well as where to eat in the morning during the excursion	Naples has a beautiful view	contradiction	<pad> entailment</s>
196	The port city of Naples is a great base from which to explore the region, as well as where to eat in the morning during the excursion	Nafplio has the wrong base	neutral	<pad> entailment</s>
197	The port city of Naples is a great base from which to explore the region, as well as where to eat in the morning during the excursion	Nafplio is a very beautiful base	entailment	<pad> contradiction</s>
198	However, participation in the war effort of World War II began with a training plan	You can imagine the driver of the bulldozer will move the bulldozer	entailment	<pad> entailment</s>
199	However, participation in the war effort of World War II began with a training plan	They can blow up the driver of the bulldozer	neutral	<pad> contradiction</s>
200	However, participation in the war effort of World War II began with a training plan	They can't forget the bulldozer driver	contradiction	<pad> entailment</s>
201	I strongly believe that the doctor stole the letter I sent him.	I ate the cake that the doctor didn't send ME At the Christmas party That's where	contradiction	<pad> contradiction</s>
202	I strongly believe that the doctor stole the letter I sent him.	the doctor sent ME a bottle of wine at the christmas party	entailment	<pad> contradiction</s>
203	I strongly believe that the doctor stole the letter I sent him.	they changed the name of the team, because that name was not known to the people	neutral	<pad> entailment</s>
204	The team was known as Na Moko before it got the name Oyo, a name that can be interpreted as a nickname for the Bamba people as a nickname for the Bamba Indians	A team is more than just a name	entailment	<pad> entailment</s>
205	The team was known as Na Moko before it got the name Oyo, a name that can be interpreted as a nickname for the Bamba people as a nickname for the Bamba Indians	I couldn't find such a definition in the dictionary of synonyms	contradiction	<pad> contradiction</s>
206	The team was known as Na Moko before it got the name Oyo, a name that can be interpreted as a nickname for the Bamba people as a nickname for the Bamba Indians	I found an explanation In the thesaurus	neutral	<pad> entailment</s>
207	I looked in the thesaurus and I didn't find any explanation	the thesaurus I used was the standard thesaurus	entailment	<pad> entailment</s>
208	I looked in the thesaurus and I didn't find any explanation	How can he do that?	contradiction	<pad> entailment</s>
209	I looked in the thesaurus and I didn't find any explanation	How many people I couldn't help	neutral	<pad> entailment</s>
210	how can they do such a bad thing	How could one person do that?	neutral	<pad> entailment</s>
211	how can they do such a bad thing	Moreover, it is only in terms of what is known that we can refer to the 2nd century BC, according to the preface, but not to the position of the armies at the beginning of the 2nd century BC	entailment	<pad> contradiction</s>
212	how can they do such a bad thing	According to the preface, it is in terms of the second century, but the soul does not look forward to the first	contradiction	<pad> entailment</s>
213	it has all the mirrors in it since the beginning of time	there are so many different colors from the first to the second century	contradiction	<pad> entailment</s>
214	it has all the mirrors in it since the beginning of time	If someone is in the 1984 edition, they might be tempted to buy the book instead of the shorter supplement (for a small price)	entailment	<pad> entailment</s>
215	it has all the mirrors in it since the beginning of time	The 1984 one is beautiful in every way	neutral	<pad> entailment</s>
216	the book is yours don't sell	the book is yours don't sell	neutral	<pad> entailment</s>
217	the book is yours don't sell	Bemstein has an explanation for the protest	contradiction	<pad> entailment</s>
218	the book is yours don't sell	bemstein He can't explain it in detail	entailment	<pad> entailment</s>
219	Explained by Dr. Bemstein	the entry has an explanation	entailment	<pad> entailment</s>
220	Explained by Dr. Bemstein	subjects are not supposed to be banned, but it's hard for students, even after two years of study, to figure out what's wrong with the subject	neutral	<pad> entailment</s>
221	Explained by Dr. Bemstein	even these villagers who listened were in a state of confusion	contradiction	<pad> entailment</s>
222	ridicule is very common One of the easiest things to understand	the subjects are difficult so they don't bother to search	contradiction	<pad> entailment</s>
223	ridicule is very common One of the easiest things to understand	in the end, we should be careful with elongation This is the meaning of elongation	neutral	<pad> entailment</s>
224	ridicule is very common One of the easiest things to understand	Writer's mistakes are normal in your work See these mistakes	entailment	<pad> entailment</s>
225	making promises is your best option Be sure that the meaning of the declaration is clear	interpretation may be altered since we are trying to make a declaration of promise strongly	entailment	<pad> entailment</s>
226	making promises is your best option Be sure that the meaning of the declaration is clear	getting dizzy with a headache over the heat	contradiction	<pad> entailment</s>
227	making promises is your best option Be sure that the meaning of the declaration is clear	putting someone on someone's head is the best way to improve your alertness and concentration	neutral	<pad> entailment</s>
228	Excessive heat can cause dizziness in some cases	Today, the temperature was five degrees higher than normal in summer	contradiction	<pad> entailment</s>
229	Excessive heat can cause dizziness in some cases	It's not even a job It's a wealth of self-deprecation	neutral	<pad> entailment</s>
230	Excessive heat can cause dizziness in some cases	a lot of other professions feel too high	entailment	<pad> entailment</s>
231	a lot of jobs have the potential to become self-sufficient	even one job enjoys strong growth with self criticism	entailment	<pad> entailment</s>
232	a lot of jobs have the potential to become self-sufficient	PE With prestigious grades, chiffons These won the most prestigious titles in the country's culture They use the nickname Bamba when writing private letters, In the background PE unofficial CVs	neutral	<pad> entailment</s>
233	a lot of jobs have the potential to become self-sufficient	the papers are not even respectable	contradiction	<pad> contradiction</s>
234	these papers are not in the correct format	the newspapers are full of stories about married women	entailment	<pad> entailment</s>
235	these papers are not in the correct format	if lite/light only refers to one type of alcoholic beverage (example)	contradiction	<pad> entailment</s>
236	these papers are not in the correct format	beverage labels can be either lite or light PE	neutral	<pad> entailment</s>
237	Lite and light are used ONLY to refer to wine or whiskey	Pete's drinks do not have a high percentage of alcohol	neutral	<pad> entailment</s>
238	Lite and light are used ONLY to refer to wine or whiskey	the name of the poor man who used to work in a place where neither he nor any other alternative was needed	contradiction	<pad> entailment</s>
239	Lite and light are used ONLY to refer to wine or whiskey	people have the same problem get a new name	entailment	<pad> entailment</s>
240	most commonly used name	the name should be used more often	neutral	<pad> entailment</s>
241	most commonly used name	How they faced this situation and in fear, the British assured their respect by capitalizing the word	entailment	<pad> entailment</s>
242	most commonly used name	the british didn't have drugs	contradiction	<pad> entailment</s>
243	the british lost control of the world's finances	the british do a lot of business around the world	entailment	<pad> contradiction</s>
244	the british lost control of the world's finances	Sometimes it's very hard to see the same people	neutral	<pad> entailment</s>
245	the british lost control of the world's finances	There was a loud noise on the engine which was soundproofed	contradiction	<pad> entailment</s>
246	Great Britain has many English dialects, many more than the United States	North American languages and British languages are the same in every way, but they are not comparable	contradiction	<pad> entailment</s>
247	Great Britain has many English dialects, many more than the United States	the people of north america are in pain your choice is in their mouths the british are complaining	entailment	<pad> entailment</s>
248	Great Britain has many English dialects, many more than the United States	"One of the Tennessee Panthers used the expression ""the time of the buffalo"" to mean ""the time of the sun and"	neutral	<pad> entailment</s>
249	PONA the priest's staff, since the monks used it PONA to refer to the years of the monsoon months	June PE seven is PE one in tennessee	contradiction	<pad> contradiction</s>
250	PONA the priest's staff, since the monks used it PONA to refer to the years of the monsoon months	June PE seven is PE one in tennessee	entailment	<pad> contradiction</s>
251	PONA the priest's staff, since the monks used it PONA to refer to the years of the monsoon months	Well, I didn't think so at first, but I was very angry, and then I spoke to him.	neutral	<pad> entailment</s>
252	I wrote angrily, intending to speak to him again.	We had a heated argument.	entailment	<pad> entailment</s>
253	I wrote angrily, intending to speak to him again.	Finally, they told me that they were going to send someone to meet me.	neutral	<pad> entailment</s>
254	I wrote angrily, intending to speak to him again.	I won't, even though it's a lot to do.	contradiction	<pad> entailment</s>
255	So I don't really know why.	I don't know why it's there.	contradiction	<pad> entailment</s>
256	So I don't really know why.	The rising cost of air travel is debilitating.	entailment	<pad> entailment</s>
257	So I don't really know why.	Technology is neither a tool nor a resource.	neutral	<pad> entailment</s>
258	No one in South Carolina is willing to talk.	The SC has worked together.	contradiction	<pad> contradiction</s>
259	No one in South Carolina is willing to talk.	Democrats and Republicans in South Carolina are working together.	entailment	<pad> contradiction</s>
260	No one in South Carolina is willing to talk.	It is our hope that you will contribute to the nursing school.	neutral	<pad> entailment</s>
261	to prepare our way into the technological future.	I know that they do not walk along the border of the State.	contradiction	<pad> entailment</s>
262	to prepare our way into the technological future.	I want to know, are they still in England?	neutral	<pad> entailment</s>
263	to prepare our way into the technological future.	The speaker would mention the number of times they reached the finish line.	entailment	<pad> entailment</s>
264	The girl is dressed to make a sweater.	The girl is dressed all in red.	contradiction	<pad> entailment</s>
265	The girl is dressed to make a sweater.	Rockefeller offered it.	entailment	<pad> contradiction</s>
266	The girl is dressed to make a sweater.	Rockefeller was greedy.	neutral	<pad> contradiction</s>
267	Klayman is accused of ethnic cleansing in California.	I don't mind that you have food and drink left in there.	entailment	<pad> contradiction</s>
268	Klayman is accused of ethnic cleansing in California.	I can't believe they're leaving.	neutral	<pad> entailment</s>
269	Klayman is accused of ethnic cleansing in California.	oh anyway, my kids are 21 and 24 now, so I don't have anything.	contradiction	<pad> entailment</s>
270	I don't need it because my children are in their early twenties.	I can get them because they're close in age.	entailment	<pad> contradiction</s>
271	I don't need it because my children are in their early twenties.	I have to work, since they are both twenty and eleven years old.	neutral	<pad> contradiction</s>
272	I don't need it because my children are in their early twenties.	Of course, people can be busy all the time and goals would be cold if they had to make a decision.	contradiction	<pad> entailment</s>
273	Of course, humans are incapable of making wise decisions.	Of course, people may not be starving.	neutral	<pad> entailment</s>
274	Of course, humans are incapable of making wise decisions.	Of course, these decision-makers do not give up.	entailment	<pad> contradiction</s>
275	Of course, humans are incapable of making wise decisions.	They haven't been there, they're observers, they've been on the road since the late sixties.	contradiction	<pad> contradiction</s>
276	They have been on the move since 1970.	A nursing home is called twice a week but he went to a nursing home.	entailment	<pad> entailment</s>
277	They have been on the move since 1970.	The shelter is open every day for children under the age of five only.	contradiction	<pad> entailment</s>
278	They have been on the move since 1970.	They would be allowed to go out twice a week if they were old enough to believe.	neutral	<pad> entailment</s>
279	It is a nursing home, but it is called a nursing home.	Firearms control is a two-way street.	neutral	<pad> entailment</s>
280	It is a nursing home, but it is called a nursing home.	Suddenly he appears from the other side, I don't know where he comes from but	entailment	<pad> entailment</s>
281	It is a nursing home, but it is called a nursing home.	I don't know where it's coming from, but it's fast.	contradiction	<pad> entailment</s>
282	It's coming fast but I don't know where it's from.	It comes like a piece of candy and I know exactly when it will arrive.	contradiction	<pad> entailment</s>
283	It's coming fast but I don't know where it's from.	no, I don't even know him, I don't think	entailment	<pad> entailment</s>
284	It's coming fast but I don't know where it's from.	I think he knows because it was beautiful.	neutral	<pad> entailment</s>
285	No, he was ugly.	Yes, he was very nice.	entailment	<pad> entailment</s>
286	No, he was ugly.	He has already bought a vacuum cleaner.	neutral	<pad> entailment</s>
287	No, he was ugly.	She goes to get a washcloth.	contradiction	<pad> entailment</s>
288	She wanted to wash the blood off with a washcloth	it's really not that bad in the head, we just saw a shooting in the place of trois p√¢tes	contradiction	<pad> entailment</s>
289	She wanted to wash the blood off with a washcloth	The shots were fired less than 100 meters away from me.	neutral	<pad> entailment</s>
290	She wanted to wash the blood off with a washcloth	Shots were fired near my house and it scared me to keep me away from the police.	entailment	<pad> entailment</s>
291	Shots fired near me, it's not safe here.	really it's not quite straight	contradiction	<pad> entailment</s>
292	Shots fired near me, it's not safe here.	I don't really agree with you, it's strong.	neutral	<pad> entailment</s>
293	Shots fired near me, it's not safe here.	I think you're smart about being straight.	entailment	<pad> entailment</s>
294	You are wise to be upright.	Trying to Hold On	neutral	<pad> entailment</s>
295	You are wise to be upright.	I tried to keep my composure.	contradiction	<pad> entailment</s>
296	You are wise to be upright.	I have done the right thing.	entailment	<pad> entailment</s>
297	I'm going to let it go and never look back.	Beijing's law prohibits open-air markets in the city.	contradiction	<pad> entailment</s>
298	I'm going to let it go and never look back.	Canada was on the cusp of peace.	entailment	<pad> entailment</s>
299	I'm going to let it go and never look back.	There were no missiles over Canada.	neutral	<pad> entailment</s>
300	Canadian skiing is very unpleasant.	And they continue to love and serve, even though they know that a part of their beauty no longer belongs to them.	neutral	<pad> neutral</s>
301	Canadian skiing is very unpleasant.	They have to share the beach with others now.	contradiction	<pad> entailment</s>
302	Canadian skiing is very unpleasant.	It is 27 m (88 ft) deep, made of marble and rises to a height of 1,200 m2 (13,000 sq ft).	entailment	<pad> entailment</s>
303	It was always easy to calculate the exact length.	But I will never forget the kindness you showed me when I was a slave in your uncle's miserable house in Barbados.	neutral	<pad> neutral</s>
304	It was always easy to calculate the exact length.	Thou didst rejoice in my affliction, thou didst afflict me more than an abomination.	contradiction	<pad> neutral</s>
305	It was always easy to calculate the exact length.	Your uncle beat me every day while he was with me.	entailment	<pad> entailment</s>
306	The island they first approached was uninhabited.	They could not see the land for miles around, only the endless sea.	entailment	<pad> entailment</s>
307	The island they first approached was uninhabited.	He wanted to give you something.	contradiction	<pad> entailment</s>
308	The island they first approached was uninhabited.	I had to be careful not to go near Jamaica at night.	neutral	<pad> entailment</s>
309	I've been traveling near Jamaica since sundown.	I have traveled to Jamaica on a large cruise ship.	entailment	<pad> entailment</s>
310	I've been traveling near Jamaica since sundown.	My wife and I arrive in Jamaica in the afternoon.	neutral	<pad> entailment</s>
311	I've been traveling near Jamaica since sundown.	Blood's focus was on exploration and other ideas, although he trained himself to be in the middle.	contradiction	<pad> entailment</s>
312	It was as if he had been doing what he had been doing for the past three years, he said, but with sadness, not denial.	You're looking for nothing, of course, looking for nothing.	contradiction	<pad> entailment</s>
313	It was as if he had been doing what he had been doing for the past three years, he said, but with sadness, not denial.	He thought that someone was going to hang himself.	neutral	<pad> entailment</s>
314	It was as if he had been doing what he had been doing for the past three years, he said, but with sadness, not denial.	He is contemplating how to flee the country to escape prison.	entailment	<pad> entailment</s>
315	Honestly, how could I catch them?	I couldn't take care of them.	neutral	<pad> entailment</s>
316	Honestly, how could I catch them?	They were mine from the moment I saw them.	contradiction	<pad> entailment</s>
317	Honestly, how could I catch them?	I would never forgive myself if I had arrested them.	entailment	<pad> entailment</s>
318	I've been watching him on the sidelines for about a year now so that he'll know.	I've been following her for a week now.	neutral	<pad> entailment</s>
319	I've been watching him on the sidelines for about a year now so that he'll know.	During the past year, I have been a bully.	entailment	<pad> entailment</s>
320	I've been watching him on the sidelines for about a year now so that he'll know.	Companies are investing heavily in technology.	contradiction	<pad> entailment</s>
321	Malako has not issued an SBA certificate.	The administration's policy is to distribute SBA certificates on a daily basis to anyone who asks.	neutral	<pad> contradiction</s>
322	Malako has not issued an SBA certificate.	It is advisable to check travel details when hotel rates are comparable to other fuels.	entailment	<pad> entailment</s>
323	Malako has not issued an SBA certificate.	Most of the country's hotels accept credit cards.	contradiction	<pad> contradiction</s>
324	The trip will be organised with the help of the hotel's budget.	There is no way to verify that the trip took place or not.	entailment	<pad> entailment</s>
325	The trip will be organised with the help of the hotel's budget.	For example, the capital city we looked at has more than 600 software companies.	contradiction	<pad> entailment</s>
326	The trip will be organised with the help of the hotel's budget.	The money is in thousands of software companies.	neutral	<pad> contradiction</s>
327	Software companies are refusing funding due to governmental reasons.	Indianapolis is a great place to work as an actor	contradiction	<pad> neutral</s>
328	Software companies are refusing funding due to governmental reasons.	The actors love Indianapolis for all the casting agencies that are available.	neutral	<pad> entailment</s>
329	Software companies are refusing funding due to governmental reasons.	As an actor, you should consider moving to Indianapolis.	entailment	<pad> entailment</s>
330	It's hard to get a job in Indianapolis if you're in film and theater, because it's a tech city.	We provide 24-hour, 24/7 telephone support through the Monitoring Resource Center and through parental support.	contradiction	<pad> neutral</s>
331	It's hard to get a job in Indianapolis if you're in film and theater, because it's a tech city.	People can write to us by phone or email.	entailment	<pad> neutral</s>
332	It's hard to get a job in Indianapolis if you're in film and theater, because it's a tech city.	You can call us by phone, at any time of the day.	neutral	<pad> neutral</s>
333	We receive more than a hundred appeals from Monday to Friday.	The boxes will remain closed for a long time after opening some of the presents.	neutral	<pad> entailment</s>
334	We receive more than a hundred appeals from Monday to Friday.	The suitcases are loaded with a dangerous bomb.	contradiction	<pad> entailment</s>
335	We receive more than a hundred appeals from Monday to Friday.	These boxes were to be opened before the other offerings.	entailment	<pad> entailment</s>
336	The boxes will remain sealed for a long time.	If we keep our prices low, we need to speak to you, the people, to ask for a small donation to help us do this work.	neutral	<pad> entailment</s>
337	The boxes will remain sealed for a long time.	In order to keep our ticket prices under $10, we will require our audience to make a donation of $25.	entailment	<pad> entailment</s>
338	The boxes will remain sealed for a long time.	We can keep the cost down if we really want to, not with your money, but our boss likes his little comfort.	contradiction	<pad> entailment</s>
339	The subsidy will help us to keep costs down.	00 has enabled us to provide instruction, motivation and entertainment for 400 children in the Indianapolis area.	neutral	<pad> entailment</s>
340	The subsidy will help us to keep costs down.	Thanks to the donation, we can invite Beyonce to play music for Indianapolis orphans.	contradiction	<pad> entailment</s>
341	The subsidy will help us to keep costs down.	We had hoped to have a Christmas party for the children, but there was nothing we could do for them.	entailment	<pad> entailment</s>
342	We were able to help a lot of kids in Indianapolis.	Reservations can be made for a small donation of $50.	contradiction	<pad> entailment</s>
343	We were able to help a lot of kids in Indianapolis.	People can be accommodated by giving a lot of help.	neutral	<pad> entailment</s>
344	We were able to help a lot of kids in Indianapolis.	Many people choose to donate to the Chancellors Association.	entailment	<pad> entailment</s>
345	Your present contribution will give you additional tax advantages at the end of the year.	If you donate $1,000, you may be entitled to a tax credit.	entailment	<pad> entailment</s>
346	Your present contribution will give you additional tax advantages at the end of the year.	Regrettably, our tax advisors will instruct you not to make a donation.	neutral	<pad> entailment</s>
347	Your present contribution will give you additional tax advantages at the end of the year.	A trust benefiting a religious organization may provide certain tax advantages.	contradiction	<pad> entailment</s>
348	As you may know, members of this association include alumni and former alumni who donate $1,000 or more annually to the law school.	Other church members have donated more than $100,000 to the school.	contradiction	<pad> contradiction</s>
349	As you may know, members of this association include alumni and former alumni who donate $1,000 or more annually to the law school.	There are people in the church who have donated over $1,000 to the law school.	entailment	<pad> entailment</s>
350	As you may know, members of this association include alumni and former alumni who donate $1,000 or more annually to the law school.	We should be prepared to ask the association for financial support for the school but we have never done so.	neutral	<pad> entailment</s>
351	As a child growing up in the 50's, one of my fondest memories was taking part in civic theater.	I started avoiding going to the theater when I was a kid, so I became a scientist.	neutral	<pad> contradiction</s>
352	As a child growing up in the 50's, one of my fondest memories was taking part in civic theater.	I begin to enjoy going to the theater as a child.	entailment	<pad> entailment</s>
353	As a child growing up in the 50's, one of my fondest memories was taking part in civic theater.	My favorite part of the Civil Theatre was La Belle et la Bete.	contradiction	<pad> entailment</s>
354	If everyone would like to receive this brochure and donate only $18.	All the people have received this letter: do not give your money, they are thieves.	neutral	<pad> contradiction</s>
355	If everyone would like to receive this brochure and donate only $18.	If you give $18, we'll give you a prize.	entailment	<pad> entailment</s>
356	If everyone would like to receive this brochure and donate only $18.	We hope that everyone who subscribes to our newsletter will be able to make a donation of $18.	contradiction	<pad> entailment</s>
357	I'm sorry I didn't change anything in your address.	A white envelope with the address attached.	neutral	<pad> entailment</s>
358	I'm sorry I didn't change anything in your address.	Be sure to change your address, if you want.	entailment	<pad> entailment</s>
359	I'm sorry I didn't change anything in your address.	The School of Nursing needs your help to promote and communicate the excellence of nursing.	contradiction	<pad> entailment</s>
360	You can donate $100 million to the School of Nursing Science, or you'll lose your statue.	You cannot be righteous because we are all wicked.	contradiction	<pad> entailment</s>
361	You can donate $100 million to the School of Nursing Science, or you'll lose your statue.	There was no indication that an al-Qaeda operative had traveled to Bosnia.	entailment	<pad> entailment</s>
362	You can donate $100 million to the School of Nursing Science, or you'll lose your statue.	Jane requests that the FISA consent form be signed.	neutral	<pad> entailment</s>
363	Jane did not mention that a FISA approval was required.	Nothing drastic has been done to change the situation.	contradiction	<pad> entailment</s>
364	Jane did not mention that a FISA approval was required.	They have worked hard to get back together.	neutral	<pad> entailment</s>
365	Jane did not mention that a FISA approval was required.	The analyst points to an open eyelid.	entailment	<pad> entailment</s>
366	The analyst was unclear on a number of points.	The analyst's report was so badly written that no one could read it.	neutral	<pad> entailment</s>
367	The analyst was unclear on a number of points.	The officers have received their assignments.	entailment	<pad> entailment</s>
368	The analyst was unclear on a number of points.	The officers are rushing to their assignments.	contradiction	<pad> entailment</s>
369	The officers sent them to check the age of the employees.	On September 9th, shocking news came from Afghanistan;	neutral	<pad> entailment</s>
370	The officers sent them to check the age of the employees.	We have news from Afghanistan.	entailment	<pad> entailment</s>
371	The officers sent them to check the age of the employees.	We didn't hear about Afghanistan until October.	contradiction	<pad> entailment</s>
372	We were told of the great battle of September 9.	The World Trade Center was hard to reach because the electricity was out and the phone lines were down.	contradiction	<pad> entailment</s>
373	We were told of the great battle of September 9.	Despite his misgivings, the administrator has offered help.	neutral	<pad> entailment</s>
374	We were told of the great battle of September 9.	Assistance included the cost of obtaining passports.	entailment	<pad> contradiction</s>
375	All activities related to terrorism are our top priority.	All issues related to terrorism will be given a thorough explanation.	contradiction	<pad> entailment</s>
376	All activities related to terrorism are our top priority.	All names of terrorists will be tried and acquitted.	entailment	<pad> entailment</s>
377	All activities related to terrorism are our top priority.	The officer who saw the south tower collapse, reported to the ESU unit in the north tower.	neutral	<pad> entailment</s>
378	No one was left in the north tower after the collapse of the south tower.	The south tower collapsed 30 minutes before the officer spoke to the ESU units in the north tower.	neutral	<pad> entailment</s>
379	No one was left in the north tower after the collapse of the south tower.	Officer was an eyewitness to the collapse of the South Tower.	entailment	<pad> entailment</s>
380	No one was left in the north tower after the collapse of the south tower.	And it's, I think, a molecular signal for the biosphere to be made to be viable for the parrot's nest community.	contradiction	<pad> entailment</s>
381	First-year students are better at solving puzzles than they are at solving real-life games.	Preschoolers do not need much help in learning to teach.	entailment	<pad> entailment</s>
382	First-year students are better at solving puzzles than they are at solving real-life games.	Preschoolers don't have the high-level skills to solve puzzles if the day doesn't help.	contradiction	<pad> entailment</s>
383	First-year students are better at solving puzzles than they are at solving real-life games.	[This country] was founded on liberty and equality.	neutral	<pad> neutral</s>
384	Documents supporting this view were written in a number of appendices.	Children can learn about the similarities and differences between people.	neutral	<pad> entailment</s>
385	Documents supporting this view were written in a number of appendices.	The best way to control firearms is to use both feet.	entailment	<pad> entailment</s>
386	Documents supporting this view were written in a number of appendices.	You have to use both hands if you want to learn how to use firearms.	contradiction	<pad> neutral</s>
387	The tables are not large for announcements and explanatory sheets.	Museums don't want to have announcements.	entailment	<pad> entailment</s>
388	The tables are not large for announcements and explanatory sheets.	The tablets are not in the booklets.	neutral	<pad> entailment</s>
389	The tables are not large for announcements and explanatory sheets.	One of the most powerful tools in museums is information.	contradiction	<pad> entailment</s>
390	Open-air markets are convenient places to shop in Beijing.	Beijing has open-air markets where you can find quality magazines.	neutral	<pad> entailment</s>
391	Open-air markets are convenient places to shop in Beijing.	The open markets in Beijing are the best in the world.	entailment	<pad> entailment</s>
392	Open-air markets are convenient places to shop in Beijing.	The water and the shore are always clear.	contradiction	<pad> neutral</s>
393	The water and the shore may be polluted.	Water is polluted by pollution.	neutral	<pad> entailment</s>
394	The water and the shore may be polluted.	The skyscrapers are banks, and the street where it is located is called the Golden Mile.	entailment	<pad> contradiction</s>
395	The water and the shore may be polluted.	No skyscraper on the Golden Mile is a bank.	contradiction	<pad> entailment</s>
396	The skyscrapers on the Golden Mile are banks.	The skyscrapers on the Golden Mile are home to a number of businesses, including banks.	contradiction	<pad> entailment</s>
397	The skyscrapers on the Golden Mile are banks.	They were five hundred miles off the coast.	entailment	<pad> contradiction</s>
398	The skyscrapers on the Golden Mile are banks.	Kubilai Khan established the capital in Taiwan.	neutral	<pad> entailment</s>
399	Kublai Khan with money in Beijing	Kublai Khan was the recipient of the medal.	entailment	<pad> entailment</s>
400	Kublai Khan with money in Beijing	The Jews of Central Europe live in harmony with everyone.	contradiction	<pad> entailment</s>
401	Kublai Khan with money in Beijing	The Jews don't want them with the rest of the wine.	neutral	<pad> entailment</s>
402	The Jews are easily assimilated into the English-speaking population.	If at all possible, get used to sneaking in.	entailment	<pad> entailment</s>
403	The Jews are easily assimilated into the English-speaking population.	Don't pre-empt the plot; it will spoil the fun later.	contradiction	<pad> entailment</s>
404	The Jews are easily assimilated into the English-speaking population.	Try to get some insight into the plot beforehand, if you can.	neutral	<pad> entailment</s>
405	You'll find school easier if you take away the tricks of the book.	His funeral carts are made of wood.	contradiction	<pad> entailment</s>
406	You'll find school easier if you take away the tricks of the book.	Remember to hide all your carry-on items from the monkeys.	neutral	<pad> entailment</s>
407	You'll find school easier if you take away the tricks of the book.	In all, there were 10,000 Milreans.	entailment	<pad> neutral</s>
408	Milreu was part of the city.	The water temperature fluctuates between 18 and 24 ¬∞C (64-75 ¬∞F)	neutral	<pad> entailment</s>
409	Milreu was part of the city.	The temperature of the oceans fluctuates constantly but never drops below freezing.	entailment	<pad> neutral</s>
410	Milreu was part of the city.	The temperature of the ocean is constant at a fixed point throughout the year.	contradiction	<pad> neutral</s>
411	Temperature values are typically higher in the daytime, when the temperature is higher.	Kinabalu National Park is one of six national parks.	contradiction	<pad> neutral</s>
412	Temperature values are typically higher in the daytime, when the temperature is higher.	Kinabalu National Park is home to ten elephants and six rhinos.	entailment	<pad> neutral</s>
413	Temperature values are typically higher in the daytime, when the temperature is higher.	The state has protected areas, you will find Kinabalu National Park.	neutral	<pad> neutral</s>
414	All three are protected by the government.	Otto Frank was arrested on Tuesday.	neutral	<pad> contradiction</s>
415	All three are protected by the government.	Otto Frank has survived in hiding for more than 25 months.	entailment	<pad> contradiction</s>
416	All three are protected by the government.	Otto Frank went into hiding until the Nazis found him.	contradiction	<pad> contradiction</s>
417	Humans are able to recall evil imprints in the heart.	A well-written text is easier to remember than a poorly written one.	contradiction	<pad> entailment</s>
418	Humans are able to recall evil imprints in the heart.	Well-written texts are expensive to mass-produce.	neutral	<pad> entailment</s>
419	Humans are able to recall evil imprints in the heart.	Other rains will cloud the memories.	entailment	<pad> contradiction</s>
420	I never spoke to him again	No one ever tells me that I need to date	neutral	<pad> entailment</s>
421	I never spoke to him again	I am told that a man has been summoned to meet me	entailment	<pad> contradiction</s>
422	I never spoke to him again	the man arrived late	contradiction	<pad> contradiction</s>
423	all of you don't talk to the club	I'd like to tell you all that I know about this matter	contradiction	<pad> entailment</s>
424	all of you don't talk to the club	By not talking about the history of this city to talk about too much	entailment	<pad> entailment</s>
425	all of you don't talk to the club	I don't know why this has happened	neutral	<pad> entailment</s>
426	I don't know why she went to another school	I don't want to be the only one who uses regulators for tests	neutral	<pad> entailment</s>
427	I don't know why she went to another school	the tests were conducted in a miniature altitude chamber	contradiction	<pad> neutral</s>
428	I don't know why she went to another school	some of us ran to the regulators to try it out	entailment	<pad> entailment</s>
429	to this day I am still working	I have been retired since 2002	neutral	<pad> entailment</s>
430	to this day I am still working	Rick told me that I'm retired.	contradiction	<pad> entailment</s>
431	to this day I am still working	I have a cash flow forecast on my desk and, in fact, it belongs to Cutty Machine, which is the client's name	entailment	<pad> entailment</s>
432	Our client by the name of Cutty earns $10,000 every month	There's a client named Cutty	neutral	<pad> entailment</s>
433	Our client by the name of Cutty earns $10,000 every month	We don't have a client named Cutty	contradiction	<pad> contradiction</s>
434	Our client by the name of Cutty earns $10,000 every month	I know a woman who can help me, but she lives far away	entailment	<pad> entailment</s>
435	The only woman you can help me with lives far away.	the woman who will help me is 5 miles away from that place	contradiction	<pad> entailment</s>
436	The only woman you can help me with lives far away.	No One Can Help Me	entailment	<pad> contradiction</s>
437	The only woman you can help me with lives far away.	but they were going to separate to find out who were the local children, and who were the children of the house, it was....	neutral	<pad> entailment</s>
438	Agree to work together in the field	they couldn't agree on the question of who I asked for crafts, and who were the children of the house	neutral	<pad> contradiction</s>
439	Agree to work together in the field	they could agree to choose who would work the cotton fields, and who would sweep the floors	contradiction	<pad> contradiction</s>
440	Agree to work together in the field	I would like to say that they had only five children, one of them died	entailment	<pad> contradiction</s>
441	All Their Children Survived	it is estimated that one in five children will die	neutral	<pad> entailment</s>
442	All Their Children Survived	the child who died was sick	entailment	<pad> entailment</s>
443	All Their Children Survived	he quickly wiped away his tears after he threw Joe out of the veranda	contradiction	<pad> entailment</s>
444	he started to cry because the joy of seeing Joe was too much	radiation can also be contained in a fire	contradiction	<pad> neutral</s>
445	he started to cry because the joy of seeing Joe was too much	Radiation may be emitted from a lead-containing component after an aircraft fire.	entailment	<pad> neutral</s>
446	he started to cry because the joy of seeing Joe was too much	Radiation cannot be emitted by fire	neutral	<pad> neutral</s>
447	This is Sergeant-Major Chief Clem Francis, a retired member of the United States Air Force.	The officer is a retired US Air Force officer	contradiction	<pad> entailment</s>
448	This is Sergeant-Major Chief Clem Francis, a retired member of the United States Air Force.	your boss just retired a few weeks ago	neutral	<pad> entailment</s>
449	This is Sergeant-Major Chief Clem Francis, a retired member of the United States Air Force.	Chief of Staff of the US Air Force assumed his duties this week	entailment	<pad> entailment</s>
450	So, it became a hub for two or three flights a week, and I don't know which destinations they were going to.	airplanes the river flows every week	contradiction	<pad> contradiction</s>
451	So, it became a hub for two or three flights a week, and I don't know which destinations they were going to.	no plane has landed yet	neutral	<pad> entailment</s>
452	So, it became a hub for two or three flights a week, and I don't know which destinations they were going to.	it takes a very long time to learn how to use a full pressure suit	entailment	<pad> neutral</s>
453	we'll teach you how to use a pressure suit before last year	I would like to say that there was no danger of getting inside the bombs because they can't explode even if the bomb is dropped very low.	neutral	<pad> entailment</s>
454	we'll teach you how to use a pressure suit before last year	The pilot defused the bomb	contradiction	<pad> entailment</s>
455	we'll teach you how to use a pressure suit before last year	The bomb could not have exploded	entailment	<pad> entailment</s>
456	there was a high risk that the bomb would explode	what does it look like that is exactly what I am trying to do	entailment	<pad> entailment</s>
457	there was a high risk that the bomb would explode	I don't know what it's like to choose you	contradiction	<pad> entailment</s>
458	there was a high risk that the bomb would explode	it looks like I'm trying to do that	neutral	<pad> entailment</s>
459	I'll try to finish my project next week	in any case, the animals will still die, especially the goats	entailment	<pad> entailment</s>
460	I'll try to finish my project next week	the goats will leave their nest every day	neutral	<pad> entailment</s>
461	I'll try to finish my project next week	Goats were often slaughtered in the fields	contradiction	<pad> entailment</s>
462	The goats have been well cared for	the doors were locked when we arrived	contradiction	<pad> contradiction</s>
463	The goats have been well cared for	All the doors were open	entailment	<pad> entailment</s>
464	The goats have been well cared for	or swallowed a snail	neutral	<pad> contradiction</s>
465	we entered even though the doors were locked	With it, we just had to take the totals and try to graph them.	contradiction	<pad> entailment</s>
466	we entered even though the doors were locked	I don't know what to do with the totals, please give me the details to reduce this mess.	entailment	<pad> neutral</s>
467	we entered even though the doors were locked	then the calculator is followed by the results	neutral	<pad> entailment</s>
468	they were expelled this year	including factors such as short delays, removal of original computer files, and lack of access to necessary documents	neutral	<pad> entailment</s>
469	they were expelled this year	Afterwards, a representative who made the initial visit receives the supplier of the mouse to answer questions, to discuss the problems identified in the reclamation sample	entailment	<pad> entailment</s>
470	they were expelled this year	Savings doesn't affect the stock of income, but wealth does influence the choice of savings	contradiction	<pad> entailment</s>
471	For example, an organization that we helped acquired two mergers that required the company to rapidly integrate local contracts and restructure to meet business needs.	even if there were two mergers, the company didn't need to restructure its hierarchy	entailment	<pad> contradiction</s>
472	For example, an organization that we helped acquired two mergers that required the company to rapidly integrate local contracts and restructure to meet business needs.	the merger of two companies into one organization and restructuring has led to a very hostile work environment	neutral	<pad> entailment</s>
473	For example, an organization that we helped acquired two mergers that required the company to rapidly integrate local contracts and restructure to meet business needs.	We examined a company that underwent a merger and subsequently restructured in order to respond to business demands.	contradiction	<pad> entailment</s>
474	when we did that, we were worried that the payments would be authorized before we could verify that the trip had actually taken place	Advanced planning software is one of the most important technologies that companies are looking for	neutral	<pad> entailment</s>
475	when we did that, we were worried that the payments would be authorized before we could verify that the trip had actually taken place	two concepts that appear in time and literature may help research in the future	contradiction	<pad> entailment</s>
476	when we did that, we were worried that the payments would be authorized before we could verify that the trip had actually taken place	literature may change the form or test samples	entailment	<pad> entailment</s>
477	literature can change research in the future	nothing else can be done to change the research	entailment	<pad> entailment</s>
478	literature can change research in the future	these lines are the number of cases indicating the level of availability of all shippers combined, and these lines are the number of diamonds indicating the technical losses (if negative) of the transfer of work from one to the other	neutral	<pad> entailment</s>
479	literature can change research in the future	The lines are only a calculator of the level of safety of the shippers and are 10%	contradiction	<pad> entailment</s>
480	the lines are only showing the route	the lines indicate the status of all the shippers	neutral	<pad> entailment</s>
481	the lines are only showing the route	Following the risk assessment, Centerlink developed a set of specific prevention strategies to inform beneficiaries and users of the elements for the revenue declaration	contradiction	<pad> entailment</s>
482	the lines are only showing the route	Centrelink didn't know about your traiter issue	entailment	<pad> entailment</s>
483	Centerlink has developed several strategies to educate the public on how to file tax returns because mistakes cost the state a lot of money.	Cneterlink has many strategies to teach children how to file an income tax return	contradiction	<pad> entailment</s>
484	Centerlink has developed several strategies to educate the public on how to file tax returns because mistakes cost the state a lot of money.	It can help to create demonstrations and help companies avoid, in the pilot phase, investing heavily in equipment and production tools to create representative prototypes of the finished product.	entailment	<pad> neutral</s>
485	Centerlink has developed several strategies to educate the public on how to file tax returns because mistakes cost the state a lot of money.	may also indicate how the principle of operation...	neutral	<pad> entailment</s>
486	they could show the company that it wasn't smart to build factories there	he didn't know I was studying to show the impact of investments	neutral	<pad> entailment</s>
487	they could show the company that it wasn't smart to build factories there	South Carolina's collective efforts have made the coming year a success	entailment	<pad> entailment</s>
488	they could show the company that it wasn't smart to build factories there	Submitted by a committee representative, the 605 certifications were distributed by the Chief Counsel for the Promotion of Small Business Administration of the Small Business Administration (SBA).	contradiction	<pad> entailment</s>
489	the board did not issue any SBA certification, and it was left to the assessor's office	First, individuals can participate by making a donation of $1,000 to the Chancellor's Circle, or $500 to the Chancellors Associates.	entailment	<pad> contradiction</s>
490	the board did not issue any SBA certification, and it was left to the assessor's office	simply remove the partition, select the appropriate option, make the necessary adjustments to your address and send it to the envelope provided	contradiction	<pad> entailment</s>
491	the board did not issue any SBA certification, and it was left to the assessor's office	The school of nursing met all the financial targets, because they don't need money	neutral	<pad> entailment</s>
492	80% of the participants need to demonstrate a high level of skill and knowledge in order to provide solutions to the problem	more than half of the participants will demonstrate their skills to provide a solution	neutral	<pad> entailment</s>
493	80% of the participants need to demonstrate a high level of skill and knowledge in order to provide solutions to the problem	only one quarter of the participants will demonstrate organizational skills	entailment	<pad> contradiction</s>
494	80% of the participants need to demonstrate a high level of skill and knowledge in order to provide solutions to the problem	attendance more than 100 participants	contradiction	<pad> entailment</s>
495	bo eviter is standing on the list of perimeter donors	it would be a pity if you stopped donating	contradiction	<pad> entailment</s>
496	bo eviter is standing on the list of perimeter donors	The list of donors who are tired of donating is published publicly, believe me, I don't believe that you would want to be embarrassed in such a way	neutral	<pad> entailment</s>
497	bo eviter is standing on the list of perimeter donors	we have a lot of money, so stop giving	entailment	<pad> entailment</s>
498	only people with a computer and a modem will be admitted to the establishment	there is no requirement for people to enter the field	neutral	<pad> entailment</s>
499	only people with a computer and a modem will be admitted to the establishment	users are required to have a computer with a modem to log in	contradiction	<pad> entailment</s>
500	only people with a computer and a modem will be admitted to the establishment	people should bring their computers and modems with them to the site	entailment	<pad> entailment</s>
501	you sold your tickets and your subscriptions are not enough for me to finance us for the season	if we don't stop selling tickets, our whole season will be a financial one	contradiction	<pad> entailment</s>
502	you sold your tickets and your subscriptions are not enough for me to finance us for the season	we need more money than we have to finance our season (just sell tickets and subscriptions)	entailment	<pad> entailment</s>
503	you sold your tickets and your subscriptions are not enough for me to finance us for the season	The sales of tickets and subscriptions cover only 70% of the financing costs for each season	neutral	<pad> entailment</s>
504	arrivals are here! every gift will make a difference	All donations are recorded and announced in our monthly newsletter	neutral	<pad> contradiction</s>
505	arrivals are here! every gift will make a difference	every gift is important	entailment	<pad> entailment</s>
506	arrivals are here! every gift will make a difference	only gifts worth more than $100 are valid	contradiction	<pad> contradiction</s>
507	we still have a long way to go before we reach our goal of $ 365,000 from your friends and subscribers	our funding goal is more than $300,000	entailment	<pad> entailment</s>
508	we still have a long way to go before we reach our goal of $ 365,000 from your friends and subscribers	we are thinking of tripling our financial objective	neutral	<pad> entailment</s>
509	we still have a long way to go before we reach our goal of $ 365,000 from your friends and subscribers	we have nothing that can be compared to money	contradiction	<pad> contradiction</s>
510	Our civil practice clinic has been in operation for many years and we have recently added a criminal defense clinic.	our civil practice clinic has been in operation for eight years	neutral	<pad> entailment</s>
511	Our civil practice clinic has been in operation for many years and we have recently added a criminal defense clinic.	our clinic of civil practice may celebrate its first anniversary this month	contradiction	<pad> entailment</s>
512	Our civil practice clinic has been in operation for many years and we have recently added a criminal defense clinic.	The civil procedure law came into effect last year	entailment	<pad> entailment</s>
513	revenues are billets that do not cover cout are programs that	The amount of money for the programs that comes from the sales of tickets will not be enough	neutral	<pad> entailment</s>
514	revenues are billets that do not cover cout are programs that	these programs can be too expensive	contradiction	<pad> entailment</s>
515	revenues are billets that do not cover cout are programs that	The revenue from the sale of tickets can cover the cost of the programs	entailment	<pad> entailment</s>
516	The roommate who rented a room in Hazmi and Mihdhar in 2000 is a law-abiding citizen with a decades-long good reputation with the local police and the FBI	On a trip to Bosnia, there is an intelligence report, interviewing a Swedish al Qaeda member, dated October 3, 2001.	neutral	<pad> entailment</s>
517	The roommate who rented a room in Hazmi and Mihdhar in 2000 is a law-abiding citizen with a decades-long good reputation with the local police and the FBI	Jane asks the New York-based agent to examine Mihdhar's research and sign a confession form stating that the money revealed the source of the FISA information.	contradiction	<pad> entailment</s>
518	The roommate who rented a room in Hazmi and Mihdhar in 2000 is a law-abiding citizen with a decades-long good reputation with the local police and the FBI	Jane requested that a FISA confirmation form be signed by a federal judge.	entailment	<pad> contradiction</s>
519	Nothing unusual for them, following a security measure that was crucial to the control at the checkpoint.	Your only proof was found at the inspection at the control post	entailment	<pad> entailment</s>
520	Nothing unusual for them, following a security measure that was crucial to the control at the checkpoint.	Checks at checkpoints are performed solely on the intuition of the customs agents performing the checks.	contradiction	<pad> entailment</s>
521	Nothing unusual for them, following a security measure that was crucial to the control at the checkpoint.	His discovery would have required the immediate and full cooperation of the German government, which would have been difficult to obtain.	neutral	<pad> contradiction</s>
522	The analyst's email indicates that he was aware of a significant range of safeguards and legal obstacles to the sharing of information as well as regulatory requirements for the use by criminal agents of information obtained through intelligence means.	Some officers were deployed to support the evacuation of the stairwells; others were tasked with speeding up the evacuation of the esplanade, the entrance hall and the subway station.	neutral	<pad> neutral</s>
523	The analyst's email indicates that he was aware of a significant range of safeguards and legal obstacles to the sharing of information as well as regulatory requirements for the use by criminal agents of information obtained through intelligence means.	Your inability to communicate was a contributing factor in the attacks on the World Trade Center, the Pentagon, Somerset County, and Pennsylvania, where many agencies and administrations were involved.	entailment	<pad> contradiction</s>
524	The analyst's email indicates that he was aware of a significant range of safeguards and legal obstacles to the sharing of information as well as regulatory requirements for the use by criminal agents of information obtained through intelligence means.	communication was successful on September 11	contradiction	<pad> entailment</s>
525	people couldn't get to the World Trade Center	searching through these easily accessible databases led to obtaining driver's licenses, vehicle registrations and telephone directories	contradiction	<pad> entailment</s>
526	people couldn't get to the World Trade Center	the researchers requested your company to enter their professional data	neutral	<pad> entailment</s>
527	people couldn't get to the World Trade Center	A lot of information was available in the existing database	entailment	<pad> entailment</s>
528	no information was available on these subjects so I use the available sources	I'm betting that because of a dispute over the transaction, the administrator pulled Hazmi and Mihdhar aside, but after getting the help he needed	neutral	<pad> entailment</s>
529	no information was available on these subjects so I use the available sources	the administrator called the staff urgently, then refused to help with the matter	entailment	<pad> entailment</s>
530	no information was available on these subjects so I use the available sources	In 2003, its designation was removed; cases of international terrorism are now numbered the same, 315.	contradiction	<pad> entailment</s>
531	Omnia vincit amor (only if you work for the Weekly Standard): Brit Hume (for the Fox News Sunday show) wonders why Lewinsky is no longer a candidate for vice president.	we did our best to engage Michael Apted to bring humanity back into the series	neutral	<pad> entailment</s>
532	Omnia vincit amor (only if you work for the Weekly Standard): Brit Hume (for the Fox News Sunday show) wonders why Lewinsky is no longer a candidate for vice president.	Michael Apted ruined the entire series by insisting that they remove all the good elements, humans.	contradiction	<pad> entailment</s>
533	Omnia vincit amor (only if you work for the Weekly Standard): Brit Hume (for the Fox News Sunday show) wonders why Lewinsky is no longer a candidate for vice president.	Michael Apted was hired to enhance his personal quality in the series	entailment	<pad> entailment</s>
534	The series seemed so cold and boring, it took Michael Apted to figure out the right environment, a touch of his own air to fix it	looking at the woman in the white fur park with the boots	entailment	<pad> entailment</s>
535	The series seemed so cold and boring, it took Michael Apted to figure out the right environment, a touch of his own air to fix it	what the film fails to show is that Kaufman was talking about how he would like his death to be	contradiction	<pad> entailment</s>
536	The series seemed so cold and boring, it took Michael Apted to figure out the right environment, a touch of his own air to fix it	the film doesn't mention Kaufman talking about his death	neutral	<pad> contradiction</s>
537	The film included a valuable interview with Kaufman about his death	the movie made a lot of money, except for some of Kaufman's details	entailment	<pad> entailment</s>
538	The film included a valuable interview with Kaufman about his death	Rockefeller was caught in a panic when Avenging Angel Tarbell began to tear his hand off McClure's body.	neutral	<pad> contradiction</s>
539	The film included a valuable interview with Kaufman about his death	Rockefeller has donated to cancer research.	contradiction	<pad> entailment</s>
540	Recently, in a commercial case in New York, Klayman was accused of ethnic bias.	Klayman didn't think he could be prosecuted for his tribalism.	neutral	<pad> entailment</s>
541	Recently, in a commercial case in New York, Klayman was accused of ethnic bias.	there were people who accused Klayman of tribalism	entailment	<pad> entailment</s>
542	Recently, in a commercial case in New York, Klayman was accused of ethnic bias.	no one thought that the room would be filled with representatives of the enterprises, so I slept on the couch insulting the Secretary of Labor of the United States	contradiction	<pad> entailment</s>
543	the representatives of the companies wear costumes	we were waiting for the company representatives to start whistling	entailment	<pad> entailment</s>
544	the representatives of the companies wear costumes	we didn't expect the representatives of the companies to blow their whistles	neutral	<pad> entailment</s>
545	the representatives of the companies wear costumes	it's not because culture has a detrimental effect on athletic performance, it's nature that does	contradiction	<pad> entailment</s>
546	all athletes are born strong with all of them	The strength of the athlete depends more on the training than on the blood	neutral	<pad> contradiction</s>
547	all athletes are born strong with all of them	serious athletes train at least eight hours a week	entailment	<pad> entailment</s>
548	all athletes are born strong with all of them	One day at home, I heard the news that the United States had cut off supplies to two airplanes	contradiction	<pad> neutral</s>
549	I am interested in politics	I heard the news from America	contradiction	<pad> entailment</s>
550	I am interested in politics	I heard the news that the United States is going to bring back two types of supplies.	entailment	<pad> entailment</s>
551	I am interested in politics	the oldest and most prestigious press in the world--Oxford-- has just announced the cancellation of their poetry list	neutral	<pad> entailment</s>
552	the list of oxford poetry has become exhausted	prestigious universities no longer have the money to keep the list of universities active	contradiction	<pad> entailment</s>
553	the list of oxford poetry has become exhausted	the university is dedicated to the preservation of the poetry collection and promises to cancel it if you don't attend	neutral	<pad> entailment</s>
554	the list of oxford poetry has become exhausted	The consolation prize for humanity is, of course, that.	entailment	<pad> entailment</s>
555	The consolation prize is a free two-speed mixer for everyone	one advantage is for everyone in this situation	entailment	<pad> entailment</s>
556	The consolation prize is a free two-speed mixer for everyone	it's not bad news for people	contradiction	<pad> entailment</s>
557	The consolation prize is a free two-speed mixer for everyone	sport is not an event that people can bet on on these sites	neutral	<pad> entailment</s>
558	Parties to political debates and elections are recognized by these sites	these sites only allow betting on sporting events	neutral	<pad> contradiction</s>
559	Parties to political debates and elections are recognized by these sites	these sites get the best of the best with lots of activities	contradiction	<pad> entailment</s>
560	Parties to political debates and elections are recognized by these sites	On August 25, after attending the Democratic convention in Atlantic City, N.J. Johnson, at the age of 56, threatened to walk into the presidential palace in three recorded conversations.	entailment	<pad> entailment</s>
561	Johnson noticed that the bra was missing.	johnson should not think about fighting	neutral	<pad> contradiction</s>
562	Johnson noticed that the bra was missing.	johnson warned me not to move	contradiction	<pad> contradiction</s>
563	Johnson noticed that the bra was missing.	Lamar Alexandre resigned from his post as president	entailment	<pad> neutral</s>
564	at least one person has given up trying to become president	Lamar Alexandre refuses to give up his presidential campaign	neutral	<pad> contradiction</s>
565	at least one person has given up trying to become president	M. Alexandre was obliged to abandon after the publication of the photo and he was very embarrassed	contradiction	<pad> entailment</s>
566	at least one person has given up trying to become president	I'm going to add to this the violation of civil liberties laws, the failure of the FBI and the White House investigation to investigate the travel agency, and the so-called Filegate case.	entailment	<pad> entailment</s>
567	The White House is using the FBI as it should	Tung has vowed to take action against real estate speculators, but many of them expect him to do nothing.	neutral	<pad> entailment</s>
568	The White House is using the FBI as it should	Tung azo is afraid of real estate speculators if you don't move	contradiction	<pad> entailment</s>
569	The White House is using the FBI as it should	Tung is convinced that real estate speculators are not practicing ethics	entailment	<pad> entailment</s>
570	Tung wants to influence real estate speculators	The complaints included baggage problems, lazy civil servants, robberies, and exorbitant prices.	contradiction	<pad> contradiction</s>
571	Tung wants to influence real estate speculators	10 people lost their luggage	entailment	<pad> entailment</s>
572	Tung wants to influence real estate speculators	people are crying over their luggage	neutral	<pad> entailment</s>
573	no complaint has been received	Lawrence Singleton, a master thief who cut off a man's hands before serving 20 years in prison for a crime he did not commit, was arrested for stabbing a woman in Florida.	neutral	<pad> entailment</s>
574	no complaint has been received	After cutting off someone's arms, he tried to hide them in the trash	contradiction	<pad> entailment</s>
575	no complaint has been received	for everyone it seemed that his being in prison had turned him into a better person	entailment	<pad> entailment</s>
576	Father Singleton is a convicted felon in Florida.	For Charles Lane, of the New Republic, the newspaper Enl√®vement added to the historical injustice of leaking the news of Gabriel Garc√≠a M√°rquez.	contradiction	<pad> entailment</s>
577	Father Singleton is a convicted felon in Florida.	there are clowns in the palace of justice	entailment	<pad> entailment</s>
578	Father Singleton is a convicted felon in Florida.	it's because the mothers use marijuana	neutral	<pad> entailment</s>
579	mothers want drinks	mothers don't have prescriptions or medications	entailment	<pad> entailment</s>
580	mothers want drinks	mothers who use drugs	contradiction	<pad> contradiction</s>
581	mothers want drinks	don't let the rain bother me	neutral	<pad> entailment</s>
582	today is a beautiful day and it's raining	ho what is the value of human life and whether or not you can rehabilitate a person	neutral	<pad> entailment</s>
583	today is a beautiful day and it's raining	no one deserves to be rehabilitated	entailment	<pad> entailment</s>
584	today is a beautiful day and it's raining	Regardless of the rehabilitation, a person's life is in danger	contradiction	<pad> entailment</s>
585	your motor won't work properly	I've never seen a wiring problem like this before	contradiction	<pad> entailment</s>
586	your motor won't work properly	the wiring is not a problem	entailment	<pad> entailment</s>
587	your motor won't work properly	something is coming out of this electrical wiring	neutral	<pad> entailment</s>
588	it really bothers me. it really amazes me what they allow to happen	I've never seen them be so indulgent	contradiction	<pad> entailment</s>
589	it really bothers me. it really amazes me what they allow to happen	he was buried at a depth of 20m	neutral	<pad> entailment</s>
590	it really bothers me. it really amazes me what they allow to happen	he is a highly paid civil servant	entailment	<pad> entailment</s>
591	store your belongings if there are any bags	cockroaches take care of many things, including your belongings and	entailment	<pad> entailment</s>
592	store your belongings if there are any bags	there is no need for you to store your belongings	neutral	<pad> contradiction</s>
593	store your belongings if there are any bags	1400 years before the construction of the Palazzo d'Estei, Milreu was also home to the campaign of the most important	contradiction	<pad> entailment</s>
594	Milreu was on the campaign	inside this basin there is one that contains a number of pieces that foreigners throw in the hope of a bouncing frog is your luck luck	entailment	<pad> entailment</s>
595	Milreu was on the campaign	on the Prinsengracht, Otto Frank and his daughter were baptized in the attic of their shop two years before they were discovered	contradiction	<pad> contradiction</s>
596	Milreu was on the campaign	We can keep the cost down if we really want to, not with your money, but our boss likes his little comfort.	neutral	<pad> contradiction</s>
597	I mentioned it in a letter I sent to the doctor. He laughed, and he sent me a fruit cake for Christmas	The team was initially known for its memorable appearance in the Bean Eaters, which can also be translated as the Indians	contradiction	<pad> entailment</s>
598	I mentioned it in a letter I sent to the doctor. He laughed, and he sent me a fruit cake for Christmas	In addition, we have the unfortunate fact that eloquent writing is indeed sometimes forgettable, and this adds to the problems	neutral	<pad> entailment</s>
599	I mentioned it in a letter I sent to the doctor. He laughed, and he sent me a fruit cake for Christmas	There are more English-speaking people in Britain than in North America.	entailment	<pad> entailment</s>
